solid OpenSCAD_Model
  facet normal -0.643083 0.589417 -0.488909
    outer loop
      vertex 19.9624 -0.717162 1.48281
      vertex 19.6395 -0.608363 2.0387
      vertex 19.3244 -0.134096 3.02493
    endloop
  endfacet
  facet normal -0.643006 0.589522 -0.488884
    outer loop
      vertex 19.6395 -0.608363 2.0387
      vertex 19.9624 -0.717162 1.48281
      vertex 19.9573 -0.814328 1.37235
    endloop
  endfacet
  facet normal -0.621418 -0.613434 0.48738
    outer loop
      vertex 19.9459 1.03199 -1.10998
      vertex 19.9397 1.15115 -0.967906
      vertex 19.9095 1.02917 -1.15994
    endloop
  endfacet
  facet normal 0.633261 -0.598659 0.490498
    outer loop
      vertex 17.6026 2.45735 -0.0863361
      vertex 17.1857 1.30452 -0.955138
      vertex 17.2273 1.32446 -0.984509
    endloop
  endfacet
  facet normal 0.633549 -0.598567 0.490238
    outer loop
      vertex 17.1857 1.30452 -0.955138
      vertex 17.6026 2.45735 -0.0863361
      vertex 17.2518 2.36071 0.249018
    endloop
  endfacet
  facet normal 0.633584 -0.598545 0.49022
    outer loop
      vertex 17.6026 2.45735 -0.0863361
      vertex 17.2273 1.32446 -0.984509
      vertex 17.2844 1.26924 -1.12573
    endloop
  endfacet
  facet normal 0.999507 0.0313989 -2.59717e-18
    outer loop
      vertex 16.375 0 0.569402
      vertex 16.3427 1.02819 0.899896
      vertex 16.3427 1.02819 2.0387
    endloop
  endfacet
  facet normal 0.999507 0.0313989 -2.59717e-18
    outer loop
      vertex 16.3427 1.02819 0.899896
      vertex 16.375 0 0.569402
      vertex 16.375 0 -0.569402
    endloop
  endfacet
  facet normal 0.953812 0.255572 -0.157877
    outer loop
      vertex 16.6597 -1.06252 0.569402
      vertex 16.375 0 0.569402
      vertex 16.3427 1.02819 2.0387
    endloop
  endfacet
  facet normal -0.157743 -0.782372 0.602504
    outer loop
      vertex 18.5 1.55563 -1.55563
      vertex 19.1552 2.55503 -0.0863361
      vertex 18.3658 2.71419 -0.0863361
    endloop
  endfacet
  facet normal -0.616906 -0.6168 0.488861
    outer loop
      vertex 19.5934 1.34518 -1.15994
      vertex 19.8958 1.98768 0.0323145
      vertex 19.2778 1.34722 -1.55563
    endloop
  endfacet
  facet normal -0.616762 -0.616921 0.488889
    outer loop
      vertex 19.5934 1.34518 -1.15994
      vertex 19.9397 1.15115 -0.967906
      vertex 19.8958 1.98768 0.0323145
    endloop
  endfacet
  facet normal -0.616761 -0.616936 0.488872
    outer loop
      vertex 19.9397 1.15115 -0.967906
      vertex 19.5934 1.34518 -1.15994
      vertex 19.9095 1.02917 -1.15994
    endloop
  endfacet
  facet normal 0.207846 0.775696 -0.595899
    outer loop
      vertex 17.7718 -0.231775 3.02493
      vertex 18.5 -1.55563 1.55563
      vertex 17.7222 -1.34722 1.55563
    endloop
  endfacet
  facet normal 0.919634 0.309443 -0.241906
    outer loop
      vertex 16.6935 -0.0143528 2.0387
      vertex 16.6597 -1.06252 0.569402
      vertex 16.3427 1.02819 2.0387
    endloop
  endfacet
  facet normal 0.665711 -0.586375 0.461512
    outer loop
      vertex 17.0699 2.37056 0.500834
      vertex 16.6597 1.06252 -0.569402
      vertex 17.1052 2.38901 0.473357
    endloop
  endfacet
  facet normal 0.665341 -0.586532 0.461846
    outer loop
      vertex 16.6597 1.06252 -0.569402
      vertex 17.0699 2.37056 0.500834
      vertex 16.5601 2.10649 0.899896
    endloop
  endfacet
  facet normal 0.634233 -0.598119 0.4899
    outer loop
      vertex 16.6597 1.06252 -0.569402
      vertex 17.1672 2.33529 0.327504
      vertex 17.1052 2.38901 0.473357
    endloop
  endfacet
  facet normal 0.634348 -0.598087 0.48979
    outer loop
      vertex 17.1672 2.33529 0.327504
      vertex 16.6597 1.06252 -0.569402
      vertex 17.1857 1.30452 -0.955138
    endloop
  endfacet
  facet normal 0.6342 -0.598183 0.489865
    outer loop
      vertex 17.2518 2.36071 0.249018
      vertex 17.1672 2.33529 0.327504
      vertex 17.1857 1.30452 -0.955138
    endloop
  endfacet
  facet normal 0.203556 -0.759683 0.617614
    outer loop
      vertex 18.5 1.55563 -1.55563
      vertex 18.3658 2.71419 -0.0863361
      vertex 17.7222 1.34722 -1.55563
    endloop
  endfacet
  facet normal -0.204828 -0.764433 0.611299
    outer loop
      vertex 19.2778 1.34722 -1.55563
      vertex 19.1552 2.55503 -0.0863361
      vertex 18.5 1.55563 -1.55563
    endloop
  endfacet
  facet normal -0.60938 0.620792 -0.493228
    outer loop
      vertex 19.3244 -0.134096 3.02493
      vertex 19.6395 -0.608363 2.0387
      vertex 19.2778 -1.34722 1.55563
    endloop
  endfacet
  facet normal -0.569247 -0.657789 0.493226
    outer loop
      vertex 19.2778 1.34722 -1.55563
      vertex 19.5625 1.84034 -0.569402
      vertex 19.1552 2.55503 -0.0863361
    endloop
  endfacet
  facet normal 0.155449 0.770969 -0.61761
    outer loop
      vertex 18.5612 -0.39094 3.02493
      vertex 18.5 -1.55563 1.55563
      vertex 17.7718 -0.231775 3.02493
    endloop
  endfacet
  facet normal -0.658313 0.573515 -0.48755
    outer loop
      vertex 19.9785 0.409551 2.78971
      vertex 19.999 0.0195554 2.30327
      vertex 19.8569 0.469934 3.02493
    endloop
  endfacet
  facet normal 0.595519 0.636754 -0.489798
    outer loop
      vertex 17.3676 -1.28579 1.20539
      vertex 16.6935 -0.0143528 2.0387
      vertex 17.2322 -0.210991 2.43804
    endloop
  endfacet
  facet normal 0.595569 0.636747 -0.489746
    outer loop
      vertex 17.2844 -1.26924 1.12573
      vertex 16.6935 -0.0143528 2.0387
      vertex 17.3676 -1.28579 1.20539
    endloop
  endfacet
  facet normal 0.595537 0.636753 -0.489776
    outer loop
      vertex 16.6935 -0.0143528 2.0387
      vertex 17.2844 -1.26924 1.12573
      vertex 17.2273 -1.32446 0.984509
    endloop
  endfacet
  facet normal 0.626913 0.627259 -0.462089
    outer loop
      vertex 17.1857 -1.30452 0.955138
      vertex 16.6935 -0.0143528 2.0387
      vertex 17.2273 -1.32446 0.984509
    endloop
  endfacet
  facet normal 0.627213 0.627153 -0.461826
    outer loop
      vertex 16.6935 -0.0143528 2.0387
      vertex 17.1857 -1.30452 0.955138
      vertex 16.6597 -1.06252 0.569402
    endloop
  endfacet
  facet normal -0.252426 0.750071 -0.611289
    outer loop
      vertex 19.3244 -0.134096 3.02493
      vertex 19.2778 -1.34722 1.55563
      vertex 18.5612 -0.39094 3.02493
    endloop
  endfacet
  facet normal 0.937224 -0.251127 0.241964
    outer loop
      vertex 16.6597 1.06252 -0.569402
      vertex 16.5601 2.10649 0.899896
      vertex 16.375 0 -0.569402
    endloop
  endfacet
  facet normal 0.967986 -0.195159 0.157849
    outer loop
      vertex 16.375 0 -0.569402
      vertex 16.5601 2.10649 0.899896
      vertex 16.3427 1.02819 0.899896
    endloop
  endfacet
  facet normal 0.256136 -0.761109 0.595908
    outer loop
      vertex 17.7222 1.34722 -1.55563
      vertex 18.3658 2.71419 -0.0863361
      vertex 17.6026 2.45735 -0.0863361
    endloop
  endfacet
  facet normal 0.608612 -0.608496 0.509239
    outer loop
      vertex 17.3676 1.28579 -1.20539
      vertex 17.6026 2.45735 -0.0863361
      vertex 17.2844 1.26924 -1.12573
    endloop
  endfacet
  facet normal 0.608485 -0.608552 0.509324
    outer loop
      vertex 17.6026 2.45735 -0.0863361
      vertex 17.3676 1.28579 -1.20539
      vertex 17.7222 1.34722 -1.55563
    endloop
  endfacet
  facet normal -0.574984 -0.65713 0.487415
    outer loop
      vertex 19.5625 1.84034 -0.569402
      vertex 19.4797 2.49822 0.219873
      vertex 19.1552 2.55503 -0.0863361
    endloop
  endfacet
  facet normal -0.615086 0.619771 -0.487394
    outer loop
      vertex 19.6395 -0.608363 2.0387
      vertex 19.5934 -1.34518 1.15994
      vertex 19.2778 -1.34722 1.55563
    endloop
  endfacet
  facet normal -0.6186 0.617703 -0.485568
    outer loop
      vertex 19.9573 -0.814328 1.37235
      vertex 19.9459 -1.03199 1.10998
      vertex 19.9095 -1.02917 1.15994
    endloop
  endfacet
  facet normal -0.617865 0.618041 -0.486075
    outer loop
      vertex 19.5934 -1.34518 1.15994
      vertex 19.9573 -0.814328 1.37235
      vertex 19.9095 -1.02917 1.15994
    endloop
  endfacet
  facet normal -0.618054 0.618063 -0.485806
    outer loop
      vertex 19.9573 -0.814328 1.37235
      vertex 19.5934 -1.34518 1.15994
      vertex 19.6395 -0.608363 2.0387
    endloop
  endfacet
  facet normal -0.654156 0.577396 -0.488563
    outer loop
      vertex 19.3244 -0.134096 3.02493
      vertex 19.999 0.0195554 2.30327
      vertex 20 0 2.27882
    endloop
  endfacet
  facet normal -0.654375 0.576883 -0.488876
    outer loop
      vertex 19.999 0.0195554 2.30327
      vertex 19.3244 -0.134096 3.02493
      vertex 19.8569 0.469934 3.02493
    endloop
  endfacet
  facet normal -0.654376 0.576904 -0.48885
    outer loop
      vertex 19.3244 -0.134096 3.02493
      vertex 20 0 2.27882
      vertex 19.9624 -0.717162 1.48281
    endloop
  endfacet
  facet normal 0.569159 0.645542 -0.509248
    outer loop
      vertex 17.4112 -0.177802 2.69044
      vertex 17.7222 -1.34722 1.55563
      vertex 17.3242 -0.164332 2.61028
    endloop
  endfacet
  facet normal 0.569061 0.645578 -0.509312
    outer loop
      vertex 17.7222 -1.34722 1.55563
      vertex 17.4112 -0.177802 2.69044
      vertex 17.7718 -0.231775 3.02493
    endloop
  endfacet
  facet normal 0.594979 0.637087 -0.490021
    outer loop
      vertex 17.7222 -1.34722 1.55563
      vertex 17.2693 -0.225227 2.46445
      vertex 17.3242 -0.164332 2.61028
    endloop
  endfacet
  facet normal 0.593991 0.637365 -0.490857
    outer loop
      vertex 17.7222 -1.34722 1.55563
      vertex 17.2322 -0.210991 2.43804
      vertex 17.2693 -0.225227 2.46445
    endloop
  endfacet
  facet normal 0.594642 0.6372 -0.490283
    outer loop
      vertex 17.2322 -0.210991 2.43804
      vertex 17.7222 -1.34722 1.55563
      vertex 17.3676 -1.28579 1.20539
    endloop
  endfacet
  facet normal -0.206568 0.770926 -0.602497
    outer loop
      vertex 18.5612 -0.39094 3.02493
      vertex 19.2778 -1.34722 1.55563
      vertex 18.5 -1.55563 1.55563
    endloop
  endfacet
  facet normal -0.578172 -0.655454 0.485898
    outer loop
      vertex 19.7952 2.22014 0.219913
      vertex 19.8904 2.09057 0.158408
      vertex 19.8669 2.23936 0.331156
    endloop
  endfacet
  facet normal -0.577836 -0.655523 0.486204
    outer loop
      vertex 19.8908 2.08363 0.149481
      vertex 19.7952 2.22014 0.219913
      vertex 19.4797 2.49822 0.219873
    endloop
  endfacet
  facet normal -0.579814 -0.655622 0.483711
    outer loop
      vertex 19.7952 2.22014 0.219913
      vertex 19.8908 2.08363 0.149481
      vertex 19.8904 2.09057 0.158408
    endloop
  endfacet
  facet normal -0.578009 -0.655634 0.48585
    outer loop
      vertex 19.8908 2.08363 0.149481
      vertex 19.4797 2.49822 0.219873
      vertex 19.5625 1.84034 -0.569402
    endloop
  endfacet
  facet normal -0.604834 -0.628578 0.488944
    outer loop
      vertex 19.5625 1.84034 -0.569402
      vertex 19.8958 1.98768 0.0323145
      vertex 19.8908 2.08363 0.149481
    endloop
  endfacet
  facet normal -0.604744 -0.628683 0.48892
    outer loop
      vertex 19.8958 1.98768 0.0323145
      vertex 19.5625 1.84034 -0.569402
      vertex 19.2778 1.34722 -1.55563
    endloop
  endfacet
  facet normal -0.298565 0.73166 -0.612807
    outer loop
      vertex 19.2947 1.07955 4.48843
      vertex 19.3244 -0.134096 3.02493
      vertex 18.5491 0.775296 4.48843
    endloop
  endfacet
  facet normal 0.555431 0.671901 -0.489944
    outer loop
      vertex 17.4112 -0.177802 2.69044
      vertex 16.6615 1.03387 3.5022
      vertex 17.2044 0.908533 3.94578
    endloop
  endfacet
  facet normal 0.555442 0.6719 -0.489932
    outer loop
      vertex 17.3242 -0.164332 2.61028
      vertex 16.6615 1.03387 3.5022
      vertex 17.4112 -0.177802 2.69044
    endloop
  endfacet
  facet normal 0.555649 0.671871 -0.489739
    outer loop
      vertex 16.6615 1.03387 3.5022
      vertex 17.3242 -0.164332 2.61028
      vertex 17.2693 -0.225227 2.46445
    endloop
  endfacet
  facet normal 0.555288 0.671986 -0.489989
    outer loop
      vertex 17.7718 -0.231775 3.02493
      vertex 17.2244 0.903835 3.96199
      vertex 17.2802 0.973145 4.12028
    endloop
  endfacet
  facet normal 0.555114 0.672023 -0.490136
    outer loop
      vertex 17.7718 -0.231775 3.02493
      vertex 17.2044 0.908533 3.94578
      vertex 17.2244 0.903835 3.96199
    endloop
  endfacet
  facet normal 0.555179 0.67201 -0.49008
    outer loop
      vertex 17.2044 0.908533 3.94578
      vertex 17.7718 -0.231775 3.02493
      vertex 17.4112 -0.177802 2.69044
    endloop
  endfacet
  facet normal -0.672995 0.55426 -0.489769
    outer loop
      vertex 19.972 0.534539 2.94097
      vertex 19.6389 0.626009 3.5022
      vertex 19.2947 1.07955 4.48843
    endloop
  endfacet
  facet normal -0.673189 0.553965 -0.489836
    outer loop
      vertex 19.6389 0.626009 3.5022
      vertex 19.972 0.534539 2.94097
      vertex 19.9772 0.435864 2.82223
    endloop
  endfacet
  facet normal -0.156184 -0.774641 0.612811
    outer loop
      vertex 19.1552 2.55503 -0.0863361
      vertex 18.957 3.75275 1.37716
      vertex 18.3658 2.71419 -0.0863361
    endloop
  endfacet
  facet normal -0.650019 0.578417 -0.492859
    outer loop
      vertex 19.6389 0.626009 3.5022
      vertex 19.3244 -0.134096 3.02493
      vertex 19.2947 1.07955 4.48843
    endloop
  endfacet
  facet normal -0.6548 0.577258 -0.487862
    outer loop
      vertex 19.6389 0.626009 3.5022
      vertex 19.8569 0.469934 3.02493
      vertex 19.3244 -0.134096 3.02493
    endloop
  endfacet
  facet normal -0.661573 0.569115 -0.488293
    outer loop
      vertex 19.9772 0.435864 2.82223
      vertex 19.8569 0.469934 3.02493
      vertex 19.6389 0.626009 3.5022
    endloop
  endfacet
  facet normal -0.660661 0.570444 -0.487975
    outer loop
      vertex 19.8569 0.469934 3.02493
      vertex 19.9772 0.435864 2.82223
      vertex 19.9785 0.409551 2.78971
    endloop
  endfacet
  facet normal 0.950922 -0.191719 0.242881
    outer loop
      vertex 16.5601 2.10649 0.899896
      vertex 16.3951 3.14215 2.3634
      vertex 16.3427 1.02819 0.899896
    endloop
  endfacet
  facet normal 0.303027 -0.742478 0.597412
    outer loop
      vertex 17.6026 2.45735 -0.0863361
      vertex 18.1591 3.86203 1.37716
      vertex 17.4136 3.55777 1.37716
    endloop
  endfacet
  facet normal -0.2542 0.755342 -0.60402
    outer loop
      vertex 19.3244 -0.134096 3.02493
      vertex 18.5612 -0.39094 3.02493
      vertex 18.5491 0.775296 4.48843
    endloop
  endfacet
  facet normal -0.576589 -0.653981 0.489748
    outer loop
      vertex 19.4797 2.49822 0.219873
      vertex 19.8351 2.43982 0.560308
      vertex 19.713 3.21095 1.44628
    endloop
  endfacet
  facet normal -0.576548 -0.654061 0.489691
    outer loop
      vertex 19.8351 2.43982 0.560308
      vertex 19.4797 2.49822 0.219873
      vertex 19.7952 2.22014 0.219913
    endloop
  endfacet
  facet normal -0.576623 -0.653957 0.48974
    outer loop
      vertex 19.4797 2.49822 0.219873
      vertex 19.713 3.21095 1.44628
      vertex 19.1552 2.55503 -0.0863361
    endloop
  endfacet
  facet normal -0.69422 0.529226 -0.487831
    outer loop
      vertex 19.9128 1.66345 4.25429
      vertex 19.9292 1.35055 3.8915
      vertex 19.7882 1.71583 4.48843
    endloop
  endfacet
  facet normal 0.700206 -0.543176 0.463326
    outer loop
      vertex 16.5601 2.10649 0.899896
      vertex 16.9096 3.41378 1.9043
      vertex 16.3951 3.14215 2.3634
    endloop
  endfacet
  facet normal 0.671709 -0.555848 0.489735
    outer loop
      vertex 16.5601 2.10649 0.899896
      vertex 16.9801 3.36064 1.74729
      vertex 16.9096 3.41378 1.9043
    endloop
  endfacet
  facet normal 0.671488 -0.555922 0.489954
    outer loop
      vertex 16.9801 3.36064 1.74729
      vertex 16.5601 2.10649 0.899896
      vertex 17.0699 2.37056 0.500834
    endloop
  endfacet
  facet normal 0.671455 -0.555946 0.489972
    outer loop
      vertex 17.0695 3.40166 1.67132
      vertex 16.9801 3.36064 1.74729
      vertex 17.0699 2.37056 0.500834
    endloop
  endfacet
  facet normal 0.158501 0.786107 -0.597422
    outer loop
      vertex 18.5612 -0.39094 3.02493
      vertex 17.7718 -0.231775 3.02493
      vertex 17.7513 0.884582 4.48843
    endloop
  endfacet
  facet normal -0.582607 -0.650072 0.487827
    outer loop
      vertex 19.8669 2.23936 0.331156
      vertex 19.8351 2.43982 0.560308
      vertex 19.7952 2.22014 0.219913
    endloop
  endfacet
  facet normal 0.935819 0.314889 -0.158394
    outer loop
      vertex 16.6935 -0.0143528 2.0387
      vertex 16.3427 1.02819 2.0387
      vertex 16.2458 2.05233 3.5022
    endloop
  endfacet
  facet normal 0.106578 0.778032 -0.619118
    outer loop
      vertex 18.5491 0.775296 4.48843
      vertex 18.5612 -0.39094 3.02493
      vertex 17.7513 0.884582 4.48843
    endloop
  endfacet
  facet normal 0.671706 -0.555907 0.489673
    outer loop
      vertex 17.4136 3.55777 1.37716
      vertex 17.0699 2.37056 0.500834
      vertex 17.1052 2.38901 0.473357
    endloop
  endfacet
  facet normal 0.671249 -0.556086 0.490095
    outer loop
      vertex 17.0699 2.37056 0.500834
      vertex 17.4136 3.55777 1.37716
      vertex 17.0695 3.40166 1.67132
    endloop
  endfacet
  facet normal 0.67118 -0.55613 0.49014
    outer loop
      vertex 17.4136 3.55777 1.37716
      vertex 17.1052 2.38901 0.473357
      vertex 17.1672 2.33529 0.327504
    endloop
  endfacet
  facet normal 0.644898 -0.568528 0.510767
    outer loop
      vertex 17.4136 3.55777 1.37716
      vertex 17.2518 2.36071 0.249018
      vertex 17.6026 2.45735 -0.0863361
    endloop
  endfacet
  facet normal 0.644777 -0.56859 0.51085
    outer loop
      vertex 17.2518 2.36071 0.249018
      vertex 17.4136 3.55777 1.37716
      vertex 17.1672 2.33529 0.327504
    endloop
  endfacet
  facet normal -0.557442 -0.670353 0.48978
    outer loop
      vertex 19.4084 3.06504 0.899896
      vertex 19.713 3.21095 1.44628
      vertex 19.6975 3.30887 1.56266
    endloop
  endfacet
  facet normal -0.557432 -0.670364 0.489777
    outer loop
      vertex 19.713 3.21095 1.44628
      vertex 19.4084 3.06504 0.899896
      vertex 19.1552 2.55503 -0.0863361
    endloop
  endfacet
  facet normal -0.530061 -0.689989 0.492899
    outer loop
      vertex 19.1552 2.55503 -0.0863361
      vertex 19.4084 3.06504 0.899896
      vertex 18.957 3.75275 1.37716
    endloop
  endfacet
  facet normal 0.995554 0.0941953 -2.73596e-18
    outer loop
      vertex 16.3427 1.02819 2.0387
      vertex 16.2458 2.05233 2.3634
      vertex 16.2458 2.05233 3.5022
    endloop
  endfacet
  facet normal 0.995554 0.0941953 -2.73595e-18
    outer loop
      vertex 16.2458 2.05233 2.3634
      vertex 16.3427 1.02819 2.0387
      vertex 16.3427 1.02819 0.899896
    endloop
  endfacet
  facet normal 0.250472 -0.744278 0.619123
    outer loop
      vertex 18.3658 2.71419 -0.0863361
      vertex 18.1591 3.86203 1.37716
      vertex 17.6026 2.45735 -0.0863361
    endloop
  endfacet
  facet normal -0.108143 -0.789599 0.604019
    outer loop
      vertex 18.3658 2.71419 -0.0863361
      vertex 18.957 3.75275 1.37716
      vertex 18.1591 3.86203 1.37716
    endloop
  endfacet
  facet normal -0.543008 -0.683196 0.488248
    outer loop
      vertex 19.5932 3.2592 1.37716
      vertex 19.6975 3.30887 1.56266
      vertex 19.6933 3.33517 1.59479
    endloop
  endfacet
  facet normal -0.542833 -0.683371 0.488197
    outer loop
      vertex 19.6975 3.30887 1.56266
      vertex 19.5932 3.2592 1.37716
      vertex 19.4084 3.06504 0.899896
    endloop
  endfacet
  facet normal -0.535087 -0.689742 0.487789
    outer loop
      vertex 19.4084 3.06504 0.899896
      vertex 19.5932 3.2592 1.37716
      vertex 18.957 3.75275 1.37716
    endloop
  endfacet
  facet normal 0.978215 -0.134011 0.158547
    outer loop
      vertex 16.3427 1.02819 0.899896
      vertex 16.3951 3.14215 2.3634
      vertex 16.2458 2.05233 2.3634
    endloop
  endfacet
  facet normal 0.526883 0.679319 -0.510803
    outer loop
      vertex 17.7513 0.884582 4.48843
      vertex 17.7718 -0.231775 3.02493
      vertex 17.2802 0.973145 4.12028
    endloop
  endfacet
  facet normal -0.688946 0.534348 -0.489719
    outer loop
      vertex 19.9292 1.35055 3.8915
      vertex 19.2947 1.07955 4.48843
      vertex 19.7882 1.71583 4.48843
    endloop
  endfacet
  facet normal -0.688951 0.534329 -0.489733
    outer loop
      vertex 19.2947 1.07955 4.48843
      vertex 19.9292 1.35055 3.8915
      vertex 19.972 0.534539 2.94097
    endloop
  endfacet
  facet normal 0.898114 0.366579 -0.242922
    outer loop
      vertex 16.6615 1.03387 3.5022
      vertex 16.6935 -0.0143528 2.0387
      vertex 16.2458 2.05233 3.5022
    endloop
  endfacet
  facet normal 0.585378 0.664927 -0.463902
    outer loop
      vertex 17.2322 -0.210991 2.43804
      vertex 16.6615 1.03387 3.5022
      vertex 17.2693 -0.225227 2.46445
    endloop
  endfacet
  facet normal 0.586083 0.66473 -0.463294
    outer loop
      vertex 16.6615 1.03387 3.5022
      vertex 17.2322 -0.210991 2.43804
      vertex 16.6935 -0.0143528 2.0387
    endloop
  endfacet
  facet normal 0.542132 0.699048 -0.466288
    outer loop
      vertex 17.2044 0.908533 3.94578
      vertex 16.5637 2.07801 4.95412
      vertex 17.2244 0.903835 3.96199
    endloop
  endfacet
  facet normal 0.542268 0.699021 -0.466171
    outer loop
      vertex 16.5637 2.07801 4.95412
      vertex 17.2044 0.908533 3.94578
      vertex 16.6615 1.03387 3.5022
    endloop
  endfacet
  facet normal 0.514637 0.703424 -0.490248
    outer loop
      vertex 17.085 2.05859 5.47349
      vertex 17.7513 0.884582 4.48843
      vertex 16.5637 2.07801 4.95412
    endloop
  endfacet
  facet normal 0.514667 0.70342 -0.490223
    outer loop
      vertex 17.7513 0.884582 4.48843
      vertex 17.085 2.05859 5.47349
      vertex 17.1458 2.13734 5.65032
    endloop
  endfacet
  facet normal -0.720278 0.489479 -0.491538
    outer loop
      vertex 19.8124 2.58342 5.3198
      vertex 19.1888 2.28895 5.94036
      vertex 19.6414 2.95496 5.94036
    endloop
  endfacet
  facet normal -0.720261 0.48956 -0.491482
    outer loop
      vertex 19.8904 2.09057 4.71457
      vertex 19.1888 2.28895 5.94036
      vertex 19.8124 2.58342 5.3198
    endloop
  endfacet
  facet normal -0.720352 0.4894 -0.491508
    outer loop
      vertex 19.1888 2.28895 5.94036
      vertex 19.8904 2.09057 4.71457
      vertex 19.9066 1.78218 4.38376
    endloop
  endfacet
  facet normal 0.731697 -0.49729 0.466179
    outer loop
      vertex 16.3951 3.14215 2.3634
      vertex 16.6476 4.39776 3.30649
      vertex 16.1655 4.16541 3.81532
    endloop
  endfacet
  facet normal -0.300235 0.735751 -0.607066
    outer loop
      vertex 19.2947 1.07955 4.48843
      vertex 18.5491 0.775296 4.48843
      vertex 18.4638 1.93847 5.94036
    endloop
  endfacet
  facet normal 0.514966 0.703548 -0.489725
    outer loop
      vertex 17.2802 0.973145 4.12028
      vertex 16.5637 2.07801 4.95412
      vertex 17.7513 0.884582 4.48843
    endloop
  endfacet
  facet normal 0.515068 0.703541 -0.489628
    outer loop
      vertex 16.5637 2.07801 4.95412
      vertex 17.2802 0.973145 4.12028
      vertex 17.2244 0.903835 3.96199
    endloop
  endfacet
  facet normal 0.482196 0.709583 -0.513789
    outer loop
      vertex 17.6607 1.99745 5.94036
      vertex 17.7513 0.884582 4.48843
      vertex 17.1458 2.13734 5.65032
    endloop
  endfacet
  facet normal -0.728249 0.48068 -0.488466
    outer loop
      vertex 19.7601 2.91364 5.72273
      vertex 19.8124 2.58342 5.3198
      vertex 19.6414 2.95496 5.94036
    endloop
  endfacet
  facet normal 0.987692 0.156412 1.11523e-17
    outer loop
      vertex 16.2458 2.05233 3.5022
      vertex 16.0849 3.06836 3.81532
      vertex 16.0849 3.06836 4.95412
    endloop
  endfacet
  facet normal 0.987692 0.156412 1.11523e-17
    outer loop
      vertex 16.0849 3.06836 3.81532
      vertex 16.2458 2.05233 3.5022
      vertex 16.2458 2.05233 2.3634
    endloop
  endfacet
  facet normal 0.960637 -0.131603 0.244659
    outer loop
      vertex 16.2458 2.05233 2.3634
      vertex 16.3951 3.14215 2.3634
      vertex 16.1655 4.16541 3.81532
    endloop
  endfacet
  facet normal 0.984509 -0.0723316 0.159719
    outer loop
      vertex 16.2458 2.05233 2.3634
      vertex 16.1655 4.16541 3.81532
      vertex 16.0849 3.06836 3.81532
    endloop
  endfacet
  facet normal -0.544173 -0.682147 0.488418
    outer loop
      vertex 19.6933 3.33517 1.59479
      vertex 19.641 3.66539 1.99772
      vertex 19.5932 3.2592 1.37716
    endloop
  endfacet
  facet normal -0.53368 -0.688203 0.491489
    outer loop
      vertex 18.957 3.75275 1.37716
      vertex 19.563 4.15823 2.60295
      vertex 19.483 4.45652 2.93376
    endloop
  endfacet
  facet normal -0.533809 -0.688086 0.491514
    outer loop
      vertex 19.563 4.15823 2.60295
      vertex 18.957 3.75275 1.37716
      vertex 19.641 3.66539 1.99772
    endloop
  endfacet
  facet normal -0.533806 -0.688091 0.49151
    outer loop
      vertex 19.641 3.66539 1.99772
      vertex 18.957 3.75275 1.37716
      vertex 19.5932 3.2592 1.37716
    endloop
  endfacet
  facet normal -0.713973 0.498605 -0.491564
    outer loop
      vertex 19.9066 1.78218 4.38376
      vertex 19.7882 1.71583 4.48843
      vertex 19.1888 2.28895 5.94036
    endloop
  endfacet
  facet normal -0.713962 0.498681 -0.491503
    outer loop
      vertex 19.7882 1.71583 4.48843
      vertex 19.9066 1.78218 4.38376
      vertex 19.9128 1.66345 4.25429
    endloop
  endfacet
  facet normal -0.342903 0.709327 -0.615851
    outer loop
      vertex 19.1888 2.28895 5.94036
      vertex 19.2947 1.07955 4.48843
      vertex 18.4638 1.93847 5.94036
    endloop
  endfacet
  facet normal 0.348022 -0.719936 0.600477
    outer loop
      vertex 17.4136 3.55777 1.37716
      vertex 17.8808 4.99463 2.82909
      vertex 17.1558 4.64416 2.82909
    endloop
  endfacet
  facet normal -0.106908 -0.780582 0.615843
    outer loop
      vertex 18.957 3.75275 1.37716
      vertex 18.6839 4.93566 2.82909
      vertex 18.1591 3.86203 1.37716
    endloop
  endfacet
  facet normal 0.108526 0.79225 -0.600468
    outer loop
      vertex 18.5491 0.775296 4.48843
      vertex 17.7513 0.884582 4.48843
      vertex 17.6607 1.99745 5.94036
    endloop
  endfacet
  facet normal 0.0573421 0.780798 -0.622146
    outer loop
      vertex 18.4638 1.93847 5.94036
      vertex 18.5491 0.775296 4.48843
      vertex 17.6607 1.99745 5.94036
    endloop
  endfacet
  facet normal -0.687047 0.532875 -0.493975
    outer loop
      vertex 19.7882 1.71583 4.48843
      vertex 19.2947 1.07955 4.48843
      vertex 19.1888 2.28895 5.94036
    endloop
  endfacet
  facet normal -0.488728 -0.71913 0.49396
    outer loop
      vertex 18.957 3.75275 1.37716
      vertex 19.3499 4.48304 2.82909
      vertex 18.6839 4.93566 2.82909
    endloop
  endfacet
  facet normal -0.525077 -0.694643 0.491696
    outer loop
      vertex 19.3499 4.48304 2.82909
      vertex 19.483 4.45652 2.93376
      vertex 19.4523 4.57137 3.06323
    endloop
  endfacet
  facet normal -0.524991 -0.694816 0.491543
    outer loop
      vertex 19.483 4.45652 2.93376
      vertex 19.3499 4.48304 2.82909
      vertex 18.957 3.75275 1.37716
    endloop
  endfacet
  facet normal 0.677826 -0.525866 0.513826
    outer loop
      vertex 17.1558 4.64416 2.82909
      vertex 17.0695 3.40166 1.67132
      vertex 17.4136 3.55777 1.37716
    endloop
  endfacet
  facet normal 0.677878 -0.525835 0.513789
    outer loop
      vertex 17.0695 3.40166 1.67132
      vertex 17.1558 4.64416 2.82909
      vertex 16.9801 3.36064 1.74729
    endloop
  endfacet
  facet normal 0.913954 0.373044 -0.159767
    outer loop
      vertex 16.6615 1.03387 3.5022
      vertex 16.2458 2.05233 3.5022
      vertex 16.0849 3.06836 4.95412
    endloop
  endfacet
  facet normal 0.872932 0.422032 -0.244702
    outer loop
      vertex 16.5637 2.07801 4.95412
      vertex 16.6615 1.03387 3.5022
      vertex 16.0849 3.06836 4.95412
    endloop
  endfacet
  facet normal 0.706764 -0.509967 0.490325
    outer loop
      vertex 17.1558 4.64416 2.82909
      vertex 16.3951 3.14215 2.3634
      vertex 16.9096 3.41378 1.9043
    endloop
  endfacet
  facet normal 0.707077 -0.509811 0.490035
    outer loop
      vertex 17.1558 4.64416 2.82909
      vertex 16.9096 3.41378 1.9043
      vertex 16.9801 3.36064 1.74729
    endloop
  endfacet
  facet normal 0.70718 -0.510011 0.489679
    outer loop
      vertex 16.6476 4.39776 3.30649
      vertex 16.3951 3.14215 2.3634
      vertex 16.7303 4.34725 3.13445
    endloop
  endfacet
  facet normal 0.707239 -0.509988 0.489618
    outer loop
      vertex 17.1558 4.64416 2.82909
      vertex 16.7303 4.34725 3.13445
      vertex 16.3951 3.14215 2.3634
    endloop
  endfacet
  facet normal 0.295836 -0.724859 0.622142
    outer loop
      vertex 18.1591 3.86203 1.37716
      vertex 17.8808 4.99463 2.82909
      vertex 17.4136 3.55777 1.37716
    endloop
  endfacet
  facet normal -0.0581931 -0.79252 0.607063
    outer loop
      vertex 18.1591 3.86203 1.37716
      vertex 18.6839 4.93566 2.82909
      vertex 17.8808 4.99463 2.82909
    endloop
  endfacet
  facet normal -0.38502 0.683256 -0.62042
    outer loop
      vertex 19.0072 3.4893 7.37498
      vertex 19.1888 2.28895 5.94036
      vertex 18.3057 3.094 7.37498
    endloop
  endfacet
  facet normal 0.739801 -0.460268 0.490763
    outer loop
      vertex 16.8304 5.71222 4.26371
      vertex 16.1655 4.16541 3.81532
      vertex 16.6476 4.39776 3.30649
    endloop
  endfacet
  facet normal 0.739806 -0.460265 0.490758
    outer loop
      vertex 16.8304 5.71222 4.26371
      vertex 16.6476 4.39776 3.30649
      vertex 16.7303 4.34725 3.13445
    endloop
  endfacet
  facet normal -0.492702 -0.717042 0.493048
    outer loop
      vertex 19.0302 5.68918 4.26371
      vertex 19.3712 4.87402 3.41898
      vertex 19.1273 5.7842 4.49893
    endloop
  endfacet
  facet normal -0.492704 -0.717041 0.493047
    outer loop
      vertex 19.3712 4.87402 3.41898
      vertex 19.0302 5.68918 4.26371
      vertex 19.3499 4.48304 2.82909
    endloop
  endfacet
  facet normal -0.441306 -0.746186 0.498453
    outer loop
      vertex 18.6839 4.93566 2.82909
      vertex 19.0302 5.68918 4.26371
      vertex 18.3371 6.09909 4.26371
    endloop
  endfacet
  facet normal 0.740938 -0.460215 0.489094
    outer loop
      vertex 16.3258 5.34073 4.6784
      vertex 16.1655 4.16541 3.81532
      vertex 16.4233 5.29543 4.48807
    endloop
  endfacet
  facet normal 0.740831 -0.460261 0.489213
    outer loop
      vertex 16.8304 5.71222 4.26371
      vertex 16.4233 5.29543 4.48807
      vertex 16.1655 4.16541 3.81532
    endloop
  endfacet
  facet normal 0.339145 -0.701573 0.626718
    outer loop
      vertex 17.8808 4.99463 2.82909
      vertex 17.5319 6.10752 4.26371
      vertex 17.1558 4.64416 2.82909
    endloop
  endfacet
  facet normal -0.760222 0.427499 -0.48919
    outer loop
      vertex 19.5657 4.14094 7.1078
      vertex 19.6183 3.80898 6.73596
      vertex 19.4171 4.18242 7.37498
    endloop
  endfacet
  facet normal -0.505698 -0.710578 0.489232
    outer loop
      vertex 19.4523 4.57137 3.06323
      vertex 19.3712 4.87402 3.41898
      vertex 19.3499 4.48304 2.82909
    endloop
  endfacet
  facet normal -0.344325 0.712268 -0.611649
    outer loop
      vertex 19.1888 2.28895 5.94036
      vertex 18.4638 1.93847 5.94036
      vertex 18.3057 3.094 7.37498
    endloop
  endfacet
  facet normal -0.0574325 -0.782161 0.620424
    outer loop
      vertex 18.6839 4.93566 2.82909
      vertex 18.3371 6.09909 4.26371
      vertex 17.8808 4.99463 2.82909
    endloop
  endfacet
  facet normal 0.00815681 0.779203 -0.626719
    outer loop
      vertex 18.3057 3.094 7.37498
      vertex 18.4638 1.93847 5.94036
      vertex 17.5004 3.10243 7.37498
    endloop
  endfacet
  facet normal 0.759471 -0.449159 0.470596
    outer loop
      vertex 16.1655 4.16541 3.81532
      vertex 16.3258 5.34073 4.6784
      vertex 15.872 5.17223 5.24994
    endloop
  endfacet
  facet normal -0.747764 0.442216 -0.495271
    outer loop
      vertex 19.4171 4.18242 7.37498
      vertex 19.6414 2.95496 5.94036
      vertex 19.0072 3.4893 7.37498
    endloop
  endfacet
  facet normal -0.717018 0.487263 -0.498457
    outer loop
      vertex 19.6414 2.95496 5.94036
      vertex 19.1888 2.28895 5.94036
      vertex 19.0072 3.4893 7.37498
    endloop
  endfacet
  facet normal 0.47439 0.731894 -0.489169
    outer loop
      vertex 17.1458 2.13734 5.65032
      vertex 16.4005 3.11395 6.38874
      vertex 17.6607 1.99745 5.94036
    endloop
  endfacet
  facet normal 0.474475 0.731895 -0.489084
    outer loop
      vertex 16.4005 3.11395 6.38874
      vertex 17.1458 2.13734 5.65032
      vertex 17.085 2.05859 5.47349
    endloop
  endfacet
  facet normal -0.48831 -0.718516 0.495266
    outer loop
      vertex 19.3499 4.48304 2.82909
      vertex 19.0302 5.68918 4.26371
      vertex 18.6839 4.93566 2.82909
    endloop
  endfacet
  facet normal -0.00828217 -0.79108 0.611657
    outer loop
      vertex 17.8808 4.99463 2.82909
      vertex 18.3371 6.09909 4.26371
      vertex 17.5319 6.10752 4.26371
    endloop
  endfacet
  facet normal 0.966281 -0.0709925 0.247508
    outer loop
      vertex 16.0849 3.06836 3.81532
      vertex 16.1655 4.16541 3.81532
      vertex 15.872 5.17223 5.24994
    endloop
  endfacet
  facet normal -0.751121 0.439002 -0.493046
    outer loop
      vertex 19.6183 3.80898 6.73596
      vertex 19.6414 2.95496 5.94036
      vertex 19.4171 4.18242 7.37498
    endloop
  endfacet
  facet normal -0.751136 0.43899 -0.493034
    outer loop
      vertex 19.6414 2.95496 5.94036
      vertex 19.6183 3.80898 6.73596
      vertex 19.7601 2.91364 5.72273
    endloop
  endfacet
  facet normal 0.0583142 0.794034 -0.605069
    outer loop
      vertex 18.4638 1.93847 5.94036
      vertex 17.6607 1.99745 5.94036
      vertex 17.5004 3.10243 7.37498
    endloop
  endfacet
  facet normal 0.435338 0.736092 -0.518313
    outer loop
      vertex 17.5004 3.10243 7.37498
      vertex 17.6607 1.99745 5.94036
      vertex 16.9159 3.31958 7.19244
    endloop
  endfacet
  facet normal 0.390867 -0.693633 0.605059
    outer loop
      vertex 17.1558 4.64416 2.82909
      vertex 17.5319 6.10752 4.26371
      vertex 16.8304 5.71222 4.26371
    endloop
  endfacet
  facet normal 0.70735 -0.480661 0.518288
    outer loop
      vertex 17.1558 4.64416 2.82909
      vertex 16.8304 5.71222 4.26371
      vertex 16.7303 4.34725 3.13445
    endloop
  endfacet
  facet normal 0.495993 0.729777 -0.470549
    outer loop
      vertex 17.085 2.05859 5.47349
      vertex 16.5637 2.07801 4.95412
      vertex 16.4005 3.11395 6.38874
    endloop
  endfacet
  facet normal 0.473441 0.731455 -0.490741
    outer loop
      vertex 16.8458 3.23005 6.99139
      vertex 17.6607 1.99745 5.94036
      vertex 16.4005 3.11395 6.38874
    endloop
  endfacet
  facet normal 0.473391 0.731458 -0.490784
    outer loop
      vertex 17.6607 1.99745 5.94036
      vertex 16.8458 3.23005 6.99139
      vertex 16.9159 3.31958 7.19244
    endloop
  endfacet
  facet normal 0.844122 0.475641 -0.247435
    outer loop
      vertex 16.4005 3.11395 6.38874
      vertex 16.5637 2.07801 4.95412
      vertex 15.8605 4.07229 6.38874
    endloop
  endfacet
  facet normal 0.975918 0.218139 -8.51453e-18
    outer loop
      vertex 16.0849 3.06836 4.95412
      vertex 15.8605 4.07229 5.24994
      vertex 15.8605 4.07229 6.38874
    endloop
  endfacet
  facet normal 0.975918 0.218139 -8.51453e-18
    outer loop
      vertex 15.8605 4.07229 5.24994
      vertex 16.0849 3.06836 4.95412
      vertex 16.0849 3.06836 3.81532
    endloop
  endfacet
  facet normal 0.888467 0.429543 -0.161617
    outer loop
      vertex 16.5637 2.07801 4.95412
      vertex 16.0849 3.06836 4.95412
      vertex 15.8605 4.07229 6.38874
    endloop
  endfacet
  facet normal 0.986807 -0.0103172 0.161574
    outer loop
      vertex 16.0849 3.06836 3.81532
      vertex 15.872 5.17223 5.24994
      vertex 15.8605 4.07229 5.24994
    endloop
  endfacet
  facet normal 0.770003 -0.406971 0.491396
    outer loop
      vertex 16.4385 6.75774 5.67536
      vertex 15.872 5.17223 5.24994
      vertex 16.3258 5.34073 4.6784
    endloop
  endfacet
  facet normal 0.770065 -0.406931 0.491332
    outer loop
      vertex 16.4385 6.75774 5.67536
      vertex 16.3258 5.34073 4.6784
      vertex 16.4233 5.29543 4.48807
    endloop
  endfacet
  facet normal 0.859396 0.484247 -0.164145
    outer loop
      vertex 16.4005 3.11395 6.38874
      vertex 15.8605 4.07229 6.38874
      vertex 15.5735 5.06014 7.8004
    endloop
  endfacet
  facet normal 0.732826 -0.433458 0.524481
    outer loop
      vertex 16.8304 5.71222 4.26371
      vertex 16.4385 6.75774 5.67536
      vertex 16.4233 5.29543 4.48807
    endloop
  endfacet
  facet normal 0.811777 0.52717 -0.251218
    outer loop
      vertex 16.1726 4.1376 7.8004
      vertex 16.4005 3.11395 6.38874
      vertex 15.5735 5.06014 7.8004
    endloop
  endfacet
  facet normal -0.770945 0.392838 -0.50132
    outer loop
      vertex 19.1162 5.39338 8.78663
      vertex 19.4171 4.18242 7.37498
      vertex 18.7506 4.67589 8.78663
    endloop
  endfacet
  facet normal 0.985086 0.0516536 0.164128
    outer loop
      vertex 15.5735 5.06014 6.6616
      vertex 15.8605 4.07229 5.24994
      vertex 15.5159 6.15863 6.6616
    endloop
  endfacet
  facet normal 0.431061 -0.663738 0.611259
    outer loop
      vertex 16.8304 5.71222 4.26371
      vertex 17.1138 7.19631 5.67536
      vertex 16.4385 6.75774 5.67536
    endloop
  endfacet
  facet normal -0.74317 0.439499 -0.504518
    outer loop
      vertex 19.4171 4.18242 7.37498
      vertex 19.0072 3.4893 7.37498
      vertex 18.7506 4.67589 8.78663
    endloop
  endfacet
  facet normal 0.967876 -0.0101193 0.251224
    outer loop
      vertex 15.8605 4.07229 5.24994
      vertex 15.872 5.17223 5.24994
      vertex 15.5159 6.15863 6.6616
    endloop
  endfacet
  facet normal 0.0411462 -0.785235 0.61783
    outer loop
      vertex 17.5319 6.10752 4.26371
      vertex 17.918 7.23845 5.67536
      vertex 17.1138 7.19631 5.67536
    endloop
  endfacet
  facet normal -0.440458 -0.744752 0.501339
    outer loop
      vertex 19.0302 5.68918 4.26371
      vertex 18.6355 6.87288 5.67536
      vertex 18.3371 6.09909 4.26371
    endloop
  endfacet
  facet normal 0.00828437 0.791388 -0.611258
    outer loop
      vertex 18.3057 3.094 7.37498
      vertex 17.5004 3.10243 7.37498
      vertex 17.2711 4.19517 8.78663
    endloop
  endfacet
  facet normal 0.960293 0.278994 5.9926e-18
    outer loop
      vertex 15.8605 4.07229 6.38874
      vertex 15.5735 5.06014 6.6616
      vertex 15.5735 5.06014 7.8004
    endloop
  endfacet
  facet normal 0.960293 0.278994 5.9926e-18
    outer loop
      vertex 15.5735 5.06014 6.6616
      vertex 15.8605 4.07229 6.38874
      vertex 15.8605 4.07229 5.24994
    endloop
  endfacet
  facet normal 0.433816 0.757159 -0.488379
    outer loop
      vertex 16.9159 3.31958 7.19244
      vertex 16.1726 4.1376 7.8004
      vertex 17.5004 3.10243 7.37498
    endloop
  endfacet
  facet normal 0.433782 0.757154 -0.488416
    outer loop
      vertex 16.1726 4.1376 7.8004
      vertex 16.9159 3.31958 7.19244
      vertex 16.8458 3.23005 6.99139
    endloop
  endfacet
  facet normal 0.447557 0.756738 -0.476487
    outer loop
      vertex 16.8458 3.23005 6.99139
      vertex 16.4005 3.11395 6.38874
      vertex 16.1726 4.1376 7.8004
    endloop
  endfacet
  facet normal -0.424489 0.653618 -0.626572
    outer loop
      vertex 18.7506 4.67589 8.78663
      vertex 19.0072 3.4893 7.37498
      vertex 18.0753 4.23732 8.78663
    endloop
  endfacet
  facet normal -0.781423 0.381481 -0.493811
    outer loop
      vertex 19.3195 5.06689 8.2127
      vertex 19.4171 4.18242 7.37498
      vertex 19.1162 5.39338 8.78663
    endloop
  endfacet
  facet normal -0.781315 0.381582 -0.493905
    outer loop
      vertex 19.563 4.15823 7.12549
      vertex 19.4171 4.18242 7.37498
      vertex 19.3195 5.06689 8.2127
    endloop
  endfacet
  facet normal -0.780666 0.383195 -0.493682
    outer loop
      vertex 19.4171 4.18242 7.37498
      vertex 19.563 4.15823 7.12549
      vertex 19.5657 4.14094 7.1078
    endloop
  endfacet
  facet normal 0.380112 -0.674547 0.632852
    outer loop
      vertex 17.5319 6.10752 4.26371
      vertex 17.1138 7.19631 5.67536
      vertex 16.8304 5.71222 4.26371
    endloop
  endfacet
  facet normal -0.386023 0.685037 -0.617827
    outer loop
      vertex 19.0072 3.4893 7.37498
      vertex 18.3057 3.094 7.37498
      vertex 18.0753 4.23732 8.78663
    endloop
  endfacet
  facet normal -0.0405258 0.773212 -0.632852
    outer loop
      vertex 18.0753 4.23732 8.78663
      vertex 18.3057 3.094 7.37498
      vertex 17.2711 4.19517 8.78663
    endloop
  endfacet
  facet normal 0.771815 -0.406948 0.488564
    outer loop
      vertex 15.95 6.24284 6.01848
      vertex 15.872 5.17223 5.24994
      vertex 16.0642 6.20633 5.80766
    endloop
  endfacet
  facet normal 0.771995 -0.406865 0.488348
    outer loop
      vertex 16.4385 6.75774 5.67536
      vertex 16.0642 6.20633 5.80766
      vertex 15.872 5.17223 5.24994
    endloop
  endfacet
  facet normal 0.783357 -0.399127 0.476497
    outer loop
      vertex 15.872 5.17223 5.24994
      vertex 15.95 6.24284 6.01848
      vertex 15.5159 6.15863 6.6616
    endloop
  endfacet
  facet normal 0.386571 0.758627 -0.524451
    outer loop
      vertex 17.2711 4.19517 8.78663
      vertex 17.5004 3.10243 7.37498
      vertex 16.5875 4.50864 8.73619
    endloop
  endfacet
  facet normal 0.432086 0.756185 -0.491411
    outer loop
      vertex 16.5033 4.40763 8.5067
      vertex 17.5004 3.10243 7.37498
      vertex 16.1726 4.1376 7.8004
    endloop
  endfacet
  facet normal 0.432121 0.756185 -0.49138
    outer loop
      vertex 17.5004 3.10243 7.37498
      vertex 16.5033 4.40763 8.5067
      vertex 16.5875 4.50864 8.73619
    endloop
  endfacet
  facet normal -0.789184 0.370123 -0.490099
    outer loop
      vertex 19.239 5.36728 8.56918
      vertex 19.3195 5.06689 8.2127
      vertex 19.1162 5.39338 8.78663
    endloop
  endfacet
  facet normal -0.00815903 -0.779318 0.626575
    outer loop
      vertex 18.3371 6.09909 4.26371
      vertex 17.918 7.23845 5.67536
      vertex 17.5319 6.10752 4.26371
    endloop
  endfacet
  facet normal -0.391958 -0.769292 0.504538
    outer loop
      vertex 18.3371 6.09909 4.26371
      vertex 18.6355 6.87288 5.67536
      vertex 17.918 7.23845 5.67536
    endloop
  endfacet
  facet normal -0.46775 -0.735473 0.490193
    outer loop
      vertex 19.0302 5.68918 4.26371
      vertex 19.1273 5.7842 4.49893
      vertex 19.0262 6.16142 4.96843
    endloop
  endfacet
  facet normal -0.455511 -0.740746 0.493767
    outer loop
      vertex 18.6355 6.87288 5.67536
      vertex 19.0211 6.18034 4.99214
      vertex 18.7195 6.96618 5.89282
    endloop
  endfacet
  facet normal -0.457219 -0.740501 0.492554
    outer loop
      vertex 18.6355 6.87288 5.67536
      vertex 19.0262 6.16142 4.96843
      vertex 19.0211 6.18034 4.99214
    endloop
  endfacet
  facet normal -0.45543 -0.740766 0.49381
    outer loop
      vertex 19.0262 6.16142 4.96843
      vertex 18.6355 6.87288 5.67536
      vertex 19.0302 5.68918 4.26371
    endloop
  endfacet
  facet normal -0.789961 0.34184 -0.509025
    outer loop
      vertex 18.7398 6.58305 10.1697
      vertex 19.1162 5.39338 8.78663
      vertex 18.42 5.84402 10.1697
    endloop
  endfacet
  facet normal 0.397219 0.779677 -0.484067
    outer loop
      vertex 16.5033 4.40763 8.5067
      vertex 16.1726 4.1376 7.8004
      vertex 15.8809 5.14493 9.18352
    endloop
  endfacet
  facet normal 0.796998 -0.350167 0.492115
    outer loop
      vertex 15.9817 7.77658 7.05848
      vertex 15.5159 6.15863 6.6616
      vertex 15.95 6.24284 6.01848
    endloop
  endfacet
  facet normal 0.796829 -0.350289 0.492301
    outer loop
      vertex 15.9817 7.77658 7.05848
      vertex 15.95 6.24284 6.01848
      vertex 16.0642 6.20633 5.80766
    endloop
  endfacet
  facet normal 0.393425 0.779538 -0.487377
    outer loop
      vertex 16.5875 4.50864 8.73619
      vertex 15.8809 5.14493 9.18352
      vertex 17.2711 4.19517 8.78663
    endloop
  endfacet
  facet normal 0.393375 0.779526 -0.487438
    outer loop
      vertex 15.8809 5.14493 9.18352
      vertex 16.5875 4.50864 8.73619
      vertex 16.5033 4.40763 8.5067
    endloop
  endfacet
  facet normal -0.34111 -0.788218 0.512207
    outer loop
      vertex 17.918 7.23845 5.67536
      vertex 18.1671 8.02944 7.05848
      vertex 17.4281 8.34925 7.05848
    endloop
  endfacet
  facet normal -0.765225 0.389924 -0.512241
    outer loop
      vertex 19.1162 5.39338 8.78663
      vertex 18.7506 4.67589 8.78663
      vertex 18.42 5.84402 10.1697
    endloop
  endfacet
  facet normal -0.0882563 0.76279 -0.640595
    outer loop
      vertex 17.7735 5.36391 10.1697
      vertex 18.0753 4.23732 8.78663
      vertex 16.9736 5.27136 10.1697
    endloop
  endfacet
  facet normal -0.814236 0.309083 -0.491413
    outer loop
      vertex 18.8742 6.56321 9.93453
      vertex 19.0141 6.19862 9.47341
      vertex 18.7398 6.58305 10.1697
    endloop
  endfacet
  facet normal -0.806772 0.321841 -0.495516
    outer loop
      vertex 19.0211 6.18034 9.45014
      vertex 18.7398 6.58305 10.1697
      vertex 19.0141 6.19862 9.47341
    endloop
  endfacet
  facet normal -0.808191 0.319466 -0.494742
    outer loop
      vertex 19.0211 6.18034 9.45014
      vertex 19.1162 5.39338 8.78663
      vertex 18.7398 6.58305 10.1697
    endloop
  endfacet
  facet normal -0.808183 0.319473 -0.494749
    outer loop
      vertex 19.1162 5.39338 8.78663
      vertex 19.0211 6.18034 9.45014
      vertex 19.239 5.36728 8.56918
    endloop
  endfacet
  facet normal -0.424897 0.654247 -0.625639
    outer loop
      vertex 18.7506 4.67589 8.78663
      vertex 18.0753 4.23732 8.78663
      vertex 17.7735 5.36391 10.1697
    endloop
  endfacet
  facet normal -0.460896 0.620628 -0.634347
    outer loop
      vertex 18.42 5.84402 10.1697
      vertex 18.7506 4.67589 8.78663
      vertex 17.7735 5.36391 10.1697
    endloop
  endfacet
  facet normal 0.336227 0.776961 -0.532243
    outer loop
      vertex 16.9736 5.27136 10.1697
      vertex 17.2711 4.19517 8.78663
      vertex 16.2346 5.59116 10.1697
    endloop
  endfacet
  facet normal 0.9409 0.338685 -1.73763e-17
    outer loop
      vertex 15.5735 5.06014 7.8004
      vertex 15.2251 6.02803 8.04471
      vertex 15.2251 6.02803 9.18352
    endloop
  endfacet
  facet normal 0.9409 0.338685 -1.73764e-17
    outer loop
      vertex 15.2251 6.02803 8.04471
      vertex 15.5735 5.06014 7.8004
      vertex 15.5735 5.06014 6.6616
    endloop
  endfacet
  facet normal 0.826827 0.536944 -0.167474
    outer loop
      vertex 16.1726 4.1376 7.8004
      vertex 15.5735 5.06014 7.8004
      vertex 15.2251 6.02803 9.18352
    endloop
  endfacet
  facet normal -0.0411044 0.784251 -0.619081
    outer loop
      vertex 18.0753 4.23732 8.78663
      vertex 17.2711 4.19517 8.78663
      vertex 16.9736 5.27136 10.1697
    endloop
  endfacet
  facet normal 0.390888 0.777818 -0.492144
    outer loop
      vertex 16.2346 5.59116 10.1697
      vertex 17.2711 4.19517 8.78663
      vertex 15.8809 5.14493 9.18352
    endloop
  endfacet
  facet normal 0.965339 0.0506182 0.256043
    outer loop
      vertex 15.5735 5.06014 6.6616
      vertex 15.5159 6.15863 6.6616
      vertex 15.0986 7.12074 8.04471
    endloop
  endfacet
  facet normal 0.803036 -0.34758 0.484067
    outer loop
      vertex 15.5159 6.15863 6.6616
      vertex 15.5253 7.1017 7.32317
      vertex 15.0986 7.12074 8.04471
    endloop
  endfacet
  facet normal -0.39077 -0.766959 0.508992
    outer loop
      vertex 18.6355 6.87288 5.67536
      vertex 18.1671 8.02944 7.05848
      vertex 17.918 7.23845 5.67536
    endloop
  endfacet
  facet normal -0.430809 -0.75704 0.491216
    outer loop
      vertex 18.6355 6.87288 5.67536
      vertex 18.7195 6.96618 5.89282
      vertex 18.608 7.2565 6.24246
    endloop
  endfacet
  facet normal 0.800227 -0.349783 0.487123
    outer loop
      vertex 15.6404 7.08168 7.11988
      vertex 15.5159 6.15863 6.6616
      vertex 15.6568 7.08164 7.09291
    endloop
  endfacet
  facet normal 0.800004 -0.349895 0.487409
    outer loop
      vertex 15.5159 6.15863 6.6616
      vertex 15.6404 7.08168 7.11988
      vertex 15.5253 7.1017 7.32317
    endloop
  endfacet
  facet normal 0.800018 -0.349879 0.487397
    outer loop
      vertex 15.9817 7.77658 7.05848
      vertex 15.6568 7.08164 7.09291
      vertex 15.5159 6.15863 6.6616
    endloop
  endfacet
  facet normal 0.979356 0.113377 0.167355
    outer loop
      vertex 15.2251 6.02803 8.04471
      vertex 15.5735 5.06014 6.6616
      vertex 15.0986 7.12074 8.04471
    endloop
  endfacet
  facet normal 0.754323 -0.384338 0.532241
    outer loop
      vertex 16.0642 6.20633 5.80766
      vertex 16.4385 6.75774 5.67536
      vertex 15.9817 7.77658 7.05848
    endloop
  endfacet
  facet normal 0.0404528 -0.772002 0.634332
    outer loop
      vertex 17.918 7.23845 5.67536
      vertex 17.4281 8.34925 7.05848
      vertex 17.1138 7.19631 5.67536
    endloop
  endfacet
  facet normal 0.0896645 -0.774961 0.625616
    outer loop
      vertex 17.1138 7.19631 5.67536
      vertex 17.4281 8.34925 7.05848
      vertex 16.6282 8.2567 7.05848
    endloop
  endfacet
  facet normal 0.776072 0.57632 -0.256062
    outer loop
      vertex 15.8809 5.14493 9.18352
      vertex 16.1726 4.1376 7.8004
      vertex 15.2251 6.02803 9.18352
    endloop
  endfacet
  facet normal -0.419796 -0.760807 0.494919
    outer loop
      vertex 18.1671 8.02944 7.05848
      vertex 18.2709 8.13473 7.30838
      vertex 18.263 8.15033 7.32566
    endloop
  endfacet
  facet normal -0.41895 -0.761352 0.494797
    outer loop
      vertex 18.1671 8.02944 7.05848
      vertex 18.608 7.2565 6.24246
      vertex 18.2709 8.13473 7.30838
    endloop
  endfacet
  facet normal -0.41912 -0.761331 0.494685
    outer loop
      vertex 18.608 7.2565 6.24246
      vertex 18.1671 8.02944 7.05848
      vertex 18.6355 6.87288 5.67536
    endloop
  endfacet
  facet normal 0.418243 -0.644001 0.640574
    outer loop
      vertex 17.1138 7.19631 5.67536
      vertex 16.6282 8.2567 7.05848
      vertex 16.4385 6.75774 5.67536
    endloop
  endfacet
  facet normal 0.468227 -0.630486 0.619072
    outer loop
      vertex 16.4385 6.75774 5.67536
      vertex 16.6282 8.2567 7.05848
      vertex 15.9817 7.77658 7.05848
    endloop
  endfacet
  facet normal 0.357582 0.79598 -0.488417
    outer loop
      vertex 16.2346 5.59116 10.1697
      vertex 15.8809 5.14493 9.18352
      vertex 15.5265 6.13194 10.5326
    endloop
  endfacet
  facet normal -0.394638 -0.775634 0.492598
    outer loop
      vertex 18.1671 8.02944 7.05848
      vertex 18.263 8.15033 7.32566
      vertex 18.1104 8.44979 7.67493
    endloop
  endfacet
  facet normal 0.344574 0.796248 -0.49725
    outer loop
      vertex 16.9736 5.27136 10.1697
      vertex 16.2346 5.59116 10.1697
      vertex 15.8515 6.59951 11.5189
    endloop
  endfacet
  facet normal 0.917735 0.397194 -1.99446e-17
    outer loop
      vertex 15.2251 6.02803 9.18352
      vertex 14.8165 6.97212 9.39383
      vertex 14.8165 6.97212 10.5326
    endloop
  endfacet
  facet normal 0.917735 0.397194 -1.99439e-17
    outer loop
      vertex 14.8165 6.97212 9.39383
      vertex 15.2251 6.02803 9.18352
      vertex 15.2251 6.02803 8.04471
    endloop
  endfacet
  facet normal -0.460558 0.620172 -0.635037
    outer loop
      vertex 18.42 5.84402 10.1697
      vertex 17.7735 5.36391 10.1697
      vertex 17.4017 6.46934 11.5189
    endloop
  endfacet
  facet normal 0.353987 0.794563 -0.493318
    outer loop
      vertex 15.8515 6.59951 11.5189
      vertex 16.2346 5.59116 10.1697
      vertex 15.5265 6.13194 10.5326
    endloop
  endfacet
  facet normal 0.737101 0.622892 -0.262084
    outer loop
      vertex 15.5265 6.13194 10.5326
      vertex 15.8809 5.14493 9.18352
      vertex 14.8165 6.97212 10.5326
    endloop
  endfacet
  facet normal 0.284747 0.790867 -0.541709
    outer loop
      vertex 16.6091 6.32674 11.5189
      vertex 16.9736 5.27136 10.1697
      vertex 15.8515 6.59951 11.5189
    endloop
  endfacet
  facet normal -0.830638 0.253418 -0.495802
    outer loop
      vertex 18.5365 7.44292 10.9498
      vertex 18.7398 6.58305 10.1697
      vertex 18.2895 7.74674 11.5189
    endloop
  endfacet
  facet normal -0.83045 0.253644 -0.496002
    outer loop
      vertex 18.7398 6.58305 10.1697
      vertex 18.5365 7.44292 10.9498
      vertex 18.8742 6.56321 9.93453
    endloop
  endfacet
  facet normal -0.134573 0.747987 -0.649927
    outer loop
      vertex 17.4017 6.46934 11.5189
      vertex 17.7735 5.36391 10.1697
      vertex 16.6091 6.32674 11.5189
    endloop
  endfacet
  facet normal -0.804577 0.289696 -0.518394
    outer loop
      vertex 18.2895 7.74674 11.5189
      vertex 18.7398 6.58305 10.1697
      vertex 18.0167 6.98909 11.5189
    endloop
  endfacet
  facet normal 0.453103 -0.61012 0.649962
    outer loop
      vertex 16.6282 8.2567 7.05848
      vertex 16.0769 9.2845 8.4076
      vertex 15.9817 7.77658 7.05848
    endloop
  endfacet
  facet normal -0.835769 0.242917 -0.492423
    outer loop
      vertex 18.4242 7.73543 11.2847
      vertex 18.5365 7.44292 10.9498
      vertex 18.2895 7.74674 11.5189
    endloop
  endfacet
  facet normal 0.771425 -0.333819 0.541726
    outer loop
      vertex 15.6568 7.08164 7.09291
      vertex 15.9817 7.77658 7.05848
      vertex 15.4619 8.76474 8.4076
    endloop
  endfacet
  facet normal -0.0893953 0.772634 -0.628526
    outer loop
      vertex 17.7735 5.36391 10.1697
      vertex 16.9736 5.27136 10.1697
      vertex 16.6091 6.32674 11.5189
    endloop
  endfacet
  facet normal 0.969601 0.174464 0.17157
    outer loop
      vertex 14.8165 6.97212 9.39383
      vertex 15.2251 6.02803 8.04471
      vertex 14.6217 8.05474 9.39383
    endloop
  endfacet
  facet normal -0.383919 -0.778967 0.495799
    outer loop
      vertex 17.6271 9.15432 8.4076
      vertex 18.1104 8.44979 7.67493
      vertex 17.6988 9.2575 8.62523
    endloop
  endfacet
  facet normal -0.383821 -0.778971 0.495868
    outer loop
      vertex 18.1104 8.44979 7.67493
      vertex 17.6271 9.15432 8.4076
      vertex 18.1671 8.02944 7.05848
    endloop
  endfacet
  facet normal 0.136779 -0.760247 0.635072
    outer loop
      vertex 16.6282 8.2567 7.05848
      vertex 16.8695 9.4271 8.4076
      vertex 16.0769 9.2845 8.4076
    endloop
  endfacet
  facet normal 0.825044 -0.2842 0.488397
    outer loop
      vertex 15.0986 7.12074 8.04471
      vertex 15.1891 8.00709 8.4076
      vertex 14.6217 8.05474 9.39383
    endloop
  endfacet
  facet normal -0.339628 -0.784794 0.518412
    outer loop
      vertex 18.1671 8.02944 7.05848
      vertex 17.6271 9.15432 8.4076
      vertex 17.4281 8.34925 7.05848
    endloop
  endfacet
  facet normal 0.502048 -0.594043 0.628539
    outer loop
      vertex 15.9817 7.77658 7.05848
      vertex 16.0769 9.2845 8.4076
      vertex 15.4619 8.76474 8.4076
    endloop
  endfacet
  facet normal -0.493966 0.584491 -0.643714
    outer loop
      vertex 18.0167 6.98909 11.5189
      vertex 18.42 5.84402 10.1697
      vertex 17.4017 6.46934 11.5189
    endloop
  endfacet
  facet normal 0.821506 -0.285871 0.493361
    outer loop
      vertex 15.5253 7.1017 7.32317
      vertex 15.1891 8.00709 8.4076
      vertex 15.0986 7.12074 8.04471
    endloop
  endfacet
  facet normal 0.821571 -0.285781 0.493306
    outer loop
      vertex 15.1891 8.00709 8.4076
      vertex 15.5253 7.1017 7.32317
      vertex 15.6404 7.08168 7.11988
    endloop
  endfacet
  facet normal 0.790946 0.587365 -0.171484
    outer loop
      vertex 15.8809 5.14493 9.18352
      vertex 15.2251 6.02803 9.18352
      vertex 14.8165 6.97212 10.5326
    endloop
  endfacet
  facet normal -0.289025 -0.802716 0.521643
    outer loop
      vertex 17.4281 8.34925 7.05848
      vertex 17.6271 9.15432 8.4076
      vertex 16.8695 9.4271 8.4076
    endloop
  endfacet
  facet normal 0.0879535 -0.760173 0.64374
    outer loop
      vertex 17.4281 8.34925 7.05848
      vertex 16.8695 9.4271 8.4076
      vertex 16.6282 8.2567 7.05848
    endloop
  endfacet
  facet normal -0.783009 0.338831 -0.521622
    outer loop
      vertex 18.7398 6.58305 10.1697
      vertex 18.42 5.84402 10.1697
      vertex 18.0167 6.98909 11.5189
    endloop
  endfacet
  facet normal 0.816281 -0.293911 0.497294
    outer loop
      vertex 15.6404 7.08168 7.11988
      vertex 15.4619 8.76474 8.4076
      vertex 15.1891 8.00709 8.4076
    endloop
  endfacet
  facet normal 0.816571 -0.293639 0.496979
    outer loop
      vertex 15.4619 8.76474 8.4076
      vertex 15.6404 7.08168 7.11988
      vertex 15.6568 7.08164 7.09291
    endloop
  endfacet
  facet normal 0.958654 0.110981 0.262042
    outer loop
      vertex 15.2251 6.02803 8.04471
      vertex 15.0986 7.12074 8.04471
      vertex 14.6217 8.05474 9.39383
    endloop
  endfacet
  facet normal 0.23243 0.800046 -0.553085
    outer loop
      vertex 16.1791 7.35715 12.8287
      vertex 16.6091 6.32674 11.5189
      vertex 15.4058 7.58181 12.8287
    endloop
  endfacet
  facet normal -0.178992 0.728714 -0.661013
    outer loop
      vertex 16.9611 7.54923 12.8287
      vertex 17.4017 6.46934 11.5189
      vertex 16.1791 7.35715 12.8287
    endloop
  endfacet
  facet normal 0.695112 0.666535 -0.26935
    outer loop
      vertex 15.1108 7.09476 11.8424
      vertex 15.5265 6.13194 10.5326
      vertex 14.3495 7.8887 11.8424
    endloop
  endfacet
  facet normal -0.848434 0.182963 -0.496673
    outer loop
      vertex 18.2895 7.74674 11.5189
      vertex 18.0444 8.57934 12.2443
      vertex 18.2709 8.13473 11.6936
    endloop
  endfacet
  facet normal -0.848289 0.183159 -0.496849
    outer loop
      vertex 18.0444 8.57934 12.2443
      vertex 18.2895 7.74674 11.5189
      vertex 17.767 8.87986 12.8287
    endloop
  endfacet
  facet normal -0.848364 0.183012 -0.496774
    outer loop
      vertex 18.2895 7.74674 11.5189
      vertex 18.2709 8.13473 11.6936
      vertex 18.4242 7.73543 11.2847
    endloop
  endfacet
  facet normal 0.181942 -0.741128 0.64624
    outer loop
      vertex 16.0769 9.2845 8.4076
      vertex 16.2443 10.4677 9.7174
      vertex 15.4622 10.2757 9.7174
    endloop
  endfacet
  facet normal -0.81451 0.236681 -0.529675
    outer loop
      vertex 17.767 8.87986 12.8287
      vertex 18.2895 7.74674 11.5189
      vertex 17.5423 8.10658 12.8287
    endloop
  endfacet
  facet normal 0.783847 -0.282232 0.553109
    outer loop
      vertex 15.1891 8.00709 8.4076
      vertex 15.4619 8.76474 8.4076
      vertex 14.881 9.7183 9.7174
    endloop
  endfacet
  facet normal 0.751803 0.635317 -0.176536
    outer loop
      vertex 15.5265 6.13194 10.5326
      vertex 14.8165 6.97212 10.5326
      vertex 14.3495 7.8887 11.8424
    endloop
  endfacet
  facet normal -0.852128 0.173539 -0.493724
    outer loop
      vertex 17.8926 8.87723 12.611
      vertex 18.0444 8.57934 12.2443
      vertex 17.767 8.87986 12.8287
    endloop
  endfacet
  facet normal -0.796131 0.286655 -0.53292
    outer loop
      vertex 18.2895 7.74674 11.5189
      vertex 18.0167 6.98909 11.5189
      vertex 17.5423 8.10658 12.8287
    endloop
  endfacet
  facet normal 0.323137 0.806596 -0.494959
    outer loop
      vertex 15.4058 7.58181 12.8287
      vertex 15.8515 6.59951 11.5189
      vertex 15.1108 7.09476 11.8424
    endloop
  endfacet
  facet normal 0.947811 0.170543 0.269386
    outer loop
      vertex 14.8165 6.97212 9.39383
      vertex 14.6217 8.05474 9.39383
      vertex 14.0871 8.95695 10.7036
    endloop
  endfacet
  facet normal 0.955884 0.234799 0.176509
    outer loop
      vertex 14.3495 7.8887 10.7036
      vertex 14.8165 6.97212 9.39383
      vertex 14.0871 8.95695 10.7036
    endloop
  endfacet
  facet normal 0.891015 0.453974 -1.82324e-17
    outer loop
      vertex 14.8165 6.97212 10.5326
      vertex 14.3495 7.8887 10.7036
      vertex 14.3495 7.8887 11.8424
    endloop
  endfacet
  facet normal 0.891015 0.453974 -1.82329e-17
    outer loop
      vertex 14.3495 7.8887 10.7036
      vertex 14.8165 6.97212 10.5326
      vertex 14.8165 6.97212 9.39383
    endloop
  endfacet
  facet normal 0.133826 -0.743832 0.654832
    outer loop
      vertex 16.8695 9.4271 8.4076
      vertex 16.2443 10.4677 9.7174
      vertex 16.0769 9.2845 8.4076
    endloop
  endfacet
  facet normal -0.360039 -0.791494 0.493871
    outer loop
      vertex 17.6271 9.15432 8.4076
      vertex 17.6988 9.2575 8.62523
      vertex 17.547 9.5554 8.99199
    endloop
  endfacet
  facet normal 0.484357 -0.57311 0.661017
    outer loop
      vertex 16.0769 9.2845 8.4076
      vertex 15.4622 10.2757 9.7174
      vertex 15.4619 8.76474 8.4076
    endloop
  endfacet
  facet normal -0.350404 -0.793927 0.496888
    outer loop
      vertex 17.0175 10.2431 9.7174
      vertex 17.3205 10 9.54265
      vertex 17.0876 10.3587 9.95154
    endloop
  endfacet
  facet normal -0.350409 -0.793928 0.496882
    outer loop
      vertex 17.0175 10.2431 9.7174
      vertex 17.547 9.5554 8.99199
      vertex 17.3205 10 9.54265
    endloop
  endfacet
  facet normal -0.350443 -0.793929 0.496857
    outer loop
      vertex 17.547 9.5554 8.99199
      vertex 17.0175 10.2431 9.7174
      vertex 17.6271 9.15432 8.4076
    endloop
  endfacet
  facet normal -0.287347 -0.798058 0.529655
    outer loop
      vertex 17.6271 9.15432 8.4076
      vertex 17.0175 10.2431 9.7174
      vertex 16.8695 9.4271 8.4076
    endloop
  endfacet
  facet normal 0.326077 0.808109 -0.490543
    outer loop
      vertex 15.8515 6.59951 11.5189
      vertex 15.5265 6.13194 10.5326
      vertex 15.1108 7.09476 11.8424
    endloop
  endfacet
  facet normal -0.523094 0.545478 -0.654849
    outer loop
      vertex 17.5423 8.10658 12.8287
      vertex 18.0167 6.98909 11.5189
      vertex 16.9611 7.54923 12.8287
    endloop
  endfacet
  facet normal -0.492586 0.582858 -0.646248
    outer loop
      vertex 18.0167 6.98909 11.5189
      vertex 17.4017 6.46934 11.5189
      vertex 16.9611 7.54923 12.8287
    endloop
  endfacet
  facet normal 0.291717 0.810223 -0.508371
    outer loop
      vertex 16.6091 6.32674 11.5189
      vertex 15.8515 6.59951 11.5189
      vertex 15.4058 7.58181 12.8287
    endloop
  endfacet
  facet normal 0.826981 -0.240198 0.508338
    outer loop
      vertex 15.1891 8.00709 8.4076
      vertex 14.881 9.7183 9.7174
      vertex 14.6564 8.94502 9.7174
    endloop
  endfacet
  facet normal 0.531984 -0.554699 0.639768
    outer loop
      vertex 15.4619 8.76474 8.4076
      vertex 15.4622 10.2757 9.7174
      vertex 14.881 9.7183 9.7174
    endloop
  endfacet
  facet normal -0.23604 -0.812585 0.532908
    outer loop
      vertex 16.8695 9.4271 8.4076
      vertex 17.0175 10.2431 9.7174
      vertex 16.2443 10.4677 9.7174
    endloop
  endfacet
  facet normal -0.136093 0.756432 -0.639758
    outer loop
      vertex 17.4017 6.46934 11.5189
      vertex 16.6091 6.32674 11.5189
      vertex 16.1791 7.35715 12.8287
    endloop
  endfacet
  facet normal 0.842468 -0.212731 0.494968
    outer loop
      vertex 15.1891 8.00709 8.4076
      vertex 14.6564 8.94502 9.7174
      vertex 14.6217 8.05474 9.39383
    endloop
  endfacet
  facet normal 0.845403 -0.21125 0.490578
    outer loop
      vertex 14.6217 8.05474 9.39383
      vertex 14.6564 8.94502 9.7174
      vertex 14.0871 8.95695 10.7036
    endloop
  endfacet
  facet normal 0.932813 0.229132 0.278133
    outer loop
      vertex 14.3495 7.8887 10.7036
      vertex 14.0871 8.95695 10.7036
      vertex 13.4969 9.82381 11.9689
    endloop
  endfacet
  facet normal 0.86072 0.509079 1.59645e-18
    outer loop
      vertex 14.3495 7.8887 11.8424
      vertex 13.8258 8.77414 11.9689
      vertex 13.8258 8.77414 13.1077
    endloop
  endfacet
  facet normal 0.86072 0.509079 1.59645e-18
    outer loop
      vertex 13.8258 8.77414 11.9689
      vertex 14.3495 7.8887 11.8424
      vertex 14.3495 7.8887 10.7036
    endloop
  endfacet
  facet normal -0.180704 0.735687 -0.652772
    outer loop
      vertex 16.9611 7.54923 12.8287
      vertex 16.1791 7.35715 12.8287
      vertex 15.6852 8.35853 14.094
    endloop
  endfacet
  facet normal -0.54795 0.503902 -0.667708
    outer loop
      vertex 16.9987 9.19208 14.094
      vertex 17.5423 8.10658 12.8287
      vertex 16.4536 8.59933 14.094
    endloop
  endfacet
  facet normal -0.326845 -0.804916 0.49526
    outer loop
      vertex 17.0175 10.2431 9.7174
      vertex 17.0876 10.3587 9.95154
      vertex 16.9169 10.6215 10.266
    endloop
  endfacet
  facet normal 0.294745 0.816439 -0.49654
    outer loop
      vertex 14.8993 8.53419 14.094
      vertex 15.4058 7.58181 12.8287
      vertex 14.6355 8.02958 13.1077
    endloop
  endfacet
  facet normal 0.938209 0.293975 0.182599
    outer loop
      vertex 13.8258 8.77414 11.9689
      vertex 14.3495 7.8887 10.7036
      vertex 13.4969 9.82381 11.9689
    endloop
  endfacet
  facet normal 0.70967 0.680494 -0.182473
    outer loop
      vertex 15.1108 7.09476 11.8424
      vertex 14.3495 7.8887 11.8424
      vertex 13.8258 8.77414 13.1077
    endloop
  endfacet
  facet normal -0.182768 -0.817516 0.546135
    outer loop
      vertex 16.2443 10.4677 9.7174
      vertex 16.3408 11.2914 10.9827
      vertex 15.5549 11.4671 10.9827
    endloop
  endfacet
  facet normal -0.804425 0.23375 -0.546133
    outer loop
      vertex 17.767 8.87986 12.8287
      vertex 17.5423 8.10658 12.8287
      vertex 16.9987 9.19208 14.094
    endloop
  endfacet
  facet normal -0.862685 0.101793 -0.495391
    outer loop
      vertex 17.3285 9.9844 13.8268
      vertex 17.481 9.68494 13.4997
      vertex 17.1743 9.97794 14.094
    endloop
  endfacet
  facet normal 0.511462 -0.533301 0.673793
    outer loop
      vertex 14.881 9.7183 9.7174
      vertex 15.4622 10.2757 9.7174
      vertex 14.7865 11.2263 10.9827
    endloop
  endfacet
  facet normal -0.318346 -0.806605 0.498041
    outer loop
      vertex 16.3408 11.2914 10.9827
      vertex 16.9169 10.6215 10.266
      vertex 16.4037 11.4118 11.2179
    endloop
  endfacet
  facet normal -0.31844 -0.806611 0.49797
    outer loop
      vertex 16.9169 10.6215 10.266
      vertex 16.3408 11.2914 10.9827
      vertex 17.0175 10.2431 9.7174
    endloop
  endfacet
  facet normal -0.234266 -0.806477 0.542876
    outer loop
      vertex 17.0175 10.2431 9.7174
      vertex 16.3408 11.2914 10.9827
      vertex 16.2443 10.4677 9.7174
    endloop
  endfacet
  facet normal -0.819609 0.183141 -0.542864
    outer loop
      vertex 17.1743 9.97794 14.094
      vertex 17.767 8.87986 12.8287
      vertex 16.9987 9.19208 14.094
    endloop
  endfacet
  facet normal -0.220963 0.705099 -0.673803
    outer loop
      vertex 16.4536 8.59933 14.094
      vertex 16.9611 7.54923 12.8287
      vertex 15.6852 8.35853 14.094
    endloop
  endfacet
  facet normal 0.179774 0.804306 -0.566368
    outer loop
      vertex 15.6852 8.35853 14.094
      vertex 16.1791 7.35715 12.8287
      vertex 14.8993 8.53419 14.094
    endloop
  endfacet
  facet normal 0.238052 0.819396 -0.52146
    outer loop
      vertex 16.1791 7.35715 12.8287
      vertex 15.4058 7.58181 12.8287
      vertex 14.8993 8.53419 14.094
    endloop
  endfacet
  facet normal 0.224871 -0.71757 0.659186
    outer loop
      vertex 15.4622 10.2757 9.7174
      vertex 15.5549 11.4671 10.9827
      vertex 14.7865 11.2263 10.9827
    endloop
  endfacet
  facet normal 0.791485 -0.229888 0.566307
    outer loop
      vertex 14.6564 8.94502 9.7174
      vertex 14.881 9.7183 9.7174
      vertex 14.2415 10.6335 10.9827
    endloop
  endfacet
  facet normal 0.177478 -0.722946 0.66772
    outer loop
      vertex 16.2443 10.4677 9.7174
      vertex 15.5549 11.4671 10.9827
      vertex 15.4622 10.2757 9.7174
    endloop
  endfacet
  facet normal 0.650167 0.707049 -0.278147
    outer loop
      vertex 14.6355 8.02958 13.1077
      vertex 15.1108 7.09476 11.8424
      vertex 13.8258 8.77414 13.1077
    endloop
  endfacet
  facet normal 0.29699 0.81793 -0.492735
    outer loop
      vertex 15.4058 7.58181 12.8287
      vertex 15.1108 7.09476 11.8424
      vertex 14.6355 8.02958 13.1077
    endloop
  endfacet
  facet normal -0.860315 0.109352 -0.497895
    outer loop
      vertex 17.481 9.68494 13.4997
      vertex 17.767 8.87986 12.8287
      vertex 17.1743 9.97794 14.094
    endloop
  endfacet
  facet normal -0.86043 0.109179 -0.497736
    outer loop
      vertex 17.767 8.87986 12.8287
      vertex 17.481 9.68494 13.4997
      vertex 17.8926 8.87723 12.611
    endloop
  endfacet
  facet normal -0.520473 0.542745 -0.659193
    outer loop
      vertex 17.5423 8.10658 12.8287
      vertex 16.9611 7.54923 12.8287
      vertex 16.4536 8.59933 14.094
    endloop
  endfacet
  facet normal 0.557706 -0.512736 0.652737
    outer loop
      vertex 14.881 9.7183 9.7174
      vertex 14.7865 11.2263 10.9827
      vertex 14.2415 10.6335 10.9827
    endloop
  endfacet
  facet normal 0.857408 -0.135101 0.496587
    outer loop
      vertex 14.0871 8.95695 10.7036
      vertex 14.6564 8.94502 9.7174
      vertex 14.0658 9.84765 10.9827
    endloop
  endfacet
  facet normal 0.859812 -0.133843 0.492756
    outer loop
      vertex 14.0871 8.95695 10.7036
      vertex 14.0658 9.84765 10.9827
      vertex 13.4969 9.82381 11.9689
    endloop
  endfacet
  facet normal 0.8327 -0.186175 0.521488
    outer loop
      vertex 14.6564 8.94502 9.7174
      vertex 14.2415 10.6335 10.9827
      vertex 14.0658 9.84765 10.9827
    endloop
  endfacet
  facet normal -0.807622 0.180463 -0.561408
    outer loop
      vertex 17.1743 9.97794 14.094
      vertex 16.9987 9.19208 14.094
      vertex 16.388 10.2413 15.3098
    endloop
  endfacet
  facet normal 0.827088 0.562072 8.56088e-19
    outer loop
      vertex 13.8258 8.77414 13.1077
      vertex 13.2476 9.62496 13.1848
      vertex 13.2476 9.62496 14.3236
    endloop
  endfacet
  facet normal 0.827088 0.562072 8.56088e-19
    outer loop
      vertex 13.2476 9.62496 13.1848
      vertex 13.8258 8.77414 13.1077
      vertex 13.8258 8.77414 11.9689
    endloop
  endfacet
  facet normal 0.26468 -0.689727 0.67396
    outer loop
      vertex 14.7865 11.2263 10.9827
      vertex 14.8042 12.4211 12.1985
      vertex 14.0524 12.1326 12.1985
    endloop
  endfacet
  facet normal -0.288607 -0.817259 0.498793
    outer loop
      vertex 15.5995 12.2952 12.1985
      vertex 16.1803 11.7557 11.6506
      vertex 15.6506 12.4099 12.416
    endloop
  endfacet
  facet normal -0.289563 -0.817434 0.497951
    outer loop
      vertex 15.5995 12.2952 12.1985
      vertex 16.191 11.7393 11.6299
      vertex 16.1803 11.7557 11.6506
    endloop
  endfacet
  facet normal -0.288589 -0.817263 0.498797
    outer loop
      vertex 16.191 11.7393 11.6299
      vertex 15.5995 12.2952 12.1985
      vertex 16.3408 11.2914 10.9827
    endloop
  endfacet
  facet normal 0.533982 -0.490925 0.688371
    outer loop
      vertex 14.2415 10.6335 10.9827
      vertex 14.7865 11.2263 10.9827
      vertex 14.0524 12.1326 12.1985
    endloop
  endfacet
  facet normal -0.819546 0.129738 -0.558132
    outer loop
      vertex 16.5139 11.0366 15.3098
      vertex 17.1743 9.97794 14.094
      vertex 16.388 10.2413 15.3098
    endloop
  endfacet
  facet normal 0.833397 -0.132019 0.536675
    outer loop
      vertex 14.0658 9.84765 10.9827
      vertex 13.5457 11.5068 12.1985
      vertex 13.4197 10.7114 12.1985
    endloop
  endfacet
  facet normal 0.913658 0.286282 0.288569
    outer loop
      vertex 13.8258 8.77414 11.9689
      vertex 13.4969 9.82381 11.9689
      vertex 12.8534 10.6519 13.1848
    endloop
  endfacet
  facet normal 0.793771 -0.177471 0.581749
    outer loop
      vertex 14.0658 9.84765 10.9827
      vertex 14.2415 10.6335 10.9827
      vertex 13.5457 11.5068 12.1985
    endloop
  endfacet
  facet normal -0.18103 -0.80974 0.558167
    outer loop
      vertex 16.3408 11.2914 10.9827
      vertex 15.5995 12.2952 12.1985
      vertex 15.5549 11.4671 10.9827
    endloop
  endfacet
  facet normal -0.568086 0.460053 -0.682371
    outer loop
      vertex 16.388 10.2413 15.3098
      vertex 16.9987 9.19208 14.094
      vertex 15.8812 9.61549 15.3098
    endloop
  endfacet
  facet normal -0.259939 0.677186 -0.688368
    outer loop
      vertex 15.8812 9.61549 15.3098
      vertex 16.4536 8.59933 14.094
      vertex 15.1294 9.32691 15.3098
    endloop
  endfacet
  facet normal -0.543782 0.500068 -0.673968
    outer loop
      vertex 16.9987 9.19208 14.094
      vertex 16.4536 8.59933 14.094
      vertex 15.8812 9.61549 15.3098
    endloop
  endfacet
  facet normal 0.268852 0.824452 -0.497994
    outer loop
      vertex 14.3341 9.45288 15.3098
      vertex 14.8993 8.53419 14.094
      vertex 14.1025 8.93271 14.3236
    endloop
  endfacet
  facet normal 0.602531 0.7441 -0.288569
    outer loop
      vertex 14.1025 8.93271 14.3236
      vertex 14.6355 8.02958 13.1077
      vertex 13.2476 9.62496 14.3236
    endloop
  endfacet
  facet normal 0.916634 0.351858 0.189678
    outer loop
      vertex 13.2476 9.62496 13.1848
      vertex 13.8258 8.77414 11.9689
      vertex 12.8534 10.6519 13.1848
    endloop
  endfacet
  facet normal -0.867477 0.0264486 -0.496774
    outer loop
      vertex 16.6388 11.0498 15.0924
      vertex 16.8082 10.7889 14.7827
      vertex 16.5139 11.0366 15.3098
    endloop
  endfacet
  facet normal 0.218606 -0.697578 0.682346
    outer loop
      vertex 15.5549 11.4671 10.9827
      vertex 14.8042 12.4211 12.1985
      vertex 14.7865 11.2263 10.9827
    endloop
  endfacet
  facet normal -0.86609 0.0326314 -0.498821
    outer loop
      vertex 17.1743 9.97794 14.094
      vertex 16.8082 10.7889 14.7827
      vertex 17.3205 10 13.8416
    endloop
  endfacet
  facet normal -0.866055 0.0293619 -0.499087
    outer loop
      vertex 17.1743 9.97794 14.094
      vertex 17.3205 10 13.8416
      vertex 17.3285 9.9844 13.8268
    endloop
  endfacet
  facet normal -0.866026 0.0327478 -0.498925
    outer loop
      vertex 16.8082 10.7889 14.7827
      vertex 17.1743 9.97794 14.094
      vertex 16.5139 11.0366 15.3098
    endloop
  endfacet
  facet normal -0.222633 0.710427 -0.667629
    outer loop
      vertex 16.4536 8.59933 14.094
      vertex 15.6852 8.35853 14.094
      vertex 15.1294 9.32691 15.3098
    endloop
  endfacet
  facet normal 0.664587 0.722731 -0.189694
    outer loop
      vertex 14.6355 8.02958 13.1077
      vertex 13.8258 8.77414 13.1077
      vertex 13.2476 9.62496 14.3236
    endloop
  endfacet
  facet normal -0.29478 -0.816322 0.496713
    outer loop
      vertex 16.3408 11.2914 10.9827
      vertex 16.4037 11.4118 11.2179
      vertex 16.191 11.7393 11.6299
    endloop
  endfacet
  facet normal 0.865526 -0.0535391 0.497994
    outer loop
      vertex 13.4969 9.82381 11.9689
      vertex 14.0658 9.84765 10.9827
      vertex 13.4197 10.7114 12.1985
    endloop
  endfacet
  facet normal 0.578601 -0.468484 0.667641
    outer loop
      vertex 14.2415 10.6335 10.9827
      vertex 14.0524 12.1326 12.1985
      vertex 13.5457 11.5068 12.1985
    endloop
  endfacet
  facet normal 0.184058 0.823472 -0.536672
    outer loop
      vertex 15.6852 8.35853 14.094
      vertex 14.8993 8.53419 14.094
      vertex 14.3341 9.45288 15.3098
    endloop
  endfacet
  facet normal 0.127249 0.803377 -0.581715
    outer loop
      vertex 15.1294 9.32691 15.3098
      vertex 15.6852 8.35853 14.094
      vertex 14.3341 9.45288 15.3098
    endloop
  endfacet
  facet normal -0.129388 -0.817335 0.561446
    outer loop
      vertex 15.5549 11.4671 10.9827
      vertex 15.5995 12.2952 12.1985
      vertex 14.8042 12.4211 12.1985
    endloop
  endfacet
  facet normal 0.867386 -0.0525647 0.494852
    outer loop
      vertex 13.4969 9.82381 11.9689
      vertex 13.4197 10.7114 12.1985
      vertex 12.8534 10.6519 13.1848
    endloop
  endfacet
  facet normal 0.270447 0.825826 -0.494843
    outer loop
      vertex 14.8993 8.53419 14.094
      vertex 14.6355 8.02958 13.1077
      vertex 14.1025 8.93271 14.3236
    endloop
  endfacet
  facet normal 0.890337 0.341764 0.300828
    outer loop
      vertex 13.2476 9.62496 13.1848
      vertex 12.8534 10.6519 13.1848
      vertex 12.1592 11.438 14.3463
    endloop
  endfacet
  facet normal -0.865811 -0.0518468 -0.497679
    outer loop
      vertex 15.9222 12.0744 16.2361
      vertex 16.168 11.7709 15.8401
      vertex 15.7883 12.0518 16.4714
    endloop
  endfacet
  facet normal -0.864808 -0.0451116 -0.500072
    outer loop
      vertex 16.1803 11.7557 15.8202
      vertex 15.7883 12.0518 16.4714
      vertex 16.168 11.7709 15.8401
    endloop
  endfacet
  facet normal -0.864924 -0.0465464 -0.49974
    outer loop
      vertex 16.5139 11.0366 15.3098
      vertex 16.1803 11.7557 15.8202
      vertex 16.6388 11.0498 15.0924
    endloop
  endfacet
  facet normal -0.865073 -0.0468162 -0.499457
    outer loop
      vertex 16.1803 11.7557 15.8202
      vertex 16.5139 11.0366 15.3098
      vertex 15.7883 12.0518 16.4714
    endloop
  endfacet
  facet normal 0.551411 -0.446468 0.704707
    outer loop
      vertex 13.5457 11.5068 12.1985
      vertex 14.0524 12.1326 12.1985
      vertex 13.2629 12.991 13.3601
    endloop
  endfacet
  facet normal -0.583029 0.414356 -0.698846
    outer loop
      vertex 15.7126 11.2501 16.4714
      vertex 16.388 10.2413 15.3098
      vertex 15.2461 10.5937 16.4714
    endloop
  endfacet
  facet normal 0.790157 0.612905 3.24846e-17
    outer loop
      vertex 13.2476 9.62496 14.3236
      vertex 12.6171 10.4378 14.3463
      vertex 12.6171 10.4378 15.4851
    endloop
  endfacet
  facet normal 0.790157 0.612905 3.24846e-17
    outer loop
      vertex 12.6171 10.4378 14.3463
      vertex 13.2476 9.62496 14.3236
      vertex 13.2476 9.62496 13.1848
    endloop
  endfacet
  facet normal 0.891199 0.407998 0.198247
    outer loop
      vertex 12.6171 10.4378 14.3463
      vertex 13.2476 9.62496 13.1848
      vertex 12.1592 11.438 14.3463
    endloop
  endfacet
  facet normal -0.25876 -0.826757 0.499515
    outer loop
      vertex 14.7967 13.2504 13.3601
      vertex 14.8629 13.3826 13.6132
      vertex 14.8505 13.395 13.6273
    endloop
  endfacet
  facet normal -0.260273 -0.826215 0.499627
    outer loop
      vertex 14.7967 13.2504 13.3601
      vertex 15.4549 12.6515 12.7126
      vertex 14.8629 13.3826 13.6132
    endloop
  endfacet
  facet normal -0.260592 -0.826276 0.499359
    outer loop
      vertex 15.4549 12.6515 12.7126
      vertex 14.7967 13.2504 13.3601
      vertex 15.5995 12.2952 12.1985
    endloop
  endfacet
  facet normal 0.301056 -0.657617 0.690584
    outer loop
      vertex 14.0524 12.1326 12.1985
      vertex 13.9951 13.3262 13.3601
      vertex 13.2629 12.991 13.3601
    endloop
  endfacet
  facet normal -0.814053 0.0768664 -0.575682
    outer loop
      vertex 15.7883 12.0518 16.4714
      vertex 16.5139 11.0366 15.3098
      vertex 15.7126 11.2501 16.4714
    endloop
  endfacet
  facet normal -0.805324 0.127487 -0.578964
    outer loop
      vertex 16.5139 11.0366 15.3098
      vertex 16.388 10.2413 15.3098
      vertex 15.7126 11.2501 16.4714
    endloop
  endfacet
  facet normal -0.265077 -0.825807 0.497772
    outer loop
      vertex 15.5995 12.2952 12.1985
      vertex 15.6506 12.4099 12.416
      vertex 15.4549 12.6515 12.7126
    endloop
  endfacet
  facet normal 0.256265 -0.667799 0.698837
    outer loop
      vertex 14.0524 12.1326 12.1985
      vertex 14.8042 12.4211 12.1985
      vertex 13.9951 13.3262 13.3601
    endloop
  endfacet
  facet normal -0.127844 -0.807582 0.575731
    outer loop
      vertex 14.8042 12.4211 12.1985
      vertex 15.5995 12.2952 12.1985
      vertex 14.7967 13.2504 13.3601
    endloop
  endfacet
  facet normal 0.245586 0.831019 -0.499094
    outer loop
      vertex 13.7122 10.3343 16.4714
      vertex 14.3341 9.45288 15.3098
      vertex 13.5138 9.80058 15.4851
    endloop
  endfacet
  facet normal 0.246541 0.832113 -0.496795
    outer loop
      vertex 14.3341 9.45288 15.3098
      vertex 14.1025 8.93271 14.3236
      vertex 13.5138 9.80058 15.4851
    endloop
  endfacet
  facet normal 0.616811 0.761735 -0.198252
    outer loop
      vertex 14.1025 8.93271 14.3236
      vertex 13.2476 9.62496 14.3236
      vertex 12.6171 10.4378 15.4851
    endloop
  endfacet
  facet normal 0.594323 -0.422382 0.684378
    outer loop
      vertex 13.5457 11.5068 12.1985
      vertex 13.2629 12.991 13.3601
      vertex 12.7964 12.3346 13.3601
    endloop
  endfacet
  facet normal 0.82871 -0.0783538 0.554166
    outer loop
      vertex 13.4197 10.7114 12.1985
      vertex 12.7964 12.3346 13.3601
      vertex 12.7206 11.5329 13.3601
    endloop
  endfacet
  facet normal -0.562048 0.455163 -0.690601
    outer loop
      vertex 16.388 10.2413 15.3098
      vertex 15.8812 9.61549 15.3098
      vertex 15.2461 10.5937 16.4714
    endloop
  endfacet
  facet normal -0.295325 0.645099 -0.70472
    outer loop
      vertex 15.2461 10.5937 16.4714
      vertex 15.8812 9.61549 15.3098
      vertex 14.5139 10.2585 16.4714
    endloop
  endfacet
  facet normal -0.0767554 -0.811704 0.579004
    outer loop
      vertex 14.8042 12.4211 12.1985
      vertex 14.7967 13.2504 13.3601
      vertex 13.9951 13.3262 13.3601
    endloop
  endfacet
  facet normal 0.552424 0.777375 -0.300859
    outer loop
      vertex 13.5138 9.80058 15.4851
      vertex 14.1025 8.93271 14.3236
      vertex 12.6171 10.4378 15.4851
    endloop
  endfacet
  facet normal 0.130226 0.822172 -0.554142
    outer loop
      vertex 15.1294 9.32691 15.3098
      vertex 14.3341 9.45288 15.3098
      vertex 13.7122 10.3343 16.4714
    endloop
  endfacet
  facet normal 0.865981 0.0312258 0.499101
    outer loop
      vertex 12.8534 10.6519 13.1848
      vertex 13.4197 10.7114 12.1985
      vertex 12.7206 11.5329 13.3601
    endloop
  endfacet
  facet normal 0.867291 0.0318853 0.496779
    outer loop
      vertex 12.8534 10.6519 13.1848
      vertex 12.7206 11.5329 13.3601
      vertex 12.1592 11.438 14.3463
    endloop
  endfacet
  facet normal -0.261291 0.680708 -0.684371
    outer loop
      vertex 15.8812 9.61549 15.3098
      vertex 15.1294 9.32691 15.3098
      vertex 14.5139 10.2585 16.4714
    endloop
  endfacet
  facet normal 0.0753558 0.797002 -0.599257
    outer loop
      vertex 14.5139 10.2585 16.4714
      vertex 15.1294 9.32691 15.3098
      vertex 13.7122 10.3343 16.4714
    endloop
  endfacet
  facet normal 0.790673 -0.125251 0.599289
    outer loop
      vertex 13.4197 10.7114 12.1985
      vertex 13.5457 11.5068 12.1985
      vertex 12.7964 12.3346 13.3601
    endloop
  endfacet
  facet normal 0.781766 -0.0739152 0.619176
    outer loop
      vertex 12.7206 11.5329 13.3601
      vertex 12.7964 12.3346 13.3601
      vertex 11.9967 13.1137 14.4628
    endloop
  endfacet
  facet normal 0.862851 0.395021 0.315351
    outer loop
      vertex 12.6171 10.4378 14.3463
      vertex 12.1592 11.438 14.3463
      vertex 11.417 12.1789 15.449
    endloop
  endfacet
  facet normal -0.326451 0.608889 -0.722969
    outer loop
      vertex 14.5508 11.5301 17.574
      vertex 15.2461 10.5937 16.4714
      vertex 13.8411 11.1496 17.574
    endloop
  endfacet
  facet normal 0.604399 -0.374703 0.703064
    outer loop
      vertex 12.7964 12.3346 13.3601
      vertex 12.421 13.7981 14.4628
      vertex 11.9967 13.1137 14.4628
    endloop
  endfacet
  facet normal 0.500029 0.806551 -0.315353
    outer loop
      vertex 12.8717 10.6298 16.5878
      vertex 13.5138 9.80058 15.4851
      vertex 11.9368 11.2094 16.5878
    endloop
  endfacet
  facet normal 0.563178 -0.400247 0.722934
    outer loop
      vertex 12.7964 12.3346 13.3601
      vertex 13.2629 12.991 13.3601
      vertex 12.421 13.7981 14.4628
    endloop
  endfacet
  facet normal -0.236959 -0.83366 0.498861
    outer loop
      vertex 14.7967 13.2504 13.3601
      vertex 14.8505 13.395 13.6273
      vertex 14.6129 13.6326 13.9115
    endloop
  endfacet
  facet normal 0.566551 0.797254 -0.20834
    outer loop
      vertex 13.5138 9.80058 15.4851
      vertex 12.6171 10.4378 15.4851
      vertex 11.9368 11.2094 16.5878
    endloop
  endfacet
  facet normal 0.333208 -0.621329 0.709171
    outer loop
      vertex 13.2629 12.991 13.3601
      vertex 13.1307 14.1787 14.4628
      vertex 12.421 13.7981 14.4628
    endloop
  endfacet
  facet normal -0.797205 0.0752756 -0.598997
    outer loop
      vertex 15.7883 12.0518 16.4714
      vertex 15.7126 11.2501 16.4714
      vertex 14.9752 12.2145 17.574
    endloop
  endfacet
  facet normal -0.856834 -0.130406 -0.498829
    outer loop
      vertex 15.1321 13.0502 17.3399
      vertex 15.3292 12.8067 17.065
      vertex 15.0005 13.0194 17.574
    endloop
  endfacet
  facet normal -0.0251597 -0.800338 0.599021
    outer loop
      vertex 13.9951 13.3262 13.3601
      vertex 13.9355 14.1534 14.4628
      vertex 13.1307 14.1787 14.4628
    endloop
  endfacet
  facet normal -0.0756115 -0.799607 0.595745
    outer loop
      vertex 13.9951 13.3262 13.3601
      vertex 14.7967 13.2504 13.3601
      vertex 13.9355 14.1534 14.4628
    endloop
  endfacet
  facet normal 0.224844 0.836423 -0.499841
    outer loop
      vertex 13.0363 11.1749 17.574
      vertex 13.7122 10.3343 16.4714
      vertex 12.8717 10.6298 16.5878
    endloop
  endfacet
  facet normal -0.57465 0.408401 -0.709215
    outer loop
      vertex 15.7126 11.2501 16.4714
      vertex 15.2461 10.5937 16.4714
      vertex 14.5508 11.5301 17.574
    endloop
  endfacet
  facet normal -0.592198 0.367225 -0.717249
    outer loop
      vertex 14.9752 12.2145 17.574
      vertex 15.7126 11.2501 16.4714
      vertex 14.5508 11.5301 17.574
    endloop
  endfacet
  facet normal -0.234314 -0.833843 0.499802
    outer loop
      vertex 13.9355 14.1534 14.4628
      vertex 14.6129 13.6326 13.9115
      vertex 13.9719 14.2736 14.6804
    endloop
  endfacet
  facet normal -0.234233 -0.83382 0.49988
    outer loop
      vertex 14.6129 13.6326 13.9115
      vertex 13.9355 14.1534 14.4628
      vertex 14.7967 13.2504 13.3601
    endloop
  endfacet
  facet normal 0.290064 -0.633606 0.717221
    outer loop
      vertex 13.2629 12.991 13.3601
      vertex 13.9951 13.3262 13.3601
      vertex 13.1307 14.1787 14.4628
    endloop
  endfacet
  facet normal 0.858035 0.118166 0.499812
    outer loop
      vertex 12.1592 11.438 14.3463
      vertex 12.7206 11.5329 13.3601
      vertex 11.9714 12.3089 14.4628
    endloop
  endfacet
  facet normal 0.818366 -0.0257265 0.574121
    outer loop
      vertex 12.7206 11.5329 13.3601
      vertex 11.9967 13.1137 14.4628
      vertex 11.9714 12.3089 14.4628
    endloop
  endfacet
  facet normal -0.295983 0.646536 -0.703125
    outer loop
      vertex 15.2461 10.5937 16.4714
      vertex 14.5139 10.2585 16.4714
      vertex 13.8411 11.1496 17.574
    endloop
  endfacet
  facet normal 0.75009 0.661335 -2.2814e-17
    outer loop
      vertex 12.6171 10.4378 15.4851
      vertex 11.9368 11.2094 15.449
      vertex 11.9368 11.2094 16.5878
    endloop
  endfacet
  facet normal 0.75009 0.661335 -2.2814e-17
    outer loop
      vertex 11.9368 11.2094 15.449
      vertex 12.6171 10.4378 15.4851
      vertex 12.6171 10.4378 14.3463
    endloop
  endfacet
  facet normal 0.225318 0.837184 -0.498352
    outer loop
      vertex 13.7122 10.3343 16.4714
      vertex 13.5138 9.80058 15.4851
      vertex 12.8717 10.6298 16.5878
    endloop
  endfacet
  facet normal -0.856646 -0.127989 -0.499777
    outer loop
      vertex 15.7883 12.0518 16.4714
      vertex 15.3292 12.8067 17.065
      vertex 15.9222 12.0744 16.2361
    endloop
  endfacet
  facet normal -0.856676 -0.128062 -0.499706
    outer loop
      vertex 15.3292 12.8067 17.065
      vertex 15.7883 12.0518 16.4714
      vertex 15.0005 13.0194 17.574
    endloop
  endfacet
  facet normal -0.802788 0.0252336 -0.59573
    outer loop
      vertex 15.0005 13.0194 17.574
      vertex 15.7883 12.0518 16.4714
      vertex 14.9752 12.2145 17.574
    endloop
  endfacet
  facet normal 0.858804 0.11852 0.498406
    outer loop
      vertex 12.1592 11.438 14.3463
      vertex 11.9714 12.3089 14.4628
      vertex 11.417 12.1789 15.449
    endloop
  endfacet
  facet normal 0.0770669 0.815099 -0.574173
    outer loop
      vertex 14.5139 10.2585 16.4714
      vertex 13.7122 10.3343 16.4714
      vertex 13.0363 11.1749 17.574
    endloop
  endfacet
  facet normal 0.0246721 0.784825 -0.619226
    outer loop
      vertex 13.8411 11.1496 17.574
      vertex 14.5139 10.2585 16.4714
      vertex 13.0363 11.1749 17.574
    endloop
  endfacet
  facet normal 0.861968 0.462147 0.208402
    outer loop
      vertex 11.9368 11.2094 15.449
      vertex 12.6171 10.4378 14.3463
      vertex 11.417 12.1789 15.449
    endloop
  endfacet
  facet normal 0.801932 0.0252098 0.596884
    outer loop
      vertex 11.1749 13.0363 15.5022
      vertex 11.9714 12.3089 14.4628
      vertex 11.1496 13.8411 15.5022
    endloop
  endfacet
  facet normal -0.785509 -0.0246936 -0.618358
    outer loop
      vertex 15.0005 13.0194 17.574
      vertex 14.1787 13.1307 18.6135
      vertex 14.1534 13.9355 18.6135
    endloop
  endfacet
  facet normal -0.840253 -0.211019 -0.499446
    outer loop
      vertex 14.2736 13.9719 18.3959
      vertex 14.5101 13.7355 18.0979
      vertex 14.1534 13.9355 18.6135
    endloop
  endfacet
  facet normal -0.35269 0.568892 -0.742948
    outer loop
      vertex 13.7981 12.421 18.6135
      vertex 14.5508 11.5301 17.574
      vertex 13.1137 11.9967 18.6135
    endloop
  endfacet
  facet normal 0.0246089 -0.782913 0.621644
    outer loop
      vertex 13.1307 14.1787 14.4628
      vertex 13.0194 15.0005 15.5022
      vertex 12.2145 14.9752 15.5022
    endloop
  endfacet
  facet normal 0.568861 -0.352671 0.74298
    outer loop
      vertex 11.9967 13.1137 14.4628
      vertex 12.421 13.7981 14.4628
      vertex 11.5301 14.5508 15.5022
    endloop
  endfacet
  facet normal 0.707107 0.707107 -2.26284e-17
    outer loop
      vertex 11.9368 11.2094 16.5878
      vertex 11.2094 11.9368 16.4885
      vertex 11.2094 11.9368 17.6273
    endloop
  endfacet
  facet normal 0.707107 0.707107 -2.26284e-17
    outer loop
      vertex 11.2094 11.9368 16.4885
      vertex 11.9368 11.2094 16.5878
      vertex 11.9368 11.2094 15.449
    endloop
  endfacet
  facet normal 0.829006 0.51395 0.220463
    outer loop
      vertex 11.2094 11.9368 16.4885
      vertex 11.9368 11.2094 15.449
      vertex 10.6298 12.8717 16.4885
    endloop
  endfacet
  facet normal -0.211182 -0.84021 0.49945
    outer loop
      vertex 13.9355 14.1534 14.4628
      vertex 13.9719 14.2736 14.6804
      vertex 13.7355 14.5101 14.9783
    endloop
  endfacet
  facet normal 0.360352 -0.581115 0.729693
    outer loop
      vertex 12.421 13.7981 14.4628
      vertex 12.2145 14.9752 15.5022
      vertex 11.5301 14.5508 15.5022
    endloop
  endfacet
  facet normal 0.319194 -0.595198 0.737465
    outer loop
      vertex 12.421 13.7981 14.4628
      vertex 13.1307 14.1787 14.4628
      vertex 12.2145 14.9752 15.5022
    endloop
  endfacet
  facet normal -0.84032 -0.209773 -0.499857
    outer loop
      vertex 15.0005 13.0194 17.574
      vertex 14.5101 13.7355 18.0979
      vertex 14.8629 13.3826 17.6529
    endloop
  endfacet
  facet normal -0.840272 -0.209733 -0.499955
    outer loop
      vertex 15.0005 13.0194 17.574
      vertex 14.8629 13.3826 17.6529
      vertex 15.1321 13.0502 17.3399
    endloop
  endfacet
  facet normal -0.840272 -0.209638 -0.499995
    outer loop
      vertex 14.5101 13.7355 18.0979
      vertex 15.0005 13.0194 17.574
      vertex 14.1534 13.9355 18.6135
    endloop
  endfacet
  facet normal -0.782942 0.0246098 -0.621607
    outer loop
      vertex 15.0005 13.0194 17.574
      vertex 14.9752 12.2145 17.574
      vertex 14.1787 13.1307 18.6135
    endloop
  endfacet
  facet normal -0.32606 0.608159 -0.723759
    outer loop
      vertex 14.5508 11.5301 17.574
      vertex 13.8411 11.1496 17.574
      vertex 13.1137 11.9967 18.6135
    endloop
  endfacet
  facet normal 0.206514 0.84134 -0.499499
    outer loop
      vertex 13.0363 11.1749 17.574
      vertex 12.8717 10.6298 16.5878
      vertex 12.1789 11.417 17.6273
    endloop
  endfacet
  facet normal 0.831194 0.445647 0.33244
    outer loop
      vertex 11.9368 11.2094 15.449
      vertex 11.417 12.1789 15.449
      vertex 10.6298 12.8717 16.4885
    endloop
  endfacet
  facet normal 0.445647 0.831194 -0.33244
    outer loop
      vertex 12.1789 11.417 17.6273
      vertex 12.8717 10.6298 16.5878
      vertex 11.2094 11.9368 17.6273
    endloop
  endfacet
  facet normal 0.841346 0.206576 0.499463
    outer loop
      vertex 11.417 12.1789 15.449
      vertex 11.1749 13.0363 15.5022
      vertex 10.6298 12.8717 16.4885
    endloop
  endfacet
  facet normal 0.206403 0.84106 -0.500016
    outer loop
      vertex 12.3089 11.9714 18.6135
      vertex 13.0363 11.1749 17.574
      vertex 12.1789 11.417 17.6273
    endloop
  endfacet
  facet normal -0.595229 0.319211 -0.737433
    outer loop
      vertex 14.1787 13.1307 18.6135
      vertex 14.9752 12.2145 17.574
      vertex 13.7981 12.421 18.6135
    endloop
  endfacet
  facet normal -0.581145 0.360371 -0.72966
    outer loop
      vertex 14.9752 12.2145 17.574
      vertex 14.5508 11.5301 17.574
      vertex 13.7981 12.421 18.6135
    endloop
  endfacet
  facet normal -0.0241006 0.766648 -0.641615
    outer loop
      vertex 13.1137 11.9967 18.6135
      vertex 13.8411 11.1496 17.574
      vertex 12.3089 11.9714 18.6135
    endloop
  endfacet
  facet normal 0.0252107 0.801959 -0.596847
    outer loop
      vertex 13.8411 11.1496 17.574
      vertex 13.0363 11.1749 17.574
      vertex 12.3089 11.9714 18.6135
    endloop
  endfacet
  facet normal -0.0246926 -0.78548 0.618394
    outer loop
      vertex 13.1307 14.1787 14.4628
      vertex 13.9355 14.1534 14.4628
      vertex 13.0194 15.0005 15.5022
    endloop
  endfacet
  facet normal -0.209924 -0.84032 0.499794
    outer loop
      vertex 13.0194 15.0005 15.5022
      vertex 13.3826 14.8629 15.4234
      vertex 13.0502 15.1321 15.7364
    endloop
  endfacet
  facet normal -0.209988 -0.840398 0.499636
    outer loop
      vertex 13.0194 15.0005 15.5022
      vertex 13.7355 14.5101 14.9783
      vertex 13.3826 14.8629 15.4234
    endloop
  endfacet
  facet normal -0.20953 -0.840232 0.500107
    outer loop
      vertex 13.7355 14.5101 14.9783
      vertex 13.0194 15.0005 15.5022
      vertex 13.9355 14.1534 14.4628
    endloop
  endfacet
  facet normal 0.608129 -0.326043 0.723792
    outer loop
      vertex 11.9967 13.1137 14.4628
      vertex 11.5301 14.5508 15.5022
      vertex 11.1496 13.8411 15.5022
    endloop
  endfacet
  facet normal 0.766618 -0.0240997 0.641651
    outer loop
      vertex 11.9714 12.3089 14.4628
      vertex 11.9967 13.1137 14.4628
      vertex 11.1496 13.8411 15.5022
    endloop
  endfacet
  facet normal 0.841047 0.206457 0.500016
    outer loop
      vertex 11.417 12.1789 15.449
      vertex 11.9714 12.3089 14.4628
      vertex 11.1749 13.0363 15.5022
    endloop
  endfacet
  facet normal 0.51395 0.829006 -0.220463
    outer loop
      vertex 12.8717 10.6298 16.5878
      vertex 11.9368 11.2094 16.5878
      vertex 11.2094 11.9368 17.6273
    endloop
  endfacet
  facet normal 0.342848 -0.552887 0.759454
    outer loop
      vertex 11.5301 14.5508 15.5022
      vertex 12.2145 14.9752 15.5022
      vertex 11.2501 15.7126 16.4744
    endloop
  endfacet
  facet normal -0.591483 0.27078 -0.759491
    outer loop
      vertex 13.3262 13.9951 19.5856
      vertex 14.1787 13.1307 18.6135
      vertex 12.991 13.2629 19.5856
    endloop
  endfacet
  facet normal -0.186098 -0.846062 0.499547
    outer loop
      vertex 12.3068 15.7341 16.4776
      vertex 12.0744 15.9222 16.7096
      vertex 12.0518 15.7883 16.4744
    endloop
  endfacet
  facet normal 0.381837 -0.537272 0.752023
    outer loop
      vertex 11.5301 14.5508 15.5022
      vertex 11.2501 15.7126 16.4744
      vertex 10.5937 15.2461 16.4744
    endloop
  endfacet
  facet normal -0.815985 -0.291089 -0.499435
    outer loop
      vertex 14.2736 13.9719 18.3959
      vertex 14.1534 13.9355 18.6135
      vertex 14.0696 14.1759 18.6103
    endloop
  endfacet
  facet normal 0.779163 0.0736692 0.622477
    outer loop
      vertex 10.3343 13.7122 16.4744
      vertex 11.1749 13.0363 15.5022
      vertex 10.2585 14.5139 16.4744
    endloop
  endfacet
  facet normal 0.814619 0.293938 0.499996
    outer loop
      vertex 11.1749 13.0363 15.5022
      vertex 10.3343 13.7122 16.4744
      vertex 9.80058 13.5138 17.4606
    endloop
  endfacet
  facet normal 0.795291 0.493048 0.352726
    outer loop
      vertex 11.2094 11.9368 16.4885
      vertex 10.6298 12.8717 16.4885
      vertex 9.80058 13.5138 17.4606
    endloop
  endfacet
  facet normal 0.0716843 -0.759172 0.646931
    outer loop
      vertex 12.2145 14.9752 15.5022
      vertex 12.0518 15.7883 16.4744
      vertex 11.2501 15.7126 16.4744
    endloop
  endfacet
  facet normal 0.024042 -0.764876 0.643728
    outer loop
      vertex 12.2145 14.9752 15.5022
      vertex 13.0194 15.0005 15.5022
      vertex 12.0518 15.7883 16.4744
    endloop
  endfacet
  facet normal 0.191214 0.844996 -0.499419
    outer loop
      vertex 11.5329 12.7206 19.5856
      vertex 12.1789 11.417 17.6273
      vertex 11.438 12.1592 18.5994
    endloop
  endfacet
  facet normal -0.0701594 0.742042 -0.666672
    outer loop
      vertex 12.3346 12.7964 19.5856
      vertex 13.1137 11.9967 18.6135
      vertex 11.5329 12.7206 19.5856
    endloop
  endfacet
  facet normal 0.567887 -0.304468 0.764725
    outer loop
      vertex 11.1496 13.8411 15.5022
      vertex 11.5301 14.5508 15.5022
      vertex 10.5937 15.2461 16.4744
    endloop
  endfacet
  facet normal -0.580856 0.311503 -0.752045
    outer loop
      vertex 14.1787 13.1307 18.6135
      vertex 13.7981 12.421 18.6135
      vertex 12.991 13.2629 19.5856
    endloop
  endfacet
  facet normal -0.186033 -0.845717 0.500155
    outer loop
      vertex 13.0194 15.0005 15.5022
      vertex 12.3068 15.7341 16.4776
      vertex 12.0518 15.7883 16.4744
    endloop
  endfacet
  facet normal -0.186596 -0.845799 0.499805
    outer loop
      vertex 12.3068 15.7341 16.4776
      vertex 13.0194 15.0005 15.5022
      vertex 13.0502 15.1321 15.7364
    endloop
  endfacet
  facet normal 0.814371 0.295613 0.499413
    outer loop
      vertex 10.6298 12.8717 16.4885
      vertex 11.1749 13.0363 15.5022
      vertex 9.80058 13.5138 17.4606
    endloop
  endfacet
  facet normal 0.389506 0.850806 -0.352724
    outer loop
      vertex 11.438 12.1592 18.5994
      vertex 12.1789 11.417 17.6273
      vertex 10.4378 12.6171 18.5994
    endloop
  endfacet
  facet normal 0.459295 0.85665 -0.234942
    outer loop
      vertex 12.1789 11.417 17.6273
      vertex 11.2094 11.9368 17.6273
      vertex 10.4378 12.6171 18.5994
    endloop
  endfacet
  facet normal 0.792339 0.563058 0.234873
    outer loop
      vertex 10.4378 12.6171 17.4606
      vertex 11.2094 11.9368 16.4885
      vertex 9.80058 13.5138 17.4606
    endloop
  endfacet
  facet normal -0.815707 -0.290653 -0.500143
    outer loop
      vertex 14.0696 14.1759 18.6103
      vertex 13.2504 14.7967 19.5856
      vertex 13.395 14.8505 19.3185
    endloop
  endfacet
  facet normal -0.815715 -0.291001 -0.499928
    outer loop
      vertex 13.2504 14.7967 19.5856
      vertex 14.0696 14.1759 18.6103
      vertex 14.1534 13.9355 18.6135
    endloop
  endfacet
  facet normal -0.350674 0.565641 -0.746377
    outer loop
      vertex 13.7981 12.421 18.6135
      vertex 13.1137 11.9967 18.6135
      vertex 12.3346 12.7964 19.5856
    endloop
  endfacet
  facet normal -0.373255 0.525197 -0.764754
    outer loop
      vertex 12.991 13.2629 19.5856
      vertex 13.7981 12.421 18.6135
      vertex 12.3346 12.7964 19.5856
    endloop
  endfacet
  facet normal -0.0245906 0.782234 -0.6225
    outer loop
      vertex 13.1137 11.9967 18.6135
      vertex 12.3089 11.9714 18.6135
      vertex 11.5329 12.7206 19.5856
    endloop
  endfacet
  facet normal 0.189473 0.845033 -0.500018
    outer loop
      vertex 12.3089 11.9714 18.6135
      vertex 12.1789 11.417 17.6273
      vertex 11.5329 12.7206 19.5856
    endloop
  endfacet
  facet normal 0.745004 0.0234202 0.666649
    outer loop
      vertex 11.1749 13.0363 15.5022
      vertex 11.1496 13.8411 15.5022
      vertex 10.2585 14.5139 16.4744
    endloop
  endfacet
  facet normal 0.605134 -0.277029 0.746369
    outer loop
      vertex 11.1496 13.8411 15.5022
      vertex 10.5937 15.2461 16.4744
      vertex 10.2585 14.5139 16.4744
    endloop
  endfacet
  facet normal 0.661335 0.75009 -2.2814e-17
    outer loop
      vertex 11.2094 11.9368 17.6273
      vertex 10.4378 12.6171 17.4606
      vertex 10.4378 12.6171 18.5994
    endloop
  endfacet
  facet normal 0.661335 0.75009 -2.2814e-17
    outer loop
      vertex 10.4378 12.6171 17.4606
      vertex 11.2094 11.9368 17.6273
      vertex 11.2094 11.9368 16.4885
    endloop
  endfacet
  facet normal -0.761782 -0.0720348 -0.643816
    outer loop
      vertex 14.1534 13.9355 18.6135
      vertex 13.3262 13.9951 19.5856
      vertex 13.2504 14.7967 19.5856
    endloop
  endfacet
  facet normal -0.762091 -0.0239574 -0.647026
    outer loop
      vertex 14.1534 13.9355 18.6135
      vertex 14.1787 13.1307 18.6135
      vertex 13.3262 13.9951 19.5856
    endloop
  endfacet
  facet normal -0.387309 0.478346 -0.788147
    outer loop
      vertex 12.1326 14.0524 20.4866
      vertex 12.991 13.2629 19.5856
      vertex 11.5068 13.5457 20.4866
    endloop
  endfacet
  facet normal -0.112579 0.710676 -0.694453
    outer loop
      vertex 11.5068 13.5457 20.4866
      vertex 12.3346 12.7964 19.5856
      vertex 10.7114 13.4197 20.4866
    endloop
  endfacet
  facet normal 0.716372 0.0677323 0.694423
    outer loop
      vertex 10.3343 13.7122 16.4744
      vertex 10.2585 14.5139 16.4744
      vertex 9.32691 15.1294 17.3754
    endloop
  endfacet
  facet normal 0.115329 -0.728526 0.67524
    outer loop
      vertex 11.2501 15.7126 16.4744
      vertex 11.0366 16.5139 17.3754
      vertex 10.2413 16.388 17.3754
    endloop
  endfacet
  facet normal 0.752017 0.608941 0.252311
    outer loop
      vertex 9.62496 13.2476 18.3616
      vertex 10.4378 12.6171 17.4606
      vertex 8.93271 14.1025 18.3616
    endloop
  endfacet
  facet normal -0.731309 -0.11577 -0.672149
    outer loop
      vertex 13.2504 14.7967 19.5856
      vertex 12.4211 14.8042 20.4866
      vertex 12.2952 15.5995 20.4866
    endloop
  endfacet
  facet normal 0.594711 -0.228281 0.770848
    outer loop
      vertex 10.2585 14.5139 16.4744
      vertex 9.61549 15.8812 17.3754
      vertex 9.32691 15.1294 17.3754
    endloop
  endfacet
  facet normal 0.559617 -0.256192 0.788159
    outer loop
      vertex 10.2585 14.5139 16.4744
      vertex 10.5937 15.2461 16.4744
      vertex 9.61549 15.8812 17.3754
    endloop
  endfacet
  facet normal 0.778611 0.379444 0.499787
    outer loop
      vertex 10.3343 13.7122 16.4744
      vertex 9.45288 14.3341 17.3754
      vertex 8.93271 14.1025 18.3616
    endloop
  endfacet
  facet normal 0.77751 0.383988 0.498028
    outer loop
      vertex 9.80058 13.5138 17.4606
      vertex 10.3343 13.7122 16.4744
      vertex 8.93271 14.1025 18.3616
    endloop
  endfacet
  facet normal -0.580505 0.222766 -0.783191
    outer loop
      vertex 12.4211 14.8042 20.4866
      vertex 13.3262 13.9951 19.5856
      vertex 12.1326 14.0524 20.4866
    endloop
  endfacet
  facet normal -0.734288 -0.069435 -0.675277
    outer loop
      vertex 13.2504 14.7967 19.5856
      vertex 13.3262 13.9951 19.5856
      vertex 12.4211 14.8042 20.4866
    endloop
  endfacet
  facet normal -0.573301 0.262456 -0.776172
    outer loop
      vertex 13.3262 13.9951 19.5856
      vertex 12.991 13.2629 19.5856
      vertex 12.1326 14.0524 20.4866
    endloop
  endfacet
  facet normal -0.16398 -0.850291 0.500116
    outer loop
      vertex 11.0366 16.5139 17.3754
      vertex 11.7557 16.1803 17.044
      vertex 11.3026 16.4746 17.3958
    endloop
  endfacet
  facet normal -0.164112 -0.85038 0.499922
    outer loop
      vertex 12.0518 15.7883 16.4744
      vertex 11.7557 16.1803 17.044
      vertex 11.0366 16.5139 17.3754
    endloop
  endfacet
  facet normal -0.164159 -0.850384 0.499899
    outer loop
      vertex 11.7557 16.1803 17.044
      vertex 12.0518 15.7883 16.4744
      vertex 12.0744 15.9222 16.7096
    endloop
  endfacet
  facet normal -0.0714276 0.755455 -0.651295
    outer loop
      vertex 12.3346 12.7964 19.5856
      vertex 11.5329 12.7206 19.5856
      vertex 10.7114 13.4197 20.4866
    endloop
  endfacet
  facet normal 0.749501 0.118716 0.651272
    outer loop
      vertex 9.45288 14.3341 17.3754
      vertex 10.3343 13.7122 16.4744
      vertex 9.32691 15.1294 17.3754
    endloop
  endfacet
  facet normal 0.0696077 -0.73718 0.672102
    outer loop
      vertex 11.2501 15.7126 16.4744
      vertex 12.0518 15.7883 16.4744
      vertex 11.0366 16.5139 17.3754
    endloop
  endfacet
  facet normal -0.782669 -0.372424 -0.498728
    outer loop
      vertex 13.2504 14.7967 19.5856
      vertex 13.3826 14.8629 19.3287
      vertex 13.395 14.8505 19.3185
    endloop
  endfacet
  facet normal -0.78355 -0.370592 -0.49871
    outer loop
      vertex 13.3826 14.8629 19.3287
      vertex 13.2504 14.7967 19.5856
      vertex 13.1399 15.0594 19.564
    endloop
  endfacet
  facet normal -0.782877 -0.370194 -0.50006
    outer loop
      vertex 13.1399 15.0594 19.564
      vertex 12.2952 15.5995 20.4866
      vertex 12.4099 15.6506 20.2692
    endloop
  endfacet
  facet normal -0.782864 -0.370403 -0.499925
    outer loop
      vertex 12.2952 15.5995 20.4866
      vertex 13.1399 15.0594 19.564
      vertex 13.2504 14.7967 19.5856
    endloop
  endfacet
  facet normal 0.331967 0.864815 -0.376687
    outer loop
      vertex 10.6519 12.8534 19.5004
      vertex 11.438 12.1592 18.5994
      vertex 9.62496 13.2476 19.5004
    endloop
  endfacet
  facet normal -0.36902 0.519238 -0.770854
    outer loop
      vertex 12.991 13.2629 19.5856
      vertex 12.3346 12.7964 19.5856
      vertex 11.5068 13.5457 20.4866
    endloop
  endfacet
  facet normal 0.178531 0.848575 -0.498044
    outer loop
      vertex 10.7114 13.4197 20.4866
      vertex 11.438 12.1592 18.5994
      vertex 10.6519 12.8534 19.5004
    endloop
  endfacet
  facet normal 0.402793 0.87983 -0.252304
    outer loop
      vertex 11.438 12.1592 18.5994
      vertex 10.4378 12.6171 18.5994
      vertex 9.62496 13.2476 19.5004
    endloop
  endfacet
  facet normal 0.612905 0.790157 3.24846e-17
    outer loop
      vertex 10.4378 12.6171 18.5994
      vertex 9.62496 13.2476 18.3616
      vertex 9.62496 13.2476 19.5004
    endloop
  endfacet
  facet normal 0.612905 0.790157 3.24846e-17
    outer loop
      vertex 9.62496 13.2476 18.3616
      vertex 10.4378 12.6171 18.5994
      vertex 10.4378 12.6171 17.4606
    endloop
  endfacet
  facet normal 0.396803 -0.489982 0.776186
    outer loop
      vertex 10.5937 15.2461 16.4744
      vertex 10.2413 16.388 17.3754
      vertex 9.61549 15.8812 17.3754
    endloop
  endfacet
  facet normal 0.755086 0.536585 0.376725
    outer loop
      vertex 10.4378 12.6171 17.4606
      vertex 9.80058 13.5138 17.4606
      vertex 8.93271 14.1025 18.3616
    endloop
  endfacet
  facet normal 0.173963 0.848514 -0.499761
    outer loop
      vertex 11.5329 12.7206 19.5856
      vertex 11.438 12.1592 18.5994
      vertex 10.7114 13.4197 20.4866
    endloop
  endfacet
  facet normal -0.163993 -0.851014 0.49888
    outer loop
      vertex 11.3026 16.4746 17.3958
      vertex 11.0498 16.6388 17.5928
      vertex 11.0366 16.5139 17.3754
    endloop
  endfacet
  facet normal 0.360191 -0.506815 0.7832
    outer loop
      vertex 10.5937 15.2461 16.4744
      vertex 11.2501 15.7126 16.4744
      vertex 10.2413 16.388 17.3754
    endloop
  endfacet
  facet normal 0.167651 0.852189 -0.495647
    outer loop
      vertex 9.84765 14.0658 21.3129
      vertex 10.6519 12.8534 19.5004
      vertex 9.82381 13.4969 20.3267
    endloop
  endfacet
  facet normal -0.143473 -0.854526 0.499201
    outer loop
      vertex 11.0366 16.5139 17.3754
      vertex 10.2619 17.1504 18.2423
      vertex 9.97794 17.1743 18.2016
    endloop
  endfacet
  facet normal -0.142981 -0.854404 0.499551
    outer loop
      vertex 10.2619 17.1504 18.2423
      vertex 11.0366 16.5139 17.3754
      vertex 11.0498 16.6388 17.5928
    endloop
  endfacet
  facet normal -0.699007 -0.110656 -0.706502
    outer loop
      vertex 12.2952 15.5995 20.4866
      vertex 12.4211 14.8042 20.4866
      vertex 11.4671 15.5549 21.3129
    endloop
  endfacet
  facet normal -0.114238 0.721149 -0.683296
    outer loop
      vertex 11.5068 13.5457 20.4866
      vertex 10.7114 13.4197 20.4866
      vertex 9.84765 14.0658 21.3129
    endloop
  endfacet
  facet normal 0.273328 0.872314 -0.405414
    outer loop
      vertex 9.82381 13.4969 20.3267
      vertex 10.6519 12.8534 19.5004
      vertex 8.77414 13.8258 20.3267
    endloop
  endfacet
  facet normal 0.15433 -0.690671 0.70651
    outer loop
      vertex 10.2413 16.388 17.3754
      vertex 9.97794 17.1743 18.2016
      vertex 9.19208 16.9987 18.2016
    endloop
  endfacet
  facet normal 0.111125 -0.701966 0.703488
    outer loop
      vertex 10.2413 16.388 17.3754
      vertex 11.0366 16.5139 17.3754
      vertex 9.97794 17.1743 18.2016
    endloop
  endfacet
  facet normal 0.160013 0.851823 -0.498792
    outer loop
      vertex 10.7114 13.4197 20.4866
      vertex 10.6519 12.8534 19.5004
      vertex 9.84765 14.0658 21.3129
    endloop
  endfacet
  facet normal -0.693596 -0.155064 -0.703477
    outer loop
      vertex 12.2952 15.5995 20.4866
      vertex 11.4671 15.5549 21.3129
      vertex 11.2914 16.3408 21.3129
    endloop
  endfacet
  facet normal 0.543532 -0.208636 0.813046
    outer loop
      vertex 9.32691 15.1294 17.3754
      vertex 9.61549 15.8812 17.3754
      vertex 8.59933 16.4536 18.2016
    endloop
  endfacet
  facet normal -0.145464 -0.855382 0.497154
    outer loop
      vertex 9.97794 17.1743 18.2016
      vertex 10 17.3205 18.4596
      vertex 9.9844 17.3285 18.4688
    endloop
  endfacet
  facet normal -0.143284 -0.85574 0.497171
    outer loop
      vertex 10 17.3205 18.4596
      vertex 9.97794 17.1743 18.2016
      vertex 10.2619 17.1504 18.2423
    endloop
  endfacet
  facet normal -0.741801 -0.447558 -0.499423
    outer loop
      vertex 11.7557 16.1803 20.7671
      vertex 11.2914 16.3408 21.3129
      vertex 11.4118 16.4037 21.0777
    endloop
  endfacet
  facet normal -0.741708 -0.447811 -0.499334
    outer loop
      vertex 12.2952 15.5995 20.4866
      vertex 11.7557 16.1803 20.7671
      vertex 12.1756 15.8403 20.4483
    endloop
  endfacet
  facet normal -0.741724 -0.447856 -0.49927
    outer loop
      vertex 11.7557 16.1803 20.7671
      vertex 12.2952 15.5995 20.4866
      vertex 11.2914 16.3408 21.3129
    endloop
  endfacet
  facet normal -0.394064 0.428626 -0.813015
    outer loop
      vertex 11.2263 14.7865 21.3129
      vertex 12.1326 14.0524 20.4866
      vertex 10.6335 14.2415 21.3129
    endloop
  endfacet
  facet normal 0.344706 0.898003 -0.273438
    outer loop
      vertex 10.6519 12.8534 19.5004
      vertex 9.62496 13.2476 19.5004
      vertex 8.77414 13.8258 20.3267
    endloop
  endfacet
  facet normal -0.150299 0.672239 -0.724918
    outer loop
      vertex 10.6335 14.2415 21.3129
      vertex 11.5068 13.5457 20.4866
      vertex 9.84765 14.0658 21.3129
    endloop
  endfacet
  facet normal -0.380082 0.46942 -0.796984
    outer loop
      vertex 12.1326 14.0524 20.4866
      vertex 11.5068 13.5457 20.4866
      vertex 10.6335 14.2415 21.3129
    endloop
  endfacet
  facet normal -0.742918 -0.448085 -0.497285
    outer loop
      vertex 12.4099 15.6506 20.2692
      vertex 12.2952 15.5995 20.4866
      vertex 12.1756 15.8403 20.4483
    endloop
  endfacet
  facet normal 0.708038 0.651077 0.273461
    outer loop
      vertex 8.77414 13.8258 19.1879
      vertex 9.62496 13.2476 18.3616
      vertex 8.02958 14.6355 19.1879
    endloop
  endfacet
  facet normal 0.562072 0.827088 8.56088e-19
    outer loop
      vertex 9.62496 13.2476 19.5004
      vertex 8.77414 13.8258 19.1879
      vertex 8.77414 13.8258 20.3267
    endloop
  endfacet
  facet normal 0.562072 0.827088 8.56088e-19
    outer loop
      vertex 8.77414 13.8258 19.1879
      vertex 9.62496 13.2476 19.5004
      vertex 9.62496 13.2476 18.3616
    endloop
  endfacet
  facet normal 0.730624 0.469597 0.495648
    outer loop
      vertex 8.93271 14.1025 18.3616
      vertex 9.45288 14.3341 17.3754
      vertex 8.02958 14.6355 19.1879
    endloop
  endfacet
  facet normal 0.733057 0.462476 0.498742
    outer loop
      vertex 9.45288 14.3341 17.3754
      vertex 8.53419 14.8993 18.2016
      vertex 8.02958 14.6355 19.1879
    endloop
  endfacet
  facet normal -0.557766 0.21404 -0.801925
    outer loop
      vertex 12.4211 14.8042 20.4866
      vertex 12.1326 14.0524 20.4866
      vertex 11.2263 14.7865 21.3129
    endloop
  endfacet
  facet normal -0.561687 0.176021 -0.808409
    outer loop
      vertex 11.4671 15.5549 21.3129
      vertex 12.4211 14.8042 20.4866
      vertex 11.2263 14.7865 21.3129
    endloop
  endfacet
  facet normal 0.712521 0.159259 0.683337
    outer loop
      vertex 8.53419 14.8993 18.2016
      vertex 9.45288 14.3341 17.3754
      vertex 8.35853 15.6852 18.2016
    endloop
  endfacet
  facet normal 0.710429 0.575266 0.405414
    outer loop
      vertex 9.62496 13.2476 18.3616
      vertex 8.93271 14.1025 18.3616
      vertex 8.02958 14.6355 19.1879
    endloop
  endfacet
  facet normal 0.680342 0.107762 0.724929
    outer loop
      vertex 9.45288 14.3341 17.3754
      vertex 9.32691 15.1294 17.3754
      vertex 8.35853 15.6852 18.2016
    endloop
  endfacet
  facet normal 0.57633 -0.180609 0.797009
    outer loop
      vertex 9.32691 15.1294 17.3754
      vertex 8.59933 16.4536 18.2016
      vertex 8.35853 15.6852 18.2016
    endloop
  endfacet
  facet normal 0.404361 -0.439708 0.801966
    outer loop
      vertex 9.61549 15.8812 17.3754
      vertex 9.19208 16.9987 18.2016
      vertex 8.59933 16.4536 18.2016
    endloop
  endfacet
  facet normal 0.370399 -0.457378 0.808461
    outer loop
      vertex 9.61549 15.8812 17.3754
      vertex 10.2413 16.388 17.3754
      vertex 9.19208 16.9987 18.2016
    endloop
  endfacet
  facet normal -0.533684 0.167245 -0.828982
    outer loop
      vertex 11.4671 15.5549 21.3129
      vertex 11.2263 14.7865 21.3129
      vertex 10.2757 15.4622 22.0612
    endloop
  endfacet
  facet normal 0.519773 -0.161387 0.838922
    outer loop
      vertex 7.63433 16.8269 18.8713
      vertex 8.59933 16.4536 18.2016
      vertex 7.65316 16.8444 18.863
    endloop
  endfacet
  facet normal 0.519519 -0.16205 0.838952
    outer loop
      vertex 7.65316 16.8444 18.863
      vertex 8.59933 16.4536 18.2016
      vertex 7.54923 16.9611 18.9499
    endloop
  endfacet
  facet normal 0.519283 -0.162732 0.838966
    outer loop
      vertex 8.59933 16.4536 18.2016
      vertex 7.63433 16.8269 18.8713
      vertex 8.35853 15.6852 18.2016
    endloop
  endfacet
  facet normal 0.509079 0.86072 1.59645e-18
    outer loop
      vertex 8.77414 13.8258 20.3267
      vertex 7.8887 14.3495 19.9362
      vertex 7.8887 14.3495 21.075
    endloop
  endfacet
  facet normal 0.509079 0.86072 1.59645e-18
    outer loop
      vertex 7.8887 14.3495 19.9362
      vertex 8.77414 13.8258 20.3267
      vertex 8.77414 13.8258 19.1879
    endloop
  endfacet
  facet normal -0.534578 0.131235 -0.834867
    outer loop
      vertex 10.4677 16.2443 22.0612
      vertex 11.4671 15.5549 21.3129
      vertex 10.2757 15.4622 22.0612
    endloop
  endfacet
  facet normal -0.648213 -0.188294 -0.737811
    outer loop
      vertex 11.2914 16.3408 21.3129
      vertex 10.4677 16.2443 22.0612
      vertex 10.2431 17.0175 22.0612
    endloop
  endfacet
  facet normal -0.181957 0.626462 -0.757917
    outer loop
      vertex 9.7183 14.881 22.0612
      vertex 10.6335 14.2415 21.3129
      vertex 8.94502 14.6564 22.0612
    endloop
  endfacet
  facet normal 0.285267 0.910416 -0.29961
    outer loop
      vertex 9.82381 13.4969 20.3267
      vertex 8.77414 13.8258 20.3267
      vertex 7.8887 14.3495 21.075
    endloop
  endfacet
  facet normal 0.157901 0.856018 -0.49224
    outer loop
      vertex 9.82381 13.4969 20.3267
      vertex 8.95695 14.0871 21.075
      vertex 8.94502 14.6564 22.0612
    endloop
  endfacet
  facet normal -0.38301 0.416603 -0.824467
    outer loop
      vertex 11.2263 14.7865 21.3129
      vertex 10.6335 14.2415 21.3129
      vertex 9.7183 14.881 22.0612
    endloop
  endfacet
  facet normal -0.12325 -0.860219 0.494806
    outer loop
      vertex 8.87986 17.767 18.9499
      vertex 9.13434 17.7616 19.0039
      vertex 8.87723 17.8926 19.1676
    endloop
  endfacet
  facet normal 0.403692 -0.387073 0.82898
    outer loop
      vertex 7.92193 17.2617 18.9088
      vertex 8.59933 16.4536 18.2016
      vertex 8.10658 17.5423 18.9499
    endloop
  endfacet
  facet normal 0.403713 -0.387054 0.828978
    outer loop
      vertex 7.80506 17.1398 18.9088
      vertex 8.59933 16.4536 18.2016
      vertex 7.92193 17.2617 18.9088
    endloop
  endfacet
  facet normal 0.403615 -0.387163 0.828975
    outer loop
      vertex 8.59933 16.4536 18.2016
      vertex 7.80506 17.1398 18.9088
      vertex 7.54923 16.9611 18.9499
    endloop
  endfacet
  facet normal 0.636584 0.142286 0.757968
    outer loop
      vertex 8.53419 14.8993 18.2016
      vertex 8.35853 15.6852 18.2016
      vertex 7.35715 16.1791 18.9499
    endloop
  endfacet
  facet normal 0.667803 0.194011 0.718609
    outer loop
      vertex 7.58181 15.4058 18.9499
      vertex 8.53419 14.8993 18.2016
      vertex 7.35715 16.1791 18.9499
    endloop
  endfacet
  facet normal 0.18748 -0.645192 0.740661
    outer loop
      vertex 9.19208 16.9987 18.2016
      vertex 8.87986 17.767 18.9499
      vertex 8.10658 17.5423 18.9499
    endloop
  endfacet
  facet normal 0.214243 0.8722 -0.439735
    outer loop
      vertex 8.95695 14.0871 21.075
      vertex 9.82381 13.4969 20.3267
      vertex 7.8887 14.3495 21.075
    endloop
  endfacet
  facet normal -0.151728 0.678632 -0.718635
    outer loop
      vertex 10.6335 14.2415 21.3129
      vertex 9.84765 14.0658 21.3129
      vertex 8.94502 14.6564 22.0612
    endloop
  endfacet
  facet normal 0.14762 0.85517 -0.496883
    outer loop
      vertex 9.84765 14.0658 21.3129
      vertex 9.82381 13.4969 20.3267
      vertex 8.94502 14.6564 22.0612
    endloop
  endfacet
  facet normal 0.660362 0.688675 0.299415
    outer loop
      vertex 7.8887 14.3495 19.9362
      vertex 8.77414 13.8258 19.1879
      vertex 7.09476 15.1108 19.9362
    endloop
  endfacet
  facet normal 0.147203 -0.658774 0.7378
    outer loop
      vertex 9.19208 16.9987 18.2016
      vertex 9.97794 17.1743 18.2016
      vertex 8.87986 17.767 18.9499
    endloop
  endfacet
  facet normal -0.65569 -0.14659 -0.740663
    outer loop
      vertex 11.2914 16.3408 21.3129
      vertex 11.4671 15.5549 21.3129
      vertex 10.4677 16.2443 22.0612
    endloop
  endfacet
  facet normal -0.692501 -0.522083 -0.497868
    outer loop
      vertex 11.2914 16.3408 21.3129
      vertex 10.3587 17.0876 21.8271
      vertex 11.161 16.5665 21.2576
    endloop
  endfacet
  facet normal -0.692466 -0.521813 -0.498198
    outer loop
      vertex 10.3587 17.0876 21.8271
      vertex 11.2914 16.3408 21.3129
      vertex 10.2431 17.0175 22.0612
    endloop
  endfacet
  facet normal -0.694241 -0.522409 -0.495094
    outer loop
      vertex 11.4118 16.4037 21.0777
      vertex 11.2914 16.3408 21.3129
      vertex 11.161 16.5665 21.2576
    endloop
  endfacet
  facet normal -0.392723 0.376641 -0.838994
    outer loop
      vertex 10.2757 15.4622 22.0612
      vertex 11.2263 14.7865 21.3129
      vertex 9.7183 14.881 22.0612
    endloop
  endfacet
  facet normal 0.678291 0.541339 0.496864
    outer loop
      vertex 8.53419 14.8993 18.2016
      vertex 7.58181 15.4058 18.9499
      vertex 7.09476 15.1108 19.9362
    endloop
  endfacet
  facet normal 0.661101 0.607916 0.439754
    outer loop
      vertex 8.77414 13.8258 19.1879
      vertex 8.02958 14.6355 19.1879
      vertex 7.09476 15.1108 19.9362
    endloop
  endfacet
  facet normal 0.549607 -0.13498 0.824447
    outer loop
      vertex 7.62151 16.7747 18.8713
      vertex 8.35853 15.6852 18.2016
      vertex 7.63433 16.8269 18.8713
    endloop
  endfacet
  facet normal 0.548929 -0.135649 0.824789
    outer loop
      vertex 7.58607 16.6854 18.8802
      vertex 8.35853 15.6852 18.2016
      vertex 7.62151 16.7747 18.8713
    endloop
  endfacet
  facet normal 0.549546 -0.13497 0.824489
    outer loop
      vertex 8.35853 15.6852 18.2016
      vertex 7.58607 16.6854 18.8802
      vertex 7.35715 16.1791 18.9499
    endloop
  endfacet
  facet normal -0.123889 -0.858276 0.49801
    outer loop
      vertex 9.97794 17.1743 18.2016
      vertex 9.13434 17.7616 19.0039
      vertex 8.87986 17.767 18.9499
    endloop
  endfacet
  facet normal -0.123603 -0.858183 0.498242
    outer loop
      vertex 9.13434 17.7616 19.0039
      vertex 9.97794 17.1743 18.2016
      vertex 9.9844 17.3285 18.4688
    endloop
  endfacet
  facet normal 0.674046 0.550833 0.492183
    outer loop
      vertex 8.02958 14.6355 19.1879
      vertex 8.53419 14.8993 18.2016
      vertex 7.09476 15.1108 19.9362
    endloop
  endfacet
  facet normal 0.37261 -0.405182 0.834859
    outer loop
      vertex 8.59933 16.4536 18.2016
      vertex 9.19208 16.9987 18.2016
      vertex 8.10658 17.5423 18.9499
    endloop
  endfacet
  facet normal 0.608841 0.720432 0.3321
    outer loop
      vertex 6.97212 14.8165 20.6035
      vertex 7.8887 14.3495 19.9362
      vertex 6.33538 15.3902 20.5263
    endloop
  endfacet
  facet normal 0.614662 0.614923 0.494024
    outer loop
      vertex 6.5995 15.6738 19.8385
      vertex 7.58181 15.4058 18.9499
      vertex 6.59951 15.8515 19.6173
    endloop
  endfacet
  facet normal 0.614676 0.61489 0.494048
    outer loop
      vertex 6.45293 15.5338 20.1951
      vertex 7.58181 15.4058 18.9499
      vertex 6.5995 15.6738 19.8385
    endloop
  endfacet
  facet normal 0.614757 0.614738 0.494137
    outer loop
      vertex 7.58181 15.4058 18.9499
      vertex 6.45293 15.5338 20.1951
      vertex 6.41633 15.5028 20.2792
    endloop
  endfacet
  facet normal 0.584692 0.169865 0.793273
    outer loop
      vertex 7.58181 15.4058 18.9499
      vertex 7.35715 16.1791 18.9499
      vertex 6.32674 16.6091 19.6173
    endloop
  endfacet
  facet normal 0.498911 -0.1072 0.859998
    outer loop
      vertex 7.24465 16.737 19.0847
      vertex 7.58607 16.6854 18.8802
      vertex 7.30277 16.8671 19.0672
    endloop
  endfacet
  facet normal 0.499496 -0.103685 0.860089
    outer loop
      vertex 7.22934 16.7238 19.092
      vertex 7.58607 16.6854 18.8802
      vertex 7.24465 16.737 19.0847
    endloop
  endfacet
  facet normal 0.499019 -0.107245 0.85993
    outer loop
      vertex 7.58607 16.6854 18.8802
      vertex 7.22934 16.7238 19.092
      vertex 7.35715 16.1791 18.9499
    endloop
  endfacet
  facet normal 0.498872 -0.1073 0.860008
    outer loop
      vertex 7.35715 16.1791 18.9499
      vertex 7.22934 16.7238 19.092
      vertex 6.96759 16.7155 19.2428
    endloop
  endfacet
  facet normal -0.638133 -0.591918 -0.492361
    outer loop
      vertex 10.3587 17.0876 21.8271
      vertex 10.2431 17.0175 22.0612
      vertex 10.0734 17.2729 21.9741
    endloop
  endfacet
  facet normal 0.393872 -0.332766 0.856815
    outer loop
      vertex 7.54923 16.9611 18.9499
      vertex 7.44653 17.1547 19.0723
      vertex 7.35123 17.0419 19.0723
    endloop
  endfacet
  facet normal 0.614765 0.221343 0.757014
    outer loop
      vertex 6.59951 15.8515 19.6173
      vertex 7.58181 15.4058 18.9499
      vertex 6.32674 16.6091 19.6173
    endloop
  endfacet
  facet normal -0.206258 0.572841 -0.793291
    outer loop
      vertex 8.76474 15.4619 22.7286
      vertex 9.7183 14.881 22.0612
      vertex 8.00709 15.1891 22.7286
    endloop
  endfacet
  facet normal 0.513792 -0.0925853 0.852904
    outer loop
      vertex 7.35715 16.1791 18.9499
      vertex 6.96759 16.7155 19.2428
      vertex 6.32674 16.6091 19.6173
    endloop
  endfacet
  facet normal 0.225017 0.91606 -0.331966
    outer loop
      vertex 8.95695 14.0871 21.075
      vertex 7.8887 14.3495 21.075
      vertex 6.97212 14.8165 21.7424
    endloop
  endfacet
  facet normal 0.136151 0.858704 -0.494054
    outer loop
      vertex 8.94502 14.6564 22.0612
      vertex 8.95695 14.0871 21.075
      vertex 8.00709 15.1891 22.7286
    endloop
  endfacet
  facet normal -0.386017 0.326109 -0.862927
    outer loop
      vertex 8.39213 16.4969 23.298
      vertex 9.41141 15.9374 22.6306
      vertex 8.20188 16.2717 23.298
    endloop
  endfacet
  facet normal -0.105348 -0.861286 0.49708
    outer loop
      vertex 7.74674 18.2895 19.6173
      vertex 8.13473 18.2709 19.6673
      vertex 8.05307 18.3023 19.7044
    endloop
  endfacet
  facet normal -0.105246 -0.861881 0.496069
    outer loop
      vertex 8.87986 17.767 18.9499
      vertex 8.13473 18.2709 19.6673
      vertex 7.74674 18.2895 19.6173
    endloop
  endfacet
  facet normal -0.105334 -0.861911 0.495999
    outer loop
      vertex 8.13473 18.2709 19.6673
      vertex 8.87986 17.767 18.9499
      vertex 8.87723 17.8926 19.1676
    endloop
  endfacet
  facet normal -0.635424 -0.591678 -0.496139
    outer loop
      vertex 10.2431 17.0175 22.0612
      vertex 9.2575 17.6988 22.511
      vertex 10 17.3205 22.0112
    endloop
  endfacet
  facet normal -0.634841 -0.59139 -0.497228
    outer loop
      vertex 10.2431 17.0175 22.0612
      vertex 10 17.3205 22.0112
      vertex 10.0734 17.2729 21.9741
    endloop
  endfacet
  facet normal -0.635417 -0.591606 -0.496234
    outer loop
      vertex 9.2575 17.6988 22.511
      vertex 10.2431 17.0175 22.0612
      vertex 9.15432 17.6271 22.7286
    endloop
  endfacet
  facet normal 0.608359 0.626092 0.487759
    outer loop
      vertex 7.09476 15.1108 19.9362
      vertex 6.41633 15.5028 20.2792
      vertex 6.35588 15.4298 20.4483
    endloop
  endfacet
  facet normal 0.608357 0.626144 0.487694
    outer loop
      vertex 6.41633 15.5028 20.2792
      vertex 7.09476 15.1108 19.9362
      vertex 7.58181 15.4058 18.9499
    endloop
  endfacet
  facet normal -0.182257 0.627498 -0.756987
    outer loop
      vertex 9.7183 14.881 22.0612
      vertex 8.94502 14.6564 22.0612
      vertex 8.00709 15.1891 22.7286
    endloop
  endfacet
  facet normal -0.501672 0.0902836 -0.860334
    outer loop
      vertex 8.44432 16.7869 23.298
      vertex 10.4677 16.2443 22.0612
      vertex 8.39213 16.4969 23.298
    endloop
  endfacet
  facet normal -0.376801 0.361371 -0.852896
    outer loop
      vertex 10.2757 15.4622 22.0612
      vertex 9.7183 14.881 22.0612
      vertex 8.76474 15.4619 22.7286
    endloop
  endfacet
  facet normal -0.103806 -0.864326 0.492103
    outer loop
      vertex 7.74674 18.2895 19.6173
      vertex 8.05307 18.3023 19.7044
      vertex 7.73543 18.4242 19.8515
    endloop
  endfacet
  facet normal 0.496931 -0.110623 0.860711
    outer loop
      vertex 7.30277 16.8671 19.0672
      vertex 7.62151 16.7747 18.8713
      vertex 7.36171 16.9817 19.0479
    endloop
  endfacet
  facet normal 0.496732 -0.111351 0.860731
    outer loop
      vertex 7.62151 16.7747 18.8713
      vertex 7.30277 16.8671 19.0672
      vertex 7.58607 16.6854 18.8802
    endloop
  endfacet
  facet normal 0.606721 0.632734 0.481183
    outer loop
      vertex 7.09476 15.1108 19.9362
      vertex 6.33538 15.3902 20.5263
      vertex 7.8887 14.3495 19.9362
    endloop
  endfacet
  facet normal 0.606598 0.633105 0.480849
    outer loop
      vertex 6.33538 15.3902 20.5263
      vertex 7.09476 15.1108 19.9362
      vertex 6.35588 15.4298 20.4483
    endloop
  endfacet
  facet normal 0.17641 -0.607096 0.7748
    outer loop
      vertex 8.10658 17.5423 18.9499
      vertex 8.87986 17.767 18.9499
      vertex 7.74674 18.2895 19.6173
    endloop
  endfacet
  facet normal 0.490623 -0.120494 0.863001
    outer loop
      vertex 7.63433 16.8269 18.8713
      vertex 7.36171 16.9817 19.0479
      vertex 7.62151 16.7747 18.8713
    endloop
  endfacet
  facet normal 0.491198 -0.119297 0.86284
    outer loop
      vertex 7.36171 16.9817 19.0479
      vertex 7.63433 16.8269 18.8713
      vertex 7.65316 16.8444 18.863
    endloop
  endfacet
  facet normal 0.453974 0.891015 -1.82308e-17
    outer loop
      vertex 7.8887 14.3495 21.075
      vertex 6.97212 14.8165 20.6035
      vertex 6.97212 14.8165 21.7424
    endloop
  endfacet
  facet normal 0.453974 0.891015 -1.82324e-17
    outer loop
      vertex 6.97212 14.8165 20.6035
      vertex 7.8887 14.3495 21.075
      vertex 7.8887 14.3495 19.9362
    endloop
  endfacet
  facet normal 0.155237 0.862744 -0.481221
    outer loop
      vertex 8.05474 14.6217 21.7424
      vertex 8.95695 14.0871 21.075
      vertex 6.97212 14.8165 21.7424
    endloop
  endfacet
  facet normal 0.148929 0.860206 -0.487715
    outer loop
      vertex 8.95695 14.0871 21.075
      vertex 8.05474 14.6217 21.7424
      vertex 8.00709 15.1891 22.7286
    endloop
  endfacet
  facet normal -0.504683 0.0778167 -0.85979
    outer loop
      vertex 9.4271 16.8695 22.7286
      vertex 10.4677 16.2443 22.0612
      vertex 8.44432 16.7869 23.298
    endloop
  endfacet
  facet normal -0.604019 -0.175456 -0.777416
    outer loop
      vertex 10.2431 17.0175 22.0612
      vertex 10.4677 16.2443 22.0612
      vertex 9.4271 16.8695 22.7286
    endloop
  endfacet
  facet normal -0.594843 -0.214178 -0.774783
    outer loop
      vertex 10.2431 17.0175 22.0612
      vertex 9.4271 16.8695 22.7286
      vertex 9.15432 17.6271 22.7286
    endloop
  endfacet
  facet normal -0.500706 0.12292 -0.856845
    outer loop
      vertex 10.4677 16.2443 22.0612
      vertex 10.2757 15.4622 22.0612
      vertex 9.2845 16.0769 22.7286
    endloop
  endfacet
  facet normal -0.499751 0.10397 -0.859906
    outer loop
      vertex 10.4677 16.2443 22.0612
      vertex 9.2845 16.0769 22.7286
      vertex 8.39213 16.4969 23.298
    endloop
  endfacet
  facet normal -0.37994 0.340625 -0.860012
    outer loop
      vertex 10.2757 15.4622 22.0612
      vertex 8.76474 15.4619 22.7286
      vertex 8.20188 16.2717 23.298
    endloop
  endfacet
  facet normal -0.381795 0.336874 -0.860668
    outer loop
      vertex 9.41141 15.9374 22.6306
      vertex 10.2757 15.4622 22.0612
      vertex 8.20188 16.2717 23.298
    endloop
  endfacet
  facet normal 0.422959 -0.267915 0.865637
    outer loop
      vertex 7.65316 16.8444 18.863
      vertex 7.54923 16.9611 18.9499
      vertex 7.36171 16.9817 19.0479
    endloop
  endfacet
  facet normal 0.421014 -0.276812 0.863784
    outer loop
      vertex 7.36171 16.9817 19.0479
      vertex 7.54923 16.9611 18.9499
      vertex 7.35123 17.0419 19.0723
    endloop
  endfacet
  facet normal 0.359582 -0.362561 0.859797
    outer loop
      vertex 7.92193 17.2617 18.9088
      vertex 8.10658 17.5423 18.9499
      vertex 6.98909 18.0167 19.6173
    endloop
  endfacet
  facet normal 0.213078 -0.591783 0.777426
    outer loop
      vertex 8.10658 17.5423 18.9499
      vertex 7.74674 18.2895 19.6173
      vertex 6.98909 18.0167 19.6173
    endloop
  endfacet
  facet normal -0.471092 0.178304 -0.863875
    outer loop
      vertex 10.2757 15.4622 22.0612
      vertex 9.41141 15.9374 22.6306
      vertex 9.2845 16.0769 22.7286
    endloop
  endfacet
  facet normal -0.465393 0.184712 -0.865616
    outer loop
      vertex 9.2845 16.0769 22.7286
      vertex 9.41141 15.9374 22.6306
      vertex 8.39213 16.4969 23.298
    endloop
  endfacet
  facet normal 0.377986 -0.343387 0.859774
    outer loop
      vertex 7.80506 17.1398 18.9088
      vertex 7.53537 17.2135 19.0568
      vertex 7.54923 16.9611 18.9499
    endloop
  endfacet
  facet normal 0.381152 -0.335357 0.861545
    outer loop
      vertex 7.80506 17.1398 18.9088
      vertex 7.52871 17.2234 19.0636
      vertex 7.53537 17.2135 19.0568
    endloop
  endfacet
  facet normal 0.37788 -0.343153 0.859914
    outer loop
      vertex 7.52871 17.2234 19.0636
      vertex 7.80506 17.1398 18.9088
      vertex 6.98909 18.0167 19.6173
    endloop
  endfacet
  facet normal 0.377398 -0.343509 0.859984
    outer loop
      vertex 7.54923 16.9611 18.9499
      vertex 7.53537 17.2135 19.0568
      vertex 7.44653 17.1547 19.0723
    endloop
  endfacet
  facet normal 0.367935 -0.352753 0.860343
    outer loop
      vertex 7.80506 17.1398 18.9088
      vertex 7.92193 17.2617 18.9088
      vertex 6.98909 18.0167 19.6173
    endloop
  endfacet
  facet normal 0.551563 0.674053 0.491356
    outer loop
      vertex 6.45293 15.5338 20.1951
      vertex 5.84744 15.9404 20.317
      vertex 5.69122 15.7359 20.7729
    endloop
  endfacet
  facet normal 0.551566 0.674062 0.49134
    outer loop
      vertex 6.5995 15.6738 19.8385
      vertex 5.84744 15.9404 20.317
      vertex 6.45293 15.5338 20.1951
    endloop
  endfacet
  facet normal 0.551571 0.674047 0.491355
    outer loop
      vertex 5.84744 15.9404 20.317
      vertex 6.5995 15.6738 19.8385
      vertex 5.59116 16.2346 20.2011
    endloop
  endfacet
  facet normal 0.550139 0.651007 0.523008
    outer loop
      vertex 6.5995 15.6738 19.8385
      vertex 6.59951 15.8515 19.6173
      vertex 5.59116 16.2346 20.2011
    endloop
  endfacet
  facet normal -0.520816 -0.701121 -0.487012
    outer loop
      vertex 7.95462 18.34 23.1435
      vertex 8.02944 18.1671 23.3124
      vertex 7.6276 18.4656 23.3124
    endloop
  endfacet
  facet normal 0.164284 0.913027 -0.373353
    outer loop
      vertex 8.05474 14.6217 21.7424
      vertex 6.97212 14.8165 21.7424
      vertex 6.02803 15.2251 22.3262
    endloop
  endfacet
  facet normal -0.533185 -0.230741 -0.813924
    outer loop
      vertex 9.15432 17.6271 22.7286
      vertex 8.34925 17.4281 23.3124
      vertex 8.02944 18.1671 23.3124
    endloop
  endfacet
  facet normal 0.113846 0.863537 -0.491267
    outer loop
      vertex 8.00709 15.1891 22.7286
      vertex 6.64028 15.5035 22.9645
      vertex 6.67179 15.6158 23.1692
    endloop
  endfacet
  facet normal 0.113833 0.863512 -0.491313
    outer loop
      vertex 6.64028 15.5035 22.9645
      vertex 8.00709 15.1891 22.7286
      vertex 8.05474 14.6217 21.7424
    endloop
  endfacet
  facet normal 0.497513 0.0534783 0.865807
    outer loop
      vertex 5.97142 17.0523 19.7941
      vertex 6.32674 16.6091 19.6173
      vertex 6.24701 17.1177 19.6317
    endloop
  endfacet
  facet normal 0.497343 0.0532992 0.865915
    outer loop
      vertex 5.6451 16.9877 19.9855
      vertex 6.32674 16.6091 19.6173
      vertex 5.97142 17.0523 19.7941
    endloop
  endfacet
  facet normal 0.497497 0.0536855 0.865803
    outer loop
      vertex 6.32674 16.6091 19.6173
      vertex 5.6451 16.9877 19.9855
      vertex 5.37409 16.9381 20.1443
    endloop
  endfacet
  facet normal -0.0872157 -0.865311 0.493589
    outer loop
      vertex 7.74674 18.2895 19.6173
      vertex 6.84234 18.767 20.2946
      vertex 6.58305 18.7398 20.2011
    endloop
  endfacet
  facet normal -0.087312 -0.865356 0.493493
    outer loop
      vertex 6.84234 18.767 20.2946
      vertex 7.74674 18.2895 19.6173
      vertex 7.73543 18.4242 19.8515
    endloop
  endfacet
  facet normal 0.116552 0.86451 -0.488914
    outer loop
      vertex 6.61149 15.216 22.4492
      vertex 8.05474 14.6217 21.7424
      vertex 6.02803 15.2251 22.3262
    endloop
  endfacet
  facet normal 0.116588 0.864535 -0.488862
    outer loop
      vertex 8.05474 14.6217 21.7424
      vertex 6.61149 15.216 22.4492
      vertex 6.64028 15.5035 22.9645
    endloop
  endfacet
  facet normal 0.553149 0.744841 0.373146
    outer loop
      vertex 6.02803 15.2251 21.1874
      vertex 6.97212 14.8165 20.6035
      vertex 5.60965 15.6102 21.0389
    endloop
  endfacet
  facet normal 0.550464 0.676738 0.488891
    outer loop
      vertex 6.33538 15.3902 20.5263
      vertex 5.60965 15.6102 21.0389
      vertex 6.97212 14.8165 20.6035
    endloop
  endfacet
  facet normal 0.550381 0.67696 0.488678
    outer loop
      vertex 5.60965 15.6102 21.0389
      vertex 6.33538 15.3902 20.5263
      vertex 5.69122 15.7359 20.7729
    endloop
  endfacet
  facet normal 0.550381 0.677139 0.48843
    outer loop
      vertex 6.35588 15.4298 20.4483
      vertex 5.69122 15.7359 20.7729
      vertex 6.33538 15.3902 20.5263
    endloop
  endfacet
  facet normal 0.550437 0.676741 0.488918
    outer loop
      vertex 6.41633 15.5028 20.2792
      vertex 5.69122 15.7359 20.7729
      vertex 6.35588 15.4298 20.4483
    endloop
  endfacet
  facet normal 0.550461 0.676672 0.488986
    outer loop
      vertex 5.69122 15.7359 20.7729
      vertex 6.41633 15.5028 20.2792
      vertex 6.45293 15.5338 20.1951
    endloop
  endfacet
  facet normal 0.524629 0.189723 0.829922
    outer loop
      vertex 5.36456 16.8949 20.1602
      vertex 6.32674 16.6091 19.6173
      vertex 5.37409 16.9381 20.1443
    endloop
  endfacet
  facet normal 0.524521 0.188851 0.830189
    outer loop
      vertex 6.32674 16.6091 19.6173
      vertex 5.36456 16.8949 20.1602
      vertex 6.59951 15.8515 19.6173
    endloop
  endfacet
  facet normal -0.571073 -0.655812 -0.493748
    outer loop
      vertex 8.15033 18.263 23.0452
      vertex 9.15432 17.6271 22.7286
      vertex 8.02944 18.1671 23.3124
    endloop
  endfacet
  facet normal -0.571098 -0.655974 -0.493503
    outer loop
      vertex 9.15432 17.6271 22.7286
      vertex 8.15033 18.263 23.0452
      vertex 9.00039 17.8298 22.6373
    endloop
  endfacet
  facet normal -0.366053 0.271764 -0.890028
    outer loop
      vertex 7.33972 16.9913 23.8818
      vertex 8.39213 16.4969 23.298
      vertex 7.16399 16.7546 23.8818
    endloop
  endfacet
  facet normal -0.497273 -0.0545791 -0.865876
    outer loop
      vertex 8.34925 17.4281 23.3124
      vertex 9.4271 16.8695 22.7286
      vertex 7.3736 17.284 23.8818
    endloop
  endfacet
  facet normal -0.543535 -0.195704 -0.816253
    outer loop
      vertex 9.15432 17.6271 22.7286
      vertex 9.4271 16.8695 22.7286
      vertex 8.34925 17.4281 23.3124
    endloop
  endfacet
  facet normal 0.397194 0.917735 -1.99441e-17
    outer loop
      vertex 6.97212 14.8165 21.7424
      vertex 6.02803 15.2251 21.1874
      vertex 6.02803 15.2251 22.3262
    endloop
  endfacet
  facet normal 0.397194 0.917735 -1.99423e-17
    outer loop
      vertex 6.02803 15.2251 21.1874
      vertex 6.97212 14.8165 21.7424
      vertex 6.97212 14.8165 20.6035
    endloop
  endfacet
  facet normal -0.574579 -0.656483 -0.488763
    outer loop
      vertex 9.2575 17.6988 22.511
      vertex 9.15432 17.6271 22.7286
      vertex 9.00039 17.8298 22.6373
    endloop
  endfacet
  facet normal -0.52057 -0.701183 -0.487185
    outer loop
      vertex 8.13473 18.2709 23.0505
      vertex 8.02944 18.1671 23.3124
      vertex 7.95462 18.34 23.1435
    endloop
  endfacet
  facet normal -0.520595 -0.701163 -0.487187
    outer loop
      vertex 8.02944 18.1671 23.3124
      vertex 8.13473 18.2709 23.0505
      vertex 8.15033 18.263 23.0452
    endloop
  endfacet
  facet normal 0.552968 0.239203 0.798128
    outer loop
      vertex 5.59116 16.2346 20.2011
      vertex 6.59951 15.8515 19.6173
      vertex 5.36456 16.8949 20.1602
    endloop
  endfacet
  facet normal 0.196814 -0.546614 0.813927
    outer loop
      vertex 6.98909 18.0167 19.6173
      vertex 7.74674 18.2895 19.6173
      vertex 6.58305 18.7398 20.2011
    endloop
  endfacet
  facet normal 0.229425 -0.530181 0.816255
    outer loop
      vertex 6.98909 18.0167 19.6173
      vertex 6.58305 18.7398 20.2011
      vertex 5.84402 18.42 20.2011
    endloop
  endfacet
  facet normal 0.098018 0.846713 -0.522943
    outer loop
      vertex 7.03756 15.6619 23.3124
      vertex 8.00709 15.1891 22.7286
      vertex 6.67179 15.6158 23.1692
    endloop
  endfacet
  facet normal -0.301425 0.399056 -0.865966
    outer loop
      vertex 8.20188 16.2717 23.298
      vertex 7.77658 15.9817 23.3124
      vertex 7.16399 16.7546 23.8818
    endloop
  endfacet
  facet normal -0.301536 0.399225 -0.86585
    outer loop
      vertex 8.20188 16.2717 23.298
      vertex 8.76474 15.4619 22.7286
      vertex 7.77658 15.9817 23.3124
    endloop
  endfacet
  facet normal -0.221382 0.511587 -0.830222
    outer loop
      vertex 7.77658 15.9817 23.3124
      vertex 8.76474 15.4619 22.7286
      vertex 7.03756 15.6619 23.3124
    endloop
  endfacet
  facet normal -0.204118 0.5669 -0.798098
    outer loop
      vertex 8.76474 15.4619 22.7286
      vertex 8.00709 15.1891 22.7286
      vertex 7.03756 15.6619 23.3124
    endloop
  endfacet
  facet normal 0.3702 -0.274959 0.887327
    outer loop
      vertex 7.36171 16.9817 19.0479
      vertex 6.45662 17.6471 19.6317
      vertex 6.28089 17.4105 19.6317
    endloop
  endfacet
  facet normal -0.0851206 -0.868316 0.488654
    outer loop
      vertex 6.84234 18.767 20.2946
      vertex 6.73843 18.8069 20.3474
      vertex 6.58305 18.7398 20.2011
    endloop
  endfacet
  facet normal 0.464237 -0.0537171 0.88408
    outer loop
      vertex 6.24701 17.1177 19.6317
      vertex 7.24465 16.737 19.0847
      vertex 6.28089 17.4105 19.6317
    endloop
  endfacet
  facet normal 0.465178 -0.0507905 0.883759
    outer loop
      vertex 7.24465 16.737 19.0847
      vertex 6.24701 17.1177 19.6317
      vertex 7.22934 16.7238 19.092
    endloop
  endfacet
  facet normal 0.448722 -0.0807411 0.890017
    outer loop
      vertex 7.30277 16.8671 19.0672
      vertex 6.28089 17.4105 19.6317
      vertex 7.24465 16.737 19.0847
    endloop
  endfacet
  facet normal 0.448667 -0.0808619 0.890033
    outer loop
      vertex 6.28089 17.4105 19.6317
      vertex 7.30277 16.8671 19.0672
      vertex 7.36171 16.9817 19.0479
    endloop
  endfacet
  facet normal 0.305662 -0.390756 0.868263
    outer loop
      vertex 7.52871 17.2234 19.0636
      vertex 6.45662 17.6471 19.6317
      vertex 7.53537 17.2135 19.0568
    endloop
  endfacet
  facet normal 0.301046 -0.399351 0.865962
    outer loop
      vertex 6.45662 17.6471 19.6317
      vertex 7.52871 17.2234 19.0636
      vertex 5.84402 18.42 20.2011
    endloop
  endfacet
  facet normal 0.352886 -0.298139 0.886896
    outer loop
      vertex 7.44653 17.1547 19.0723
      vertex 6.45662 17.6471 19.6317
      vertex 7.35123 17.0419 19.0723
    endloop
  endfacet
  facet normal 0.352503 -0.298822 0.886819
    outer loop
      vertex 6.45662 17.6471 19.6317
      vertex 7.44653 17.1547 19.0723
      vertex 7.53537 17.2135 19.0568
    endloop
  endfacet
  facet normal 0.352965 -0.298029 0.886902
    outer loop
      vertex 7.36171 16.9817 19.0479
      vertex 7.35123 17.0419 19.0723
      vertex 6.45662 17.6471 19.6317
    endloop
  endfacet
  facet normal -0.453853 0.0816778 -0.887325
    outer loop
      vertex 8.44432 16.7869 23.298
      vertex 8.39213 16.4969 23.298
      vertex 7.33972 16.9913 23.8818
    endloop
  endfacet
  facet normal -0.497189 -0.0539122 -0.865966
    outer loop
      vertex 9.4271 16.8695 22.7286
      vertex 8.44432 16.7869 23.298
      vertex 7.3736 17.284 23.8818
    endloop
  endfacet
  facet normal -0.356977 0.301576 -0.884093
    outer loop
      vertex 8.39213 16.4969 23.298
      vertex 8.20188 16.2717 23.298
      vertex 7.16399 16.7546 23.8818
    endloop
  endfacet
  facet normal 0.30062 -0.399865 0.865873
    outer loop
      vertex 7.52871 17.2234 19.0636
      vertex 6.98909 18.0167 19.6173
      vertex 5.84402 18.42 20.2011
    endloop
  endfacet
  facet normal 0.497198 0.0534238 0.865991
    outer loop
      vertex 6.96759 16.7155 19.2428
      vertex 6.24701 17.1177 19.6317
      vertex 6.32674 16.6091 19.6173
    endloop
  endfacet
  facet normal 0.497214 0.0534648 0.865979
    outer loop
      vertex 6.24701 17.1177 19.6317
      vertex 6.96759 16.7155 19.2428
      vertex 7.22934 16.7238 19.092
    endloop
  endfacet
  facet normal -0.458909 0.0531187 -0.886894
    outer loop
      vertex 7.3736 17.284 23.8818
      vertex 8.44432 16.7869 23.298
      vertex 7.33972 16.9913 23.8818
    endloop
  endfacet
  facet normal 0.482425 0.245774 0.84075
    outer loop
      vertex 5.59116 16.2346 20.2011
      vertex 4.71663 16.8839 20.5131
      vertex 4.56075 16.5536 20.6991
    endloop
  endfacet
  facet normal 0.484 0.651682 0.583999
    outer loop
      vertex 5.84744 15.9404 20.317
      vertex 5.59116 16.2346 20.2011
      vertex 4.56075 16.5536 20.6991
    endloop
  endfacet
  facet normal 0.464194 0.206879 0.861234
    outer loop
      vertex 5.15985 17.4762 20.1297
      vertex 5.6451 16.9877 19.9855
      vertex 5.97142 17.0523 19.7941
    endloop
  endfacet
  facet normal 0.464189 0.206872 0.861239
    outer loop
      vertex 5.6451 16.9877 19.9855
      vertex 5.15985 17.4762 20.1297
      vertex 5.20542 17.2528 20.1588
    endloop
  endfacet
  facet normal 0.465259 0.209429 0.860043
    outer loop
      vertex 5.2016 17.2387 20.1643
      vertex 5.6451 16.9877 19.9855
      vertex 5.20542 17.2528 20.1588
    endloop
  endfacet
  facet normal 0.464348 0.20706 0.861108
    outer loop
      vertex 5.6451 16.9877 19.9855
      vertex 5.2016 17.2387 20.1643
      vertex 5.01616 17.1106 20.2951
    endloop
  endfacet
  facet normal 0.490386 0.721372 0.489023
    outer loop
      vertex 6.02803 15.2251 21.1874
      vertex 5.03974 16.1199 20.8585
      vertex 4.89063 15.7952 21.487
    endloop
  endfacet
  facet normal -0.457124 -0.232907 -0.858366
    outer loop
      vertex 6.87288 18.6355 23.8104
      vertex 7.23845 17.918 23.8104
      vertex 6.13996 17.9755 24.3798
    endloop
  endfacet
  facet normal 0.206535 -0.477284 0.854133
    outer loop
      vertex 5.84402 18.42 20.2011
      vertex 6.58305 18.7398 20.2011
      vertex 5.39338 19.1162 20.6991
    endloop
  endfacet
  facet normal -0.47159 -0.726281 -0.500119
    outer loop
      vertex 7.1673 18.6423 23.5229
      vertex 6.87288 18.6355 23.8104
      vertex 6.42164 18.9285 23.8104
    endloop
  endfacet
  facet normal 0.338685 0.9409 -1.73764e-17
    outer loop
      vertex 6.02803 15.2251 22.3262
      vertex 5.06014 15.5735 21.6853
      vertex 5.06014 15.5735 22.8241
    endloop
  endfacet
  facet normal 0.338685 0.9409 -1.73764e-17
    outer loop
      vertex 5.06014 15.5735 21.6853
      vertex 6.02803 15.2251 22.3262
      vertex 6.02803 15.2251 21.1874
    endloop
  endfacet
  facet normal 0.489718 0.721053 0.490163
    outer loop
      vertex 5.60965 15.6102 21.0389
      vertex 5.03974 16.1199 20.8585
      vertex 6.02803 15.2251 21.1874
    endloop
  endfacet
  facet normal 0.489433 0.720858 0.490733
    outer loop
      vertex 5.06344 16.1652 20.7684
      vertex 5.60965 15.6102 21.0389
      vertex 5.69122 15.7359 20.7729
    endloop
  endfacet
  facet normal 0.489194 0.720789 0.491073
    outer loop
      vertex 5.60965 15.6102 21.0389
      vertex 5.06344 16.1652 20.7684
      vertex 5.03974 16.1199 20.8585
    endloop
  endfacet
  facet normal 0.489662 0.721185 0.490024
    outer loop
      vertex 5.69122 15.7359 20.7729
      vertex 5.06363 16.1843 20.7401
      vertex 5.06344 16.1652 20.7684
    endloop
  endfacet
  facet normal 0.489315 0.72077 0.490981
    outer loop
      vertex 5.84744 15.9404 20.317
      vertex 5.06363 16.1843 20.7401
      vertex 5.69122 15.7359 20.7729
    endloop
  endfacet
  facet normal 0.489306 0.720798 0.490948
    outer loop
      vertex 5.06363 16.1843 20.7401
      vertex 5.84744 15.9404 20.317
      vertex 4.56075 16.5536 20.6991
    endloop
  endfacet
  facet normal 0.339905 -0.220732 0.914189
    outer loop
      vertex 6.28089 17.4105 19.6317
      vertex 5.33581 18.0177 20.1297
      vertex 5.17528 17.7705 20.1297
    endloop
  endfacet
  facet normal 0.464947 0.213655 0.859172
    outer loop
      vertex 5.37409 16.9381 20.1443
      vertex 5.01616 17.1106 20.2951
      vertex 5.36456 16.8949 20.1602
    endloop
  endfacet
  facet normal 0.46469 0.212819 0.859518
    outer loop
      vertex 5.01616 17.1106 20.2951
      vertex 5.37409 16.9381 20.1443
      vertex 5.6451 16.9877 19.9855
    endloop
  endfacet
  facet normal 0.46457 0.212784 0.859591
    outer loop
      vertex 4.71663 16.8839 20.5131
      vertex 5.36456 16.8949 20.1602
      vertex 5.01616 17.1106 20.2951
    endloop
  endfacet
  facet normal 0.464583 0.21268 0.85961
    outer loop
      vertex 5.36456 16.8949 20.1602
      vertex 4.71663 16.8839 20.5131
      vertex 5.59116 16.2346 20.2011
    endloop
  endfacet
  facet normal 0.49257 0.758406 0.426843
    outer loop
      vertex 5.06014 15.5735 21.6853
      vertex 6.02803 15.2251 21.1874
      vertex 4.89063 15.7952 21.487
    endloop
  endfacet
  facet normal 0.238034 -0.452889 0.859204
    outer loop
      vertex 5.5582 18.1937 20.161
      vertex 5.84402 18.42 20.2011
      vertex 5.47031 18.5258 20.3604
    endloop
  endfacet
  facet normal 0.234533 -0.460558 0.856085
    outer loop
      vertex 5.47031 18.5258 20.3604
      vertex 5.84402 18.42 20.2011
      vertex 5.39338 19.1162 20.6991
    endloop
  endfacet
  facet normal 0.397759 -0.0460248 0.916335
    outer loop
      vertex 6.24701 17.1177 19.6317
      vertex 6.28089 17.4105 19.6317
      vertex 5.17528 17.7705 20.1297
    endloop
  endfacet
  facet normal 0.410489 -0.0215217 0.911612
    outer loop
      vertex 6.24701 17.1177 19.6317
      vertex 5.17528 17.7705 20.1297
      vertex 5.15985 17.4762 20.1297
    endloop
  endfacet
  facet normal -0.330026 0.245017 -0.911619
    outer loop
      vertex 7.33972 16.9913 23.8818
      vertex 7.16399 16.7546 23.8818
      vertex 6.09782 17.1714 24.3798
    endloop
  endfacet
  facet normal 0.0818413 0.868618 -0.488676
    outer loop
      vertex 6.67179 15.6158 23.1692
      vertex 5.06014 15.5735 22.8241
      vertex 7.03756 15.6619 23.3124
    endloop
  endfacet
  facet normal 0.0819221 0.868412 -0.489028
    outer loop
      vertex 6.64028 15.5035 22.9645
      vertex 5.06014 15.5735 22.8241
      vertex 6.67179 15.6158 23.1692
    endloop
  endfacet
  facet normal 0.081925 0.868386 -0.489074
    outer loop
      vertex 5.06014 15.5735 22.8241
      vertex 6.64028 15.5035 22.9645
      vertex 6.61149 15.216 22.4492
    endloop
  endfacet
  facet normal -0.504512 -0.679172 -0.533097
    outer loop
      vertex 8.02944 18.1671 23.3124
      vertex 7.1673 18.6423 23.5229
      vertex 7.6276 18.4656 23.3124
    endloop
  endfacet
  facet normal -0.504556 -0.679397 -0.532769
    outer loop
      vertex 7.1673 18.6423 23.5229
      vertex 8.02944 18.1671 23.3124
      vertex 6.87288 18.6355 23.8104
    endloop
  endfacet
  facet normal -0.228405 0.448309 -0.864205
    outer loop
      vertex 6.09782 17.1714 24.3798
      vertex 7.16399 16.7546 23.8818
      vertex 5.8352 17.0376 24.3798
    endloop
  endfacet
  facet normal -0.467039 -0.196646 -0.862093
    outer loop
      vertex 7.23845 17.918 23.8104
      vertex 7.3736 17.284 23.8818
      vertex 6.27377 17.7129 24.3798
    endloop
  endfacet
  facet normal -0.225726 0.455502 -0.861142
    outer loop
      vertex 7.16399 16.7546 23.8818
      vertex 7.77658 15.9817 23.3124
      vertex 5.8352 17.0376 24.3798
    endloop
  endfacet
  facet normal -0.0443542 -0.84509 0.532781
    outer loop
      vertex 6.58305 18.7398 20.2011
      vertex 5.93068 19.088 20.6991
      vertex 5.39338 19.1162 20.6991
    endloop
  endfacet
  facet normal -0.0444797 -0.845157 0.532664
    outer loop
      vertex 5.93068 19.088 20.6991
      vertex 6.58305 18.7398 20.2011
      vertex 6.18034 19.0211 20.6138
    endloop
  endfacet
  facet normal -0.0444697 -0.845153 0.532671
    outer loop
      vertex 6.18034 19.0211 20.6138
      vertex 6.58305 18.7398 20.2011
      vertex 6.32072 18.9672 20.54
    endloop
  endfacet
  facet normal -0.0994807 -0.860189 0.500178
    outer loop
      vertex 6.58305 18.7398 20.2011
      vertex 6.73843 18.8069 20.3474
      vertex 6.32072 18.9672 20.54
    endloop
  endfacet
  facet normal -0.463393 -0.236101 -0.854121
    outer loop
      vertex 8.02944 18.1671 23.3124
      vertex 7.23845 17.918 23.8104
      vertex 6.87288 18.6355 23.8104
    endloop
  endfacet
  facet normal -0.222371 0.460087 -0.859576
    outer loop
      vertex 7.77658 15.9817 23.3124
      vertex 6.04025 16.0729 23.8104
      vertex 5.8352 17.0376 24.3798
    endloop
  endfacet
  facet normal 0.461785 0.199948 0.864162
    outer loop
      vertex 5.97142 17.0523 19.7941
      vertex 6.24701 17.1177 19.6317
      vertex 5.15985 17.4762 20.1297
    endloop
  endfacet
  facet normal -0.472218 -0.197412 -0.859092
    outer loop
      vertex 8.34925 17.4281 23.3124
      vertex 7.3736 17.284 23.8818
      vertex 7.23845 17.918 23.8104
    endloop
  endfacet
  facet normal -0.474334 -0.205273 -0.856078
    outer loop
      vertex 8.02944 18.1671 23.3124
      vertex 8.34925 17.4281 23.3124
      vertex 7.23845 17.918 23.8104
    endloop
  endfacet
  facet normal -0.215033 0.496915 -0.840736
    outer loop
      vertex 7.77658 15.9817 23.3124
      vertex 7.03756 15.6619 23.3124
      vertex 6.04025 16.0729 23.8104
    endloop
  endfacet
  facet normal 0.103947 0.898443 -0.426609
    outer loop
      vertex 6.61149 15.216 22.4492
      vertex 6.02803 15.2251 22.3262
      vertex 5.06014 15.5735 22.8241
    endloop
  endfacet
  facet normal -0.457122 -0.23293 -0.858361
    outer loop
      vertex 7.23845 17.918 23.8104
      vertex 6.27377 17.7129 24.3798
      vertex 6.13996 17.9755 24.3798
    endloop
  endfacet
  facet normal 0.0424391 0.810628 -0.584022
    outer loop
      vertex 6.04025 16.0729 23.8104
      vertex 7.03756 15.6619 23.3124
      vertex 5.2361 16.115 23.8104
    endloop
  endfacet
  facet normal 0.0824446 0.867316 -0.490883
    outer loop
      vertex 5.2361 16.115 23.8104
      vertex 7.03756 15.6619 23.3124
      vertex 5.06014 15.5735 22.8241
    endloop
  endfacet
  facet normal -0.405502 0.0212465 -0.913847
    outer loop
      vertex 6.27377 17.7129 24.3798
      vertex 7.3736 17.284 23.8818
      vertex 6.25835 17.4186 24.3798
    endloop
  endfacet
  facet normal 0.234354 -0.448935 0.862285
    outer loop
      vertex 5.84402 18.42 20.2011
      vertex 5.56176 18.1843 20.1551
      vertex 5.56962 18.1594 20.14
    endloop
  endfacet
  facet normal 0.236185 -0.450836 0.860792
    outer loop
      vertex 5.56176 18.1843 20.1551
      vertex 5.84402 18.42 20.2011
      vertex 5.5582 18.1937 20.161
    endloop
  endfacet
  facet normal 0.23461 -0.449161 0.862098
    outer loop
      vertex 5.56962 18.1594 20.14
      vertex 6.45662 17.6471 19.6317
      vertex 5.84402 18.42 20.2011
    endloop
  endfacet
  facet normal 0.234404 -0.449433 0.862012
    outer loop
      vertex 6.45662 17.6471 19.6317
      vertex 5.56962 18.1594 20.14
      vertex 5.33581 18.0177 20.1297
    endloop
  endfacet
  facet normal -0.335822 0.21808 -0.916332
    outer loop
      vertex 6.25835 17.4186 24.3798
      vertex 7.33972 16.9913 23.8818
      vertex 6.09782 17.1714 24.3798
    endloop
  endfacet
  facet normal -0.402596 0.0466004 -0.914191
    outer loop
      vertex 7.3736 17.284 23.8818
      vertex 7.33972 16.9913 23.8818
      vertex 6.25835 17.4186 24.3798
    endloop
  endfacet
  facet normal 0.325984 -0.242118 0.913845
    outer loop
      vertex 6.28089 17.4105 19.6317
      vertex 6.45662 17.6471 19.6317
      vertex 5.33581 18.0177 20.1297
    endloop
  endfacet
  facet normal -0.401024 -0.305252 -0.863714
    outer loop
      vertex 5.68918 19.0302 24.2205
      vertex 6.87288 18.6355 23.8104
      vertex 4.99915 18.3256 24.7899
    endloop
  endfacet
  facet normal 0.418743 0.762001 0.493972
    outer loop
      vertex 4.89063 15.7952 21.487
      vertex 4.21389 16.412 21.1092
      vertex 5.06014 15.5735 21.6853
    endloop
  endfacet
  facet normal 0.419306 0.762169 0.493236
    outer loop
      vertex 5.03974 16.1199 20.8585
      vertex 4.21389 16.412 21.1092
      vertex 4.89063 15.7952 21.487
    endloop
  endfacet
  facet normal 0.419318 0.762036 0.49343
    outer loop
      vertex 4.21389 16.412 21.1092
      vertex 5.03974 16.1199 20.8585
      vertex 5.06344 16.1652 20.7684
    endloop
  endfacet
  facet normal 0.409277 0.29647 0.862901
    outer loop
      vertex 4.56075 16.5536 20.6991
      vertex 4.20237 17.512 20.5398
      vertex 3.51234 16.8073 21.1092
    endloop
  endfacet
  facet normal -0.209697 0.411589 -0.886917
    outer loop
      vertex 6.09782 17.1714 24.3798
      vertex 5.8352 17.0376 24.3798
      vertex 4.75389 17.3704 24.7899
    endloop
  endfacet
  facet normal -0.401939 -0.713167 -0.574315
    outer loop
      vertex 6.0351 19.06 23.9414
      vertex 5.68918 19.0302 24.2205
      vertex 5.2747 19.2638 24.2205
    endloop
  endfacet
  facet normal 0.288191 -0.187149 0.939107
    outer loop
      vertex 5.17528 17.7705 20.1297
      vertex 5.33581 18.0177 20.1297
      vertex 4.19394 18.3172 20.5398
    endloop
  endfacet
  facet normal -0.343613 -0.00360286 -0.939104
    outer loop
      vertex 6.27377 17.7129 24.3798
      vertex 5.15228 17.7772 24.7899
      vertex 5.14919 18.0719 24.7899
    endloop
  endfacet
  facet normal 0.179957 -0.46791 0.86526
    outer loop
      vertex 5.56176 18.1843 20.1551
      vertex 4.44764 18.4672 20.5398
      vertex 5.56962 18.1594 20.14
    endloop
  endfacet
  facet normal 0.179777 -0.468349 0.86506
    outer loop
      vertex 4.44764 18.4672 20.5398
      vertex 5.56176 18.1843 20.1551
      vertex 4.18242 19.4171 21.1092
    endloop
  endfacet
  facet normal 0.422128 0.750095 0.509082
    outer loop
      vertex 5.06363 16.1843 20.7401
      vertex 4.21389 16.412 21.1092
      vertex 5.06344 16.1652 20.7684
    endloop
  endfacet
  facet normal 0.4223 0.749467 0.509865
    outer loop
      vertex 4.21389 16.412 21.1092
      vertex 5.06363 16.1843 20.7401
      vertex 3.51234 16.8073 21.1092
    endloop
  endfacet
  facet normal -0.0429133 -0.817635 0.574136
    outer loop
      vertex 5.39338 19.1162 20.6991
      vertex 5.93068 19.088 20.6991
      vertex 5.15919 19.2947 20.9358
    endloop
  endfacet
  facet normal 0.223509 -0.378028 0.898409
    outer loop
      vertex 5.33581 18.0177 20.1297
      vertex 4.44764 18.4672 20.5398
      vertex 4.19394 18.3172 20.5398
    endloop
  endfacet
  facet normal 0.405821 0.295504 0.864862
    outer loop
      vertex 4.71663 16.8839 20.5131
      vertex 4.20237 17.512 20.5398
      vertex 4.56075 16.5536 20.6991
    endloop
  endfacet
  facet normal 0.405812 0.295495 0.86487
    outer loop
      vertex 5.01616 17.1106 20.2951
      vertex 4.20237 17.512 20.5398
      vertex 4.71663 16.8839 20.5131
    endloop
  endfacet
  facet normal 0.405836 0.295566 0.864834
    outer loop
      vertex 4.20237 17.512 20.5398
      vertex 5.01616 17.1106 20.2951
      vertex 5.2016 17.2387 20.1643
    endloop
  endfacet
  facet normal 0.278994 0.960293 5.9926e-18
    outer loop
      vertex 5.06014 15.5735 22.8241
      vertex 4.07229 15.8605 22.0954
      vertex 4.07229 15.8605 23.2342
    endloop
  endfacet
  facet normal 0.278994 0.960293 5.9926e-18
    outer loop
      vertex 4.07229 15.8605 22.0954
      vertex 5.06014 15.5735 22.8241
      vertex 5.06014 15.5735 21.6853
    endloop
  endfacet
  facet normal 0.397999 0.237789 0.886032
    outer loop
      vertex 5.20542 17.2528 20.1588
      vertex 4.20237 17.512 20.5398
      vertex 5.2016 17.2387 20.1643
    endloop
  endfacet
  facet normal 0.397646 0.235155 0.886893
    outer loop
      vertex 4.20237 17.512 20.5398
      vertex 5.20542 17.2528 20.1588
      vertex 4.05234 17.7657 20.5398
    endloop
  endfacet
  facet normal 0.410185 0.631594 0.657904
    outer loop
      vertex 5.06363 16.1843 20.7401
      vertex 4.56075 16.5536 20.6991
      vertex 3.51234 16.8073 21.1092
    endloop
  endfacet
  facet normal 0.424141 0.763096 0.487635
    outer loop
      vertex 5.06014 15.5735 21.6853
      vertex 4.21389 16.412 21.1092
      vertex 4.07229 15.8605 22.0954
    endloop
  endfacet
  facet normal 0.00841016 -0.79422 0.607572
    outer loop
      vertex 5.39338 19.1162 20.6991
      vertex 4.68293 19.4224 21.1092
      vertex 4.18242 19.4171 21.1092
    endloop
  endfacet
  facet normal 0.0079908 -0.794577 0.607111
    outer loop
      vertex 4.68293 19.4224 21.1092
      vertex 5.39338 19.1162 20.6991
      vertex 5.15919 19.2947 20.9358
    endloop
  endfacet
  facet normal 0.298775 -0.16834 0.939359
    outer loop
      vertex 5.17528 17.7705 20.1297
      vertex 4.19394 18.3172 20.5398
      vertex 4.04925 18.0604 20.5398
    endloop
  endfacet
  facet normal 0.206261 -0.405083 0.89071
    outer loop
      vertex 5.33581 18.0177 20.1297
      vertex 5.56962 18.1594 20.14
      vertex 4.44764 18.4672 20.5398
    endloop
  endfacet
  facet normal -0.184286 0.46697 -0.864857
    outer loop
      vertex 5.8352 17.0376 24.3798
      vertex 5.0191 16.4205 24.2205
      vertex 4.75389 17.3704 24.7899
    endloop
  endfacet
  facet normal -0.00794854 0.752969 -0.658007
    outer loop
      vertex 5.0191 16.4205 24.2205
      vertex 6.04025 16.0729 23.8104
      vertex 4.21389 16.412 24.2205
    endloop
  endfacet
  facet normal -0.186682 0.469633 -0.862899
    outer loop
      vertex 5.8352 17.0376 24.3798
      vertex 6.04025 16.0729 23.8104
      vertex 5.0191 16.4205 24.2205
    endloop
  endfacet
  facet normal -0.432705 -0.66618 -0.607429
    outer loop
      vertex 6.18034 19.0211 23.8806
      vertex 5.68918 19.0302 24.2205
      vertex 6.0351 19.06 23.9414
    endloop
  endfacet
  facet normal -0.432411 -0.665943 -0.607899
    outer loop
      vertex 6.87288 18.6355 23.8104
      vertex 6.18034 19.0211 23.8806
      vertex 6.42164 18.9285 23.8104
    endloop
  endfacet
  facet normal -0.432599 -0.666394 -0.60727
    outer loop
      vertex 6.18034 19.0211 23.8806
      vertex 6.87288 18.6355 23.8104
      vertex 5.68918 19.0302 24.2205
    endloop
  endfacet
  facet normal -0.291942 0.189585 -0.937458
    outer loop
      vertex 6.25835 17.4186 24.3798
      vertex 6.09782 17.1714 24.3798
      vertex 5.00758 17.5204 24.7899
    endloop
  endfacet
  facet normal 0.385165 0.196034 0.901786
    outer loop
      vertex 5.20542 17.2528 20.1588
      vertex 5.15985 17.4762 20.1297
      vertex 4.05234 17.7657 20.5398
    endloop
  endfacet
  facet normal 0.338124 -0.0177277 0.940935
    outer loop
      vertex 5.15985 17.4762 20.1297
      vertex 5.17528 17.7705 20.1297
      vertex 4.04925 18.0604 20.5398
    endloop
  endfacet
  facet normal 0.348085 0.00364975 0.937456
    outer loop
      vertex 4.05234 17.7657 20.5398
      vertex 5.15985 17.4762 20.1297
      vertex 4.04925 18.0604 20.5398
    endloop
  endfacet
  facet normal 0.170424 -0.476731 0.86237
    outer loop
      vertex 5.5582 18.1937 20.161
      vertex 4.18242 19.4171 21.1092
      vertex 5.56176 18.1843 20.1551
    endloop
  endfacet
  facet normal 0.17543 -0.472239 0.863837
    outer loop
      vertex 5.47031 18.5258 20.3604
      vertex 4.18242 19.4171 21.1092
      vertex 5.5582 18.1937 20.161
    endloop
  endfacet
  facet normal 0.175043 -0.472667 0.863681
    outer loop
      vertex 4.18242 19.4171 21.1092
      vertex 5.47031 18.5258 20.3604
      vertex 5.39338 19.1162 20.6991
    endloop
  endfacet
  facet normal 0.0449714 0.858997 -0.510002
    outer loop
      vertex 6.04025 16.0729 23.8104
      vertex 5.2361 16.115 23.8104
      vertex 4.21389 16.412 24.2205
    endloop
  endfacet
  facet normal 0.050805 0.871594 -0.487588
    outer loop
      vertex 5.2361 16.115 23.8104
      vertex 5.06014 15.5735 22.8241
      vertex 4.07229 15.8605 23.2342
    endloop
  endfacet
  facet normal -0.402756 -0.299065 -0.865071
    outer loop
      vertex 6.87288 18.6355 23.8104
      vertex 6.13996 17.9755 24.3798
      vertex 4.99915 18.3256 24.7899
    endloop
  endfacet
  facet normal -0.34247 0.0179439 -0.939357
    outer loop
      vertex 6.27377 17.7129 24.3798
      vertex 6.25835 17.4186 24.3798
      vertex 5.15228 17.7772 24.7899
    endloop
  endfacet
  facet normal -0.294983 0.166215 -0.940934
    outer loop
      vertex 5.15228 17.7772 24.7899
      vertex 6.25835 17.4186 24.3798
      vertex 5.00758 17.5204 24.7899
    endloop
  endfacet
  facet normal -0.391273 -0.199376 -0.898418
    outer loop
      vertex 6.13996 17.9755 24.3798
      vertex 6.27377 17.7129 24.3798
      vertex 5.14919 18.0719 24.7899
    endloop
  endfacet
  facet normal -0.391209 -0.231364 -0.890745
    outer loop
      vertex 6.13996 17.9755 24.3798
      vertex 5.14919 18.0719 24.7899
      vertex 4.99915 18.3256 24.7899
    endloop
  endfacet
  facet normal -0.220049 0.372161 -0.901707
    outer loop
      vertex 5.00758 17.5204 24.7899
      vertex 6.09782 17.1714 24.3798
      vertex 4.75389 17.3704 24.7899
    endloop
  endfacet
  facet normal 0.0543581 0.868183 -0.493258
    outer loop
      vertex 4.21389 16.412 24.2205
      vertex 5.2361 16.115 23.8104
      vertex 4.07229 15.8605 23.2342
    endloop
  endfacet
  facet normal 0.328675 0.376789 0.866027
    outer loop
      vertex 4.20237 17.512 20.5398
      vertex 3.09449 17.7413 20.8605
      vertex 2.45007 16.9947 21.4299
    endloop
  endfacet
  facet normal 0.33246 0.802012 0.496234
    outer loop
      vertex 4.07229 15.8605 22.0954
      vertex 4.21389 16.412 21.1092
      vertex 3.17506 16.6442 21.4299
    endloop
  endfacet
  facet normal 0.239675 -0.135041 0.961415
    outer loop
      vertex 4.04925 18.0604 20.5398
      vertex 4.19394 18.3172 20.5398
      vertex 3.03552 18.5444 20.8605
    endloop
  endfacet
  facet normal 0.346861 0.717462 0.604099
    outer loop
      vertex 3.17506 16.6442 21.4299
      vertex 4.21389 16.412 21.1092
      vertex 2.45007 16.9947 21.4299
    endloop
  endfacet
  facet normal -0.32394 -0.670177 -0.667776
    outer loop
      vertex 4.15823 19.563 24.4849
      vertex 4.48304 19.3499 24.5412
      vertex 3.9859 19.5902 24.5412
    endloop
  endfacet
  facet normal -0.323996 -0.670239 -0.667688
    outer loop
      vertex 4.48304 19.3499 24.5412
      vertex 4.15823 19.563 24.4849
      vertex 4.78459 19.3951 24.3495
    endloop
  endfacet
  facet normal 0.328059 0.378211 0.865641
    outer loop
      vertex 3.51234 16.8073 21.1092
      vertex 4.20237 17.512 20.5398
      vertex 2.45007 16.9947 21.4299
    endloop
  endfacet
  facet normal -0.274364 -0.020148 -0.961415
    outer loop
      vertex 5.14919 18.0719 24.7899
      vertex 4.02587 18.0656 25.1106
      vertex 4.00428 18.3596 25.1106
    endloop
  endfacet
  facet normal -0.307318 -0.18175 -0.934089
    outer loop
      vertex 4.99915 18.3256 24.7899
      vertex 5.14919 18.0719 24.7899
      vertex 4.00428 18.3596 25.1106
    endloop
  endfacet
  facet normal -0.329337 -0.376213 -0.866026
    outer loop
      vertex 4.48304 19.3499 24.5412
      vertex 4.99915 18.3256 24.7899
      vertex 3.83861 18.6033 25.1106
    endloop
  endfacet
  facet normal -0.306516 -0.208373 -0.928778
    outer loop
      vertex 4.99915 18.3256 24.7899
      vertex 4.00428 18.3596 25.1106
      vertex 3.83861 18.6033 25.1106
    endloop
  endfacet
  facet normal -0.329958 -0.376444 -0.865689
    outer loop
      vertex 5.68918 19.0302 24.2205
      vertex 4.99915 18.3256 24.7899
      vertex 4.48304 19.3499 24.5412
    endloop
  endfacet
  facet normal -0.350997 -0.622779 -0.699248
    outer loop
      vertex 4.48304 19.3499 24.5412
      vertex 5.2747 19.2638 24.2205
      vertex 5.68918 19.0302 24.2205
    endloop
  endfacet
  facet normal -0.350913 -0.62318 -0.698933
    outer loop
      vertex 5.2747 19.2638 24.2205
      vertex 4.48304 19.3499 24.5412
      vertex 4.78459 19.3951 24.3495
    endloop
  endfacet
  facet normal 0.302171 0.178694 0.936355
    outer loop
      vertex 4.20237 17.512 20.5398
      vertex 4.05234 17.7657 20.5398
      vertex 2.92882 17.9851 20.8605
    endloop
  endfacet
  facet normal 0.336598 0.803003 0.491822
    outer loop
      vertex 4.07229 15.8605 22.0954
      vertex 3.17506 16.6442 21.4299
      vertex 3.06836 16.0849 22.4161
    endloop
  endfacet
  facet normal 0.0373471 0.869916 -0.491784
    outer loop
      vertex 4.21389 16.412 24.2205
      vertex 4.07229 15.8605 23.2342
      vertex 3.06836 16.0849 23.5549
    endloop
  endfacet
  facet normal 0.327445 0.581125 0.745032
    outer loop
      vertex 4.21389 16.412 21.1092
      vertex 3.51234 16.8073 21.1092
      vertex 2.45007 16.9947 21.4299
    endloop
  endfacet
  facet normal -0.135814 0.481901 -0.865636
    outer loop
      vertex 5.0191 16.4205 24.2205
      vertex 3.97815 16.7032 24.5412
      vertex 3.65381 17.6346 25.1106
    endloop
  endfacet
  facet normal 0.0523453 -0.713105 0.6991
    outer loop
      vertex 4.18242 19.4171 21.1092
      vertex 3.43858 19.6769 21.4299
      vertex 2.95496 19.6414 21.4299
    endloop
  endfacet
  facet normal 0.0523871 -0.713051 0.699152
    outer loop
      vertex 3.43858 19.6769 21.4299
      vertex 4.18242 19.4171 21.1092
      vertex 3.90351 19.6033 21.32
    endloop
  endfacet
  facet normal 0.00816599 -0.744075 0.668047
    outer loop
      vertex 4.18242 19.4171 21.1092
      vertex 4.15823 19.563 21.272
      vertex 3.90351 19.6033 21.32
    endloop
  endfacet
  facet normal 0.0078794 -0.744097 0.668025
    outer loop
      vertex 4.15823 19.563 21.272
      vertex 4.18242 19.4171 21.1092
      vertex 4.68293 19.4224 21.1092
    endloop
  endfacet
  facet normal 0.311968 0.211992 0.92614
    outer loop
      vertex 3.09449 17.7413 20.8605
      vertex 4.20237 17.512 20.5398
      vertex 2.92882 17.9851 20.8605
    endloop
  endfacet
  facet normal 0.138272 -0.481085 0.865701
    outer loop
      vertex 3.2793 18.71 20.8605
      vertex 4.18242 19.4171 21.1092
      vertex 2.95496 19.6414 21.4299
    endloop
  endfacet
  facet normal 0.137832 -0.480636 0.86602
    outer loop
      vertex 4.44764 18.4672 20.5398
      vertex 4.18242 19.4171 21.1092
      vertex 3.2793 18.71 20.8605
    endloop
  endfacet
  facet normal 0.247164 -0.119466 0.961581
    outer loop
      vertex 4.04925 18.0604 20.5398
      vertex 3.03552 18.5444 20.8605
      vertex 2.90724 18.279 20.8605
    endloop
  endfacet
  facet normal 0.218139 0.975918 -8.51453e-18
    outer loop
      vertex 4.07229 15.8605 23.2342
      vertex 3.06836 16.0849 22.4161
      vertex 3.06836 16.0849 23.5549
    endloop
  endfacet
  facet normal 0.218139 0.975918 -8.51453e-18
    outer loop
      vertex 3.06836 16.0849 22.4161
      vertex 4.07229 15.8605 23.2342
      vertex 4.07229 15.8605 22.0954
    endloop
  endfacet
  facet normal 0.278107 0.0204204 0.960333
    outer loop
      vertex 2.92882 17.9851 20.8605
      vertex 4.05234 17.7657 20.5398
      vertex 2.90724 18.279 20.8605
    endloop
  endfacet
  facet normal 0.270865 0.00284009 0.962613
    outer loop
      vertex 4.05234 17.7657 20.5398
      vertex 4.04925 18.0604 20.5398
      vertex 2.90724 18.279 20.8605
    endloop
  endfacet
  facet normal 0.200656 -0.295386 0.934069
    outer loop
      vertex 4.19394 18.3172 20.5398
      vertex 3.2793 18.71 20.8605
      vertex 3.03552 18.5444 20.8605
    endloop
  endfacet
  facet normal 0.188638 -0.319049 0.928775
    outer loop
      vertex 4.19394 18.3172 20.5398
      vertex 4.44764 18.4672 20.5398
      vertex 3.2793 18.71 20.8605
    endloop
  endfacet
  facet normal -0.197329 0.290313 -0.936365
    outer loop
      vertex 3.89759 17.8003 25.1106
      vertex 5.00758 17.5204 24.7899
      vertex 3.65381 17.6346 25.1106
    endloop
  endfacet
  facet normal -0.243873 0.11792 -0.962611
    outer loop
      vertex 4.02587 18.0656 25.1106
      vertex 5.15228 17.7772 24.7899
      vertex 3.89759 17.8003 25.1106
    endloop
  endfacet
  facet normal -0.274508 -0.00287829 -0.96158
    outer loop
      vertex 5.14919 18.0719 24.7899
      vertex 5.15228 17.7772 24.7899
      vertex 4.02587 18.0656 25.1106
    endloop
  endfacet
  facet normal -0.0488719 0.66523 -0.745038
    outer loop
      vertex 3.97815 16.7032 24.5412
      vertex 5.0191 16.4205 24.2205
      vertex 3.17506 16.6442 24.5412
    endloop
  endfacet
  facet normal -0.00841134 0.796811 -0.60417
    outer loop
      vertex 5.0191 16.4205 24.2205
      vertex 4.21389 16.412 24.2205
      vertex 3.17506 16.6442 24.5412
    endloop
  endfacet
  facet normal 0.0406686 0.867258 -0.496195
    outer loop
      vertex 3.17506 16.6442 24.5412
      vertex 4.21389 16.412 24.2205
      vertex 3.06836 16.0849 23.5549
    endloop
  endfacet
  facet normal -0.242942 0.136891 -0.960333
    outer loop
      vertex 5.15228 17.7772 24.7899
      vertex 5.00758 17.5204 24.7899
      vertex 3.89759 17.8003 25.1106
    endloop
  endfacet
  facet normal -0.191999 0.324721 -0.926117
    outer loop
      vertex 5.00758 17.5204 24.7899
      vertex 4.75389 17.3704 24.7899
      vertex 3.65381 17.6346 25.1106
    endloop
  endfacet
  facet normal -0.136977 0.480877 -0.866022
    outer loop
      vertex 4.75389 17.3704 24.7899
      vertex 5.0191 16.4205 24.2205
      vertex 3.65381 17.6346 25.1106
    endloop
  endfacet
  facet normal 0.0951899 -0.492302 0.865204
    outer loop
      vertex 2.95496 19.6414 21.4299
      vertex 2.18808 18.9592 21.1261
      vertex 2.19232 18.9377 21.1134
    endloop
  endfacet
  facet normal 0.0974722 -0.494179 0.863879
    outer loop
      vertex 2.19232 18.9377 21.1134
      vertex 3.2793 18.71 20.8605
      vertex 2.95496 19.6414 21.4299
    endloop
  endfacet
  facet normal 0.0972979 -0.494701 0.863599
    outer loop
      vertex 3.2793 18.71 20.8605
      vertex 2.19232 18.9377 21.1134
      vertex 2.09801 18.879 21.0904
    endloop
  endfacet
  facet normal -0.0696248 0.508296 -0.858363
    outer loop
      vertex 2.53932 17.8292 25.3405
      vertex 2.9215 16.92 24.7711
      vertex 2.2473 17.7892 25.3405
    endloop
  endfacet
  facet normal -0.0503341 0.685133 -0.726677
    outer loop
      vertex 3.97815 16.7032 24.5412
      vertex 3.17506 16.6442 24.5412
      vertex 2.12369 16.8108 24.7711
    endloop
  endfacet
  facet normal -0.0695768 0.508325 -0.85835
    outer loop
      vertex 2.2473 17.7892 25.3405
      vertex 2.9215 16.92 24.7711
      vertex 2.12369 16.8108 24.7711
    endloop
  endfacet
  facet normal -0.159097 0.205047 -0.965735
    outer loop
      vertex 2.77221 18.0099 25.3405
      vertex 3.89759 17.8003 25.1106
      vertex 2.53932 17.8292 25.3405
    endloop
  endfacet
  facet normal 0.240235 0.44515 0.862629
    outer loop
      vertex 3.09449 17.7413 20.8605
      vertex 2.07068 17.8144 21.1079
      vertex 2.07099 17.8059 21.1122
    endloop
  endfacet
  facet normal 0.240308 0.443685 0.863363
    outer loop
      vertex 2.07068 17.8144 21.1079
      vertex 3.09449 17.7413 20.8605
      vertex 1.9744 17.9006 21.0904
    endloop
  endfacet
  facet normal 0.240337 0.44343 0.863486
    outer loop
      vertex 3.09449 17.7413 20.8605
      vertex 2.07099 17.8059 21.1122
      vertex 1.83404 17.2814 21.4475
    endloop
  endfacet
  facet normal 0.0457137 -0.622762 0.781075
    outer loop
      vertex 2.95496 19.6414 21.4299
      vertex 3.43858 19.6769 21.4299
      vertex 2.6892 19.7956 21.5684
    endloop
  endfacet
  facet normal 0.197212 0.0144805 0.980254
    outer loop
      vertex 2.92882 17.9851 20.8605
      vertex 2.90724 18.279 20.8605
      vertex 1.75375 18.4255 21.0904
    endloop
  endfacet
  facet normal -0.0915131 0.496011 -0.863481
    outer loop
      vertex 3.65381 17.6346 25.1106
      vertex 3.97815 16.7032 24.5412
      vertex 2.53932 17.8292 25.3405
    endloop
  endfacet
  facet normal 0.0283049 0.866458 -0.498447
    outer loop
      vertex 2.12369 16.8108 24.7711
      vertex 3.17506 16.6442 24.5412
      vertex 2.05233 16.2458 23.7849
    endloop
  endfacet
  facet normal 0.0254239 0.868408 -0.495198
    outer loop
      vertex 3.17506 16.6442 24.5412
      vertex 3.06836 16.0849 23.5549
      vertex 2.05233 16.2458 23.7849
    endloop
  endfacet
  facet normal 0.259679 0.636095 0.726601
    outer loop
      vertex 2.12369 16.8108 21.6598
      vertex 3.17506 16.6442 21.4299
      vertex 1.75927 17.0152 21.6111
    endloop
  endfacet
  facet normal -0.183082 0.0747153 -0.980254
    outer loop
      vertex 2.88358 18.2828 25.3405
      vertex 4.02587 18.0656 25.1106
      vertex 2.77221 18.0099 25.3405
    endloop
  endfacet
  facet normal -0.183476 0.0887158 -0.979013
    outer loop
      vertex 4.02587 18.0656 25.1106
      vertex 3.89759 17.8003 25.1106
      vertex 2.77221 18.0099 25.3405
    endloop
  endfacet
  facet normal 0.244144 0.83373 0.495265
    outer loop
      vertex 3.06836 16.0849 22.4161
      vertex 2.12369 16.8108 21.6598
      vertex 2.05233 16.2458 22.6461
    endloop
  endfacet
  facet normal 0.156412 0.987692 1.11523e-17
    outer loop
      vertex 3.06836 16.0849 23.5549
      vertex 2.05233 16.2458 22.6461
      vertex 2.05233 16.2458 23.7849
    endloop
  endfacet
  facet normal 0.156412 0.987692 1.11523e-17
    outer loop
      vertex 2.05233 16.2458 22.6461
      vertex 3.06836 16.0849 23.5549
      vertex 3.06836 16.0849 22.4161
    endloop
  endfacet
  facet normal -0.157545 0.231782 -0.959925
    outer loop
      vertex 3.89759 17.8003 25.1106
      vertex 3.65381 17.6346 25.1106
      vertex 2.53932 17.8292 25.3405
    endloop
  endfacet
  facet normal -0.217309 -0.168557 -0.961439
    outer loop
      vertex 3.83861 18.6033 25.1106
      vertex 2.84357 18.5748 25.3405
      vertex 2.66292 18.8077 25.3405
    endloop
  endfacet
  facet normal 0.2353 0.452794 0.860007
    outer loop
      vertex 1.83404 17.2814 21.4475
      vertex 2.45007 16.9947 21.4299
      vertex 3.09449 17.7413 20.8605
    endloop
  endfacet
  facet normal 0.235382 0.452976 0.859888
    outer loop
      vertex 1.7953 17.1677 21.518
      vertex 2.45007 16.9947 21.4299
      vertex 1.83404 17.2814 21.4475
    endloop
  endfacet
  facet normal 0.235282 0.452441 0.860197
    outer loop
      vertex 2.45007 16.9947 21.4299
      vertex 1.7953 17.1677 21.518
      vertex 1.75256 17.073 21.5795
    endloop
  endfacet
  facet normal 0.101112 -0.497366 0.861628
    outer loop
      vertex 2.95496 19.6414 21.4299
      vertex 2.17186 19.1307 21.227
      vertex 2.18808 18.9592 21.1261
    endloop
  endfacet
  facet normal 0.10102 -0.497256 0.861703
    outer loop
      vertex 2.17186 19.1307 21.227
      vertex 2.95496 19.6414 21.4299
      vertex 2.05517 19.748 21.5969
    endloop
  endfacet
  facet normal 0.0802174 -0.585487 0.806703
    outer loop
      vertex 2.05517 19.748 21.5969
      vertex 2.6892 19.7956 21.5684
      vertex 2.36076 19.8476 21.6388
    endloop
  endfacet
  facet normal 0.0802376 -0.585966 0.806353
    outer loop
      vertex 2.6892 19.7956 21.5684
      vertex 2.05517 19.748 21.5969
      vertex 2.95496 19.6414 21.4299
    endloop
  endfacet
  facet normal 0.221455 0.171773 0.959923
    outer loop
      vertex 1.9744 17.9006 21.0904
      vertex 3.09449 17.7413 20.8605
      vertex 1.79375 18.1335 21.0904
    endloop
  endfacet
  facet normal 0.23516 0.486416 0.841486
    outer loop
      vertex 2.45007 16.9947 21.4299
      vertex 1.75927 17.0152 21.6111
      vertex 3.17506 16.6442 21.4299
    endloop
  endfacet
  facet normal 0.235079 0.487129 0.841097
    outer loop
      vertex 1.75927 17.0152 21.6111
      vertex 2.45007 16.9947 21.4299
      vertex 1.75256 17.073 21.5795
    endloop
  endfacet
  facet normal -0.235927 -0.577886 -0.781272
    outer loop
      vertex 3.55961 19.6578 24.6326
      vertex 3.2592 19.5932 24.7711
      vertex 2.81022 19.7765 24.7711
    endloop
  endfacet
  facet normal -0.0838396 0.50335 -0.860006
    outer loop
      vertex 3.97815 16.7032 24.5412
      vertex 2.9215 16.92 24.7711
      vertex 2.53932 17.8292 25.3405
    endloop
  endfacet
  facet normal -0.0732645 0.535267 -0.8415
    outer loop
      vertex 2.9215 16.92 24.7711
      vertex 3.97815 16.7032 24.5412
      vertex 2.12369 16.8108 24.7711
    endloop
  endfacet
  facet normal 0.180916 -0.0874451 0.979603
    outer loop
      vertex 2.90724 18.279 20.8605
      vertex 3.03552 18.5444 20.8605
      vertex 1.86512 18.6984 21.0904
    endloop
  endfacet
  facet normal 0.185639 -0.075759 0.979693
    outer loop
      vertex 2.90724 18.279 20.8605
      vertex 1.86512 18.6984 21.0904
      vertex 1.75375 18.4255 21.0904
    endloop
  endfacet
  facet normal 0.201908 0.0276586 0.979014
    outer loop
      vertex 1.79375 18.1335 21.0904
      vertex 2.92882 17.9851 20.8605
      vertex 1.75375 18.4255 21.0904
    endloop
  endfacet
  facet normal 0.240945 0.832807 0.498375
    outer loop
      vertex 3.06836 16.0849 22.4161
      vertex 3.17506 16.6442 21.4299
      vertex 2.12369 16.8108 21.6598
    endloop
  endfacet
  facet normal -0.245404 -0.439913 -0.863859
    outer loop
      vertex 3.2592 19.5932 24.7711
      vertex 3.83861 18.6033 25.1106
      vertex 2.66292 18.8077 25.3405
    endloop
  endfacet
  facet normal -0.193923 -0.475001 -0.858352
    outer loop
      vertex 2.66292 18.8077 25.3405
      vertex 2.81022 19.7765 24.7711
      vertex 3.2592 19.5932 24.7711
    endloop
  endfacet
  facet normal -0.193942 -0.474997 -0.85835
    outer loop
      vertex 2.81022 19.7765 24.7711
      vertex 2.66292 18.8077 25.3405
      vertex 2.52401 19.8218 24.8107
    endloop
  endfacet
  facet normal -0.218574 -0.148589 -0.964441
    outer loop
      vertex 3.83861 18.6033 25.1106
      vertex 4.00428 18.3596 25.1106
      vertex 2.84357 18.5748 25.3405
    endloop
  endfacet
  facet normal -0.199967 -0.0146847 -0.979692
    outer loop
      vertex 4.00428 18.3596 25.1106
      vertex 4.02587 18.0656 25.1106
      vertex 2.88358 18.2828 25.3405
    endloop
  endfacet
  facet normal -0.199086 -0.0272789 -0.979602
    outer loop
      vertex 4.00428 18.3596 25.1106
      vertex 2.88358 18.2828 25.3405
      vertex 2.84357 18.5748 25.3405
    endloop
  endfacet
  facet normal 0.161963 -0.208857 0.964441
    outer loop
      vertex 3.03552 18.5444 20.8605
      vertex 2.09801 18.879 21.0904
      vertex 1.86512 18.6984 21.0904
    endloop
  endfacet
  facet normal 0.15456 -0.227528 0.961427
    outer loop
      vertex 3.03552 18.5444 20.8605
      vertex 3.2793 18.71 20.8605
      vertex 2.09801 18.879 21.0904
    endloop
  endfacet
  facet normal 0.214674 0.145878 0.96573
    outer loop
      vertex 3.09449 17.7413 20.8605
      vertex 2.92882 17.9851 20.8605
      vertex 1.79375 18.1335 21.0904
    endloop
  endfacet
  facet normal -0.249684 -0.441686 -0.861726
    outer loop
      vertex 4.48304 19.3499 24.5412
      vertex 3.83861 18.6033 25.1106
      vertex 3.2592 19.5932 24.7711
    endloop
  endfacet
  facet normal -0.257328 -0.532369 -0.806452
    outer loop
      vertex 3.2592 19.5932 24.7711
      vertex 3.9859 19.5902 24.5412
      vertex 4.48304 19.3499 24.5412
    endloop
  endfacet
  facet normal -0.257331 -0.532354 -0.806461
    outer loop
      vertex 3.9859 19.5902 24.5412
      vertex 3.2592 19.5932 24.7711
      vertex 3.55961 19.6578 24.6326
    endloop
  endfacet
  facet normal -0.193729 -0.474994 -0.8584
    outer loop
      vertex 2.39003 18.919 25.3405
      vertex 2.52401 19.8218 24.8107
      vertex 2.66292 18.8077 25.3405
    endloop
  endfacet
  facet normal -0.193958 -0.474945 -0.858375
    outer loop
      vertex 2.52401 19.8218 24.8107
      vertex 2.39003 18.919 25.3405
      vertex 2.50447 19.8249 24.8134
    endloop
  endfacet
  facet normal 0.115897 -0.0389964 0.992495
    outer loop
      vertex 1.75375 18.4255 21.0904
      vertex 0.687357 18.7786 21.2288
      vertex 0.593346 18.4992 21.2288
    endloop
  endfacet
  facet normal 0.0525942 -0.502514 0.862968
    outer loop
      vertex 1.19738 19.0318 21.2288
      vertex 2.17186 19.1307 21.227
      vertex 1.34871 19.9293 21.7422
    endloop
  endfacet
  facet normal 0.0526111 -0.502683 0.862869
    outer loop
      vertex 2.17186 19.1307 21.227
      vertex 1.19738 19.0318 21.2288
      vertex 2.18808 18.9592 21.1261
    endloop
  endfacet
  facet normal 0.052828 -0.502538 0.86294
    outer loop
      vertex 1.19738 19.0318 21.2288
      vertex 1.34871 19.9293 21.7422
      vertex 1.25416 19.9343 21.7509
    endloop
  endfacet
  facet normal 0.0529511 -0.500119 0.864336
    outer loop
      vertex 2.18808 18.9592 21.1261
      vertex 1.19738 19.0318 21.2288
      vertex 2.19232 18.9377 21.1134
    endloop
  endfacet
  facet normal 0.145906 0.853836 0.499675
    outer loop
      vertex 2.05233 16.2458 22.6461
      vertex 2.12369 16.8108 21.6598
      vertex 1.06394 16.9109 21.7982
    endloop
  endfacet
  facet normal 0.140995 0.345811 0.92765
    outer loop
      vertex 2.07068 17.8144 21.1079
      vertex 1.9744 17.9006 21.0904
      vertex 0.846522 17.9892 21.2288
    endloop
  endfacet
  facet normal -0.127291 -0.112213 -0.985497
    outer loop
      vertex 2.66292 18.8077 25.3405
      vertex 1.67164 18.7167 25.4789
      vertex 1.47673 18.9378 25.4789
    endloop
  endfacet
  facet normal 0.148073 0.854592 0.497742
    outer loop
      vertex 2.05233 16.2458 22.6461
      vertex 1.06394 16.9109 21.7982
      vertex 1.02819 16.3427 22.7844
    endloop
  endfacet
  facet normal 0.158113 0.486963 0.858992
    outer loop
      vertex 1.06394 16.9109 21.7982
      vertex 1.7953 17.1677 21.518
      vertex 1.12587 17.8952 21.2288
    endloop
  endfacet
  facet normal 0.15835 0.486515 0.859202
    outer loop
      vertex 1.7953 17.1677 21.518
      vertex 1.06394 16.9109 21.7982
      vertex 1.75256 17.073 21.5795
    endloop
  endfacet
  facet normal 0.158171 0.486696 0.859133
    outer loop
      vertex 1.75927 17.0152 21.6111
      vertex 1.06394 16.9109 21.7982
      vertex 2.12369 16.8108 21.6598
    endloop
  endfacet
  facet normal 0.157872 0.487734 0.858599
    outer loop
      vertex 1.75256 17.073 21.5795
      vertex 1.06394 16.9109 21.7982
      vertex 1.75927 17.0152 21.6111
    endloop
  endfacet
  facet normal 0.121888 0.0245792 0.99224
    outer loop
      vertex 0.651604 18.2103 21.2288
      vertex 1.79375 18.1335 21.0904
      vertex 0.593346 18.4992 21.2288
    endloop
  endfacet
  facet normal -0.147006 -0.360435 -0.921128
    outer loop
      vertex 2.39003 18.919 25.3405
      vertex 2.66292 18.8077 25.3405
      vertex 1.47673 18.9378 25.4789
    endloop
  endfacet
  facet normal -0.106102 0.136746 -0.984908
    outer loop
      vertex 2.77221 18.0099 25.3405
      vertex 2.53932 17.8292 25.3405
      vertex 1.4148 17.9535 25.4789
    endloop
  endfacet
  facet normal 0.129848 0.114472 0.984904
    outer loop
      vertex 0.846522 17.9892 21.2288
      vertex 1.9744 17.9006 21.0904
      vertex 0.651604 18.2103 21.2288
    endloop
  endfacet
  facet normal 0.152194 0.48286 0.862371
    outer loop
      vertex 1.83404 17.2814 21.4475
      vertex 1.12587 17.8952 21.2288
      vertex 1.7953 17.1677 21.518
    endloop
  endfacet
  facet normal 0.152014 0.482697 0.862494
    outer loop
      vertex 1.12587 17.8952 21.2288
      vertex 1.83404 17.2814 21.4475
      vertex 2.07099 17.8059 21.1122
    endloop
  endfacet
  facet normal -0.145266 -0.483807 -0.863034
    outer loop
      vertex 2.39003 18.919 25.3405
      vertex 2.42289 19.8378 24.8199
      vertex 2.50447 19.8249 24.8134
    endloop
  endfacet
  facet normal -0.145894 -0.483745 -0.862963
    outer loop
      vertex 2.42289 19.8378 24.8199
      vertex 2.39003 18.919 25.3405
      vertex 1.19738 19.0318 25.4789
    endloop
  endfacet
  facet normal -0.141136 -0.489139 -0.860711
    outer loop
      vertex 1.19738 19.0318 25.4789
      vertex 2.09057 19.8904 24.8445
      vertex 2.42289 19.8378 24.8199
    endloop
  endfacet
  facet normal -0.141236 -0.489057 -0.860742
    outer loop
      vertex 2.09057 19.8904 24.8445
      vertex 1.19738 19.0318 25.4789
      vertex 1.25416 19.9343 24.9568
    endloop
  endfacet
  facet normal -0.105628 0.119822 -0.98716
    outer loop
      vertex 1.63589 18.1484 25.4789
      vertex 2.77221 18.0099 25.3405
      vertex 1.4148 17.9535 25.4789
    endloop
  endfacet
  facet normal -0.0737769 0.365632 -0.927831
    outer loop
      vertex 1.4148 17.9535 25.4789
      vertex 2.53932 17.8292 25.3405
      vertex 1.12587 17.8952 25.4789
    endloop
  endfacet
  facet normal 0.151122 0.450606 0.879839
    outer loop
      vertex 2.07068 17.8144 21.1079
      vertex 1.12587 17.8952 21.2288
      vertex 2.07099 17.8059 21.1122
    endloop
  endfacet
  facet normal 0.15109 0.449009 0.880661
    outer loop
      vertex 1.12587 17.8952 21.2288
      vertex 2.07068 17.8144 21.1079
      vertex 0.846522 17.9892 21.2288
    endloop
  endfacet
  facet normal 0.0611225 -0.447737 0.892074
    outer loop
      vertex 2.09801 18.879 21.0904
      vertex 2.19232 18.9377 21.1134
      vertex 1.19738 19.0318 21.2288
    endloop
  endfacet
  facet normal 0.126202 0.0978893 0.987163
    outer loop
      vertex 1.9744 17.9006 21.0904
      vertex 1.79375 18.1335 21.0904
      vertex 0.651604 18.2103 21.2288
    endloop
  endfacet
  facet normal 0.0471538 -0.506791 0.860779
    outer loop
      vertex 2.09057 19.8904 21.6788
      vertex 2.05517 19.748 21.5969
      vertex 2.36076 19.8476 21.6388
    endloop
  endfacet
  facet normal 0.0469924 -0.506765 0.860803
    outer loop
      vertex 2.05517 19.748 21.5969
      vertex 2.09057 19.8904 21.6788
      vertex 1.34871 19.9293 21.7422
    endloop
  endfacet
  facet normal 0.0469439 -0.506894 0.860729
    outer loop
      vertex 2.17186 19.1307 21.227
      vertex 2.05517 19.748 21.5969
      vertex 1.34871 19.9293 21.7422
    endloop
  endfacet
  facet normal 0.0941953 0.995554 -2.73596e-18
    outer loop
      vertex 2.05233 16.2458 23.7849
      vertex 1.02819 16.3427 22.7844
      vertex 1.02819 16.3427 23.9232
    endloop
  endfacet
  facet normal 0.0941953 0.995554 -2.73596e-18
    outer loop
      vertex 1.02819 16.3427 22.7844
      vertex 2.05233 16.2458 23.7849
      vertex 2.05233 16.2458 22.6461
    endloop
  endfacet
  facet normal 0.0165687 0.866118 -0.499565
    outer loop
      vertex 1.06394 16.9109 24.9095
      vertex 2.12369 16.8108 24.7711
      vertex 1.02819 16.3427 23.9232
    endloop
  endfacet
  facet normal -0.144018 -0.427993 -0.892234
    outer loop
      vertex 2.39003 18.919 25.3405
      vertex 1.47673 18.9378 25.4789
      vertex 1.19738 19.0318 25.4789
    endloop
  endfacet
  facet normal -0.114259 0.0384585 -0.992706
    outer loop
      vertex 1.7299 18.4277 25.4789
      vertex 2.88358 18.2828 25.3405
      vertex 1.63589 18.1484 25.4789
    endloop
  endfacet
  facet normal 0.10763 -0.122093 0.986666
    outer loop
      vertex 1.86512 18.6984 21.0904
      vertex 0.908448 18.9735 21.2288
      vertex 0.687357 18.7786 21.2288
    endloop
  endfacet
  facet normal 0.0148139 0.867132 -0.497857
    outer loop
      vertex 2.12369 16.8108 24.7711
      vertex 2.05233 16.2458 23.7849
      vertex 1.02819 16.3427 23.9232
    endloop
  endfacet
  facet normal -0.115125 0.0469823 -0.992239
    outer loop
      vertex 2.88358 18.2828 25.3405
      vertex 2.77221 18.0099 25.3405
      vertex 1.63589 18.1484 25.4789
    endloop
  endfacet
  facet normal -0.128599 -0.0997485 -0.986667
    outer loop
      vertex 2.66292 18.8077 25.3405
      vertex 2.84357 18.5748 25.3405
      vertex 1.67164 18.7167 25.4789
    endloop
  endfacet
  facet normal -0.0643051 0.469459 -0.880609
    outer loop
      vertex 2.53932 17.8292 25.3405
      vertex 2.2473 17.7892 25.3405
      vertex 1.12587 17.8952 25.4789
    endloop
  endfacet
  facet normal -0.058932 0.50264 -0.862485
    outer loop
      vertex 1.12587 17.8952 25.4789
      vertex 2.2473 17.7892 25.3405
      vertex 1.06394 16.9109 24.9095
    endloop
  endfacet
  facet normal 0.0769097 -0.381161 0.921304
    outer loop
      vertex 2.09801 18.879 21.0904
      vertex 1.19738 19.0318 21.2288
      vertex 0.908448 18.9735 21.2288
    endloop
  endfacet
  facet normal -0.0641938 0.508 -0.858961
    outer loop
      vertex 2.2473 17.7892 25.3405
      vertex 2.12369 16.8108 24.7711
      vertex 1.06394 16.9109 24.9095
    endloop
  endfacet
  facet normal -0.121149 -0.0165998 -0.992496
    outer loop
      vertex 2.84357 18.5748 25.3405
      vertex 2.88358 18.2828 25.3405
      vertex 1.7299 18.4277 25.4789
    endloop
  endfacet
  facet normal -0.120138 -0.0242188 -0.992462
    outer loop
      vertex 2.84357 18.5748 25.3405
      vertex 1.7299 18.4277 25.4789
      vertex 1.67164 18.7167 25.4789
    endloop
  endfacet
  facet normal 0.119438 0.0163614 0.992707
    outer loop
      vertex 1.79375 18.1335 21.0904
      vertex 1.75375 18.4255 21.0904
      vertex 0.593346 18.4992 21.2288
    endloop
  endfacet
  facet normal 0.104003 -0.134116 0.985493
    outer loop
      vertex 1.86512 18.6984 21.0904
      vertex 2.09801 18.879 21.0904
      vertex 0.908448 18.9735 21.2288
    endloop
  endfacet
  facet normal 0.113472 -0.0463076 0.992461
    outer loop
      vertex 1.75375 18.4255 21.0904
      vertex 1.86512 18.6984 21.0904
      vertex 0.687357 18.7786 21.2288
    endloop
  endfacet
  facet normal 0.0390334 -0.0131338 0.999152
    outer loop
      vertex 0 18.7822 21.2557
      vertex 0.593346 18.4992 21.2288
      vertex 0.687357 18.7786 21.2288
    endloop
  endfacet
  facet normal 0.0389237 -0.013364 0.999153
    outer loop
      vertex 0.593346 18.4992 21.2288
      vertex 0 18.7822 21.2557
      vertex 0 18.6551 21.254
    endloop
  endfacet
  facet normal -0.0485435 -0.497869 -0.865893
    outer loop
      vertex 1.19738 19.0318 25.4789
      vertex 1.15726 19.9394 24.9593
      vertex 1.25416 19.9343 24.9568
    endloop
  endfacet
  facet normal -0.0489706 -0.497872 -0.865867
    outer loop
      vertex 1.15726 19.9394 24.9593
      vertex 1.19738 19.0318 25.4789
      vertex 0 19.0694 25.525
    endloop
  endfacet
  facet normal -0.0216766 0.501639 -0.864806
    outer loop
      vertex 1.12587 17.8952 25.4789
      vertex 1.06394 16.9109 24.9095
      vertex 0 16.9444 24.9556
    endloop
  endfacet
  facet normal 0.0532735 0.499301 0.864789
    outer loop
      vertex 1.06394 16.9109 21.7982
      vertex 0 17.9306 21.275
      vertex 0 16.9444 21.8444
    endloop
  endfacet
  facet normal 0.00560278 0.866005 -0.500003
    outer loop
      vertex 0 16.9444 24.9556
      vertex 1.06394 16.9109 24.9095
      vertex 0 16.375 23.9694
    endloop
  endfacet
  facet normal -0.0401957 -0.00810313 -0.999159
    outer loop
      vertex 1.67164 18.7167 25.4789
      vertex 1.7299 18.4277 25.4789
      vertex 0.569402 18.5 25.525
    endloop
  endfacet
  facet normal 0.00478232 0.866412 -0.499307
    outer loop
      vertex 1.06394 16.9109 24.9095
      vertex 1.02819 16.3427 23.9232
      vertex 0 16.375 23.9694
    endloop
  endfacet
  facet normal 0.0177637 -0.499864 0.865922
    outer loop
      vertex 0 19.0694 21.275
      vertex 0.069311 19.9964 21.8087
      vertex 0 20 21.8122
    endloop
  endfacet
  facet normal 0.0177144 -0.499861 0.865924
    outer loop
      vertex 0.069311 19.9964 21.8087
      vertex 0 19.0694 21.275
      vertex 1.19738 19.0318 21.2288
    endloop
  endfacet
  facet normal 0.0489353 0.864669 0.499954
    outer loop
      vertex 1.02819 16.3427 22.7844
      vertex 1.06394 16.9109 21.7982
      vertex 0 16.9444 21.8444
    endloop
  endfacet
  facet normal -0.0343715 0.128251 -0.991146
    outer loop
      vertex 0.2847 18.0069 25.525
      vertex 1.4148 17.9535 25.4789
      vertex 0 17.9306 25.525
    endloop
  endfacet
  facet normal 0.0496115 0.864952 0.499396
    outer loop
      vertex 1.02819 16.3427 22.7844
      vertex 0 16.9444 21.8444
      vertex 0 16.375 22.8306
    endloop
  endfacet
  facet normal 0.0511782 0.497664 0.865859
    outer loop
      vertex 1.06394 16.9109 21.7982
      vertex 1.12587 17.8952 21.2288
      vertex 0 17.9306 21.275
    endloop
  endfacet
  facet normal -0.0386513 0.0438452 -0.99829
    outer loop
      vertex 1.63589 18.1484 25.4789
      vertex 1.4148 17.9535 25.4789
      vertex 0.2847 18.0069 25.525
    endloop
  endfacet
  facet normal 0 0 -1
    outer loop
      vertex 0.493116 18.2153 25.525
      vertex 0.493116 18.7847 25.525
      vertex 0.569402 18.5 25.525
    endloop
  endfacet
  facet normal 0 0 -1
    outer loop
      vertex 0.2847 18.0069 25.525
      vertex 0.493116 18.7847 25.525
      vertex 0.493116 18.2153 25.525
    endloop
  endfacet
  facet normal 0 0 -1
    outer loop
      vertex 0.2847 18.0069 25.525
      vertex 0.2847 18.9931 25.525
      vertex 0.493116 18.7847 25.525
    endloop
  endfacet
  facet normal 0 0 -1
    outer loop
      vertex 0 17.9306 25.525
      vertex 0.2847 18.9931 25.525
      vertex 0.2847 18.0069 25.525
    endloop
  endfacet
  facet normal 0 0 -1
    outer loop
      vertex 0 17.9306 25.525
      vertex 0 19.0694 25.525
      vertex 0.2847 18.9931 25.525
    endloop
  endfacet
  facet normal 0 0 -1
    outer loop
      vertex -0.2847 18.0069 25.525
      vertex 0 19.0694 25.525
      vertex 0 17.9306 25.525
    endloop
  endfacet
  facet normal 0 0 -1
    outer loop
      vertex -0.2847 18.0069 25.525
      vertex -0.2847 18.9931 25.525
      vertex 0 19.0694 25.525
    endloop
  endfacet
  facet normal 0 0 -1
    outer loop
      vertex -0.493116 18.2153 25.525
      vertex -0.2847 18.9931 25.525
      vertex -0.2847 18.0069 25.525
    endloop
  endfacet
  facet normal 0 0 -1
    outer loop
      vertex -0.493116 18.2153 25.525
      vertex -0.493116 18.7847 25.525
      vertex -0.2847 18.9931 25.525
    endloop
  endfacet
  facet normal 0 -0 -1
    outer loop
      vertex -0.493116 18.7847 25.525
      vertex -0.493116 18.2153 25.525
      vertex -0.569402 18.5 25.525
    endloop
  endfacet
  facet normal 0.0388756 -0.03843 0.998505
    outer loop
      vertex 0.687357 18.7786 21.2288
      vertex 0 18.9303 21.2614
      vertex 0 18.7822 21.2557
    endloop
  endfacet
  facet normal 0.0159182 -0.501436 0.865049
    outer loop
      vertex 1.19738 19.0318 21.2288
      vertex 1.25416 19.9343 21.7509
      vertex 0.069311 19.9964 21.8087
    endloop
  endfacet
  facet normal 0.0313989 0.999507 -2.59718e-18
    outer loop
      vertex 1.02819 16.3427 23.9232
      vertex 0 16.375 22.8306
      vertex 0 16.375 23.9694
    endloop
  endfacet
  facet normal 0.0313989 0.999507 -2.59718e-18
    outer loop
      vertex 0 16.375 22.8306
      vertex 1.02819 16.3427 23.9232
      vertex 1.02819 16.3427 22.7844
    endloop
  endfacet
  facet normal 0.0378693 -0.0429583 0.998359
    outer loop
      vertex 0 18.9884 21.2639
      vertex 0.687357 18.7786 21.2288
      vertex 0.908448 18.9735 21.2288
    endloop
  endfacet
  facet normal 0.0378692 -0.0429586 0.998359
    outer loop
      vertex 0.687357 18.7786 21.2288
      vertex 0 18.9884 21.2639
      vertex 0 18.9303 21.2614
    endloop
  endfacet
  facet normal 0.0329224 -0.163162 0.98605
    outer loop
      vertex 0.908448 18.9735 21.2288
      vertex 1.19738 19.0318 21.2288
      vertex 0 19.0694 21.275
    endloop
  endfacet
  facet normal 0.0360293 -0.13568 0.990097
    outer loop
      vertex 0.908448 18.9735 21.2288
      vertex 0 19.0694 21.275
      vertex 0 18.9884 21.2639
    endloop
  endfacet
  facet normal -0.038054 0.038057 -0.998551
    outer loop
      vertex 0.493116 18.2153 25.525
      vertex 1.63589 18.1484 25.4789
      vertex 0.2847 18.0069 25.525
    endloop
  endfacet
  facet normal 0.0423575 0.125945 0.991133
    outer loop
      vertex 0 17.9843 21.2656
      vertex 0.846522 17.9892 21.2288
      vertex 0 18.0024 21.2633
    endloop
  endfacet
  facet normal 0.0423582 0.12588 0.991141
    outer loop
      vertex 0.846522 17.9892 21.2288
      vertex 0 17.9843 21.2656
      vertex 1.12587 17.8952 21.2288
    endloop
  endfacet
  facet normal 0.0457937 0.172244 0.983989
    outer loop
      vertex 1.12587 17.8952 21.2288
      vertex 0 17.9843 21.2656
      vertex 0 17.9306 21.275
    endloop
  endfacet
  facet normal 0.0403763 0.0111965 0.999122
    outer loop
      vertex 0.651604 18.2103 21.2288
      vertex 0 18.3649 21.2534
      vertex 0 18.2132 21.2551
    endloop
  endfacet
  facet normal -0.0474546 -0.499379 -0.865083
    outer loop
      vertex 0 20 24.9878
      vertex 1.15726 19.9394 24.9593
      vertex 0 19.0694 25.525
    endloop
  endfacet
  facet normal 0.0413223 0.0407946 0.998313
    outer loop
      vertex 0.846522 17.9892 21.2288
      vertex 0 18.1321 21.258
      vertex 0 18.0024 21.2633
    endloop
  endfacet
  facet normal 0.040462 0.0357062 0.998543
    outer loop
      vertex 0 18.1321 21.258
      vertex 0.651604 18.2103 21.2288
      vertex 0 18.2132 21.2551
    endloop
  endfacet
  facet normal 0.0404659 0.0356741 0.998544
    outer loop
      vertex 0.651604 18.2103 21.2288
      vertex 0 18.1321 21.258
      vertex 0.846522 17.9892 21.2288
    endloop
  endfacet
  facet normal -0.0444207 -0.13201 -0.990253
    outer loop
      vertex 1.19738 19.0318 25.4789
      vertex 1.47673 18.9378 25.4789
      vertex 0.2847 18.9931 25.525
    endloop
  endfacet
  facet normal -0.0197347 0.499914 -0.86585
    outer loop
      vertex 0 17.9306 25.525
      vertex 1.12587 17.8952 25.4789
      vertex 0 16.9444 24.9556
    endloop
  endfacet
  facet normal -0.034871 0.172818 -0.984336
    outer loop
      vertex 1.4148 17.9535 25.4789
      vertex 1.12587 17.8952 25.4789
      vertex 0 17.9306 25.525
    endloop
  endfacet
  facet normal -0.0395265 0.0133043 -0.99913
    outer loop
      vertex 1.7299 18.4277 25.4789
      vertex 1.63589 18.1484 25.4789
      vertex 0.493116 18.2153 25.525
    endloop
  endfacet
  facet normal -0.0390401 0.0104609 -0.999183
    outer loop
      vertex 0.569402 18.5 25.525
      vertex 1.7299 18.4277 25.4789
      vertex 0.493116 18.2153 25.525
    endloop
  endfacet
  facet normal 0.039734 -0.0102807 0.999157
    outer loop
      vertex 0.593346 18.4992 21.2288
      vertex 0 18.6551 21.254
      vertex 0 18.4996 21.2524
    endloop
  endfacet
  facet normal 0.0397469 0.00741783 0.999182
    outer loop
      vertex 0 18.3649 21.2534
      vertex 0.593346 18.4992 21.2288
      vertex 0 18.4996 21.2524
    endloop
  endfacet
  facet normal 0.0396176 0.00798908 0.999183
    outer loop
      vertex 0.593346 18.4992 21.2288
      vertex 0 18.3649 21.2534
      vertex 0.651604 18.2103 21.2288
    endloop
  endfacet
  facet normal -0.0430046 -0.160464 -0.986104
    outer loop
      vertex 1.19738 19.0318 25.4789
      vertex 0.2847 18.9931 25.525
      vertex 0 19.0694 25.525
    endloop
  endfacet
  facet normal -0.0396974 -0.010637 -0.999155
    outer loop
      vertex 1.67164 18.7167 25.4789
      vertex 0.569402 18.5 25.525
      vertex 0.493116 18.7847 25.525
    endloop
  endfacet
  facet normal -0.0404885 -0.0404916 -0.998359
    outer loop
      vertex 1.47673 18.9378 25.4789
      vertex 0.493116 18.7847 25.525
      vertex 0.2847 18.9931 25.525
    endloop
  endfacet
  facet normal -0.041151 -0.0362765 -0.998494
    outer loop
      vertex 1.47673 18.9378 25.4789
      vertex 1.67164 18.7167 25.4789
      vertex 0.493116 18.7847 25.525
    endloop
  endfacet
  facet normal 0.0430046 -0.160464 -0.986104
    outer loop
      vertex 0 19.0694 25.525
      vertex -0.2847 18.9931 25.525
      vertex -1.19738 19.0318 25.4789
    endloop
  endfacet
  facet normal 0.0444207 -0.13201 -0.990253
    outer loop
      vertex -1.19738 19.0318 25.4789
      vertex -0.2847 18.9931 25.525
      vertex -1.47673 18.9378 25.4789
    endloop
  endfacet
  facet normal -0.00478232 0.866412 -0.499307
    outer loop
      vertex 0 16.375 23.9694
      vertex -1.02819 16.3427 23.9232
      vertex -1.06394 16.9109 24.9095
    endloop
  endfacet
  facet normal 0.0489706 -0.497872 -0.865867
    outer loop
      vertex -1.19738 19.0318 25.4789
      vertex -1.15726 19.9394 24.9593
      vertex 0 19.0694 25.525
    endloop
  endfacet
  facet normal 0.0485435 -0.497869 -0.865893
    outer loop
      vertex -1.15726 19.9394 24.9593
      vertex -1.19738 19.0318 25.4789
      vertex -1.25416 19.9343 24.9568
    endloop
  endfacet
  facet normal -0.0329224 -0.163162 0.98605
    outer loop
      vertex -0.908448 18.9735 21.2288
      vertex 0 19.0694 21.275
      vertex -1.19738 19.0318 21.2288
    endloop
  endfacet
  facet normal -0.00560278 0.866005 -0.500003
    outer loop
      vertex 0 16.9444 24.9556
      vertex 0 16.375 23.9694
      vertex -1.06394 16.9109 24.9095
    endloop
  endfacet
  facet normal 0.0396974 -0.010637 -0.999155
    outer loop
      vertex -0.493116 18.7847 25.525
      vertex -0.569402 18.5 25.525
      vertex -1.67164 18.7167 25.4789
    endloop
  endfacet
  facet normal -0.0403763 0.0111965 0.999122
    outer loop
      vertex 0 18.2132 21.2551
      vertex 0 18.3649 21.2534
      vertex -0.651604 18.2103 21.2288
    endloop
  endfacet
  facet normal -0.0397469 0.00741783 0.999182
    outer loop
      vertex -0.593346 18.4992 21.2288
      vertex 0 18.3649 21.2534
      vertex 0 18.4996 21.2524
    endloop
  endfacet
  facet normal -0.0396176 0.00798908 0.999183
    outer loop
      vertex 0 18.3649 21.2534
      vertex -0.593346 18.4992 21.2288
      vertex -0.651604 18.2103 21.2288
    endloop
  endfacet
  facet normal -0.0388756 -0.03843 0.998505
    outer loop
      vertex 0 18.7822 21.2557
      vertex 0 18.9303 21.2614
      vertex -0.687357 18.7786 21.2288
    endloop
  endfacet
  facet normal 0.0474546 -0.499379 -0.865083
    outer loop
      vertex 0 20 24.9878
      vertex 0 19.0694 25.525
      vertex -1.15726 19.9394 24.9593
    endloop
  endfacet
  facet normal 0.0343715 0.128251 -0.991146
    outer loop
      vertex -0.2847 18.0069 25.525
      vertex 0 17.9306 25.525
      vertex -1.4148 17.9535 25.4789
    endloop
  endfacet
  facet normal 0.0216766 0.501639 -0.864806
    outer loop
      vertex 0 16.9444 24.9556
      vertex -1.06394 16.9109 24.9095
      vertex -1.12587 17.8952 25.4789
    endloop
  endfacet
  facet normal -0.0177637 -0.499864 0.865922
    outer loop
      vertex -0.069311 19.9964 21.8087
      vertex 0 19.0694 21.275
      vertex 0 20 21.8122
    endloop
  endfacet
  facet normal -0.0177144 -0.499861 0.865924
    outer loop
      vertex 0 19.0694 21.275
      vertex -0.069311 19.9964 21.8087
      vertex -1.19738 19.0318 21.2288
    endloop
  endfacet
  facet normal -0.0532735 0.499301 0.864789
    outer loop
      vertex 0 16.9444 21.8444
      vertex 0 17.9306 21.275
      vertex -1.06394 16.9109 21.7982
    endloop
  endfacet
  facet normal -0.0313989 0.999507 0
    outer loop
      vertex 0 16.375 22.8306
      vertex -1.02819 16.3427 23.9232
      vertex 0 16.375 23.9694
    endloop
  endfacet
  facet normal -0.0313989 0.999507 0
    outer loop
      vertex -1.02819 16.3427 23.9232
      vertex 0 16.375 22.8306
      vertex -1.02819 16.3427 22.7844
    endloop
  endfacet
  facet normal -0.0457937 0.172244 0.983989
    outer loop
      vertex 0 17.9306 21.275
      vertex 0 17.9843 21.2656
      vertex -1.12587 17.8952 21.2288
    endloop
  endfacet
  facet normal 0.041151 -0.0362765 -0.998494
    outer loop
      vertex -1.47673 18.9378 25.4789
      vertex -0.493116 18.7847 25.525
      vertex -1.67164 18.7167 25.4789
    endloop
  endfacet
  facet normal 0.0404885 -0.0404916 -0.998359
    outer loop
      vertex -0.2847 18.9931 25.525
      vertex -0.493116 18.7847 25.525
      vertex -1.47673 18.9378 25.4789
    endloop
  endfacet
  facet normal 0.0395265 0.0133043 -0.99913
    outer loop
      vertex -0.493116 18.2153 25.525
      vertex -1.63589 18.1484 25.4789
      vertex -1.7299 18.4277 25.4789
    endloop
  endfacet
  facet normal -0.0159182 -0.501436 0.865049
    outer loop
      vertex -1.19738 19.0318 21.2288
      vertex -0.069311 19.9964 21.8087
      vertex -1.25416 19.9343 21.7509
    endloop
  endfacet
  facet normal -0.0360293 -0.13568 0.990097
    outer loop
      vertex 0 18.9884 21.2639
      vertex 0 19.0694 21.275
      vertex -0.908448 18.9735 21.2288
    endloop
  endfacet
  facet normal -0.0496115 0.864952 0.499396
    outer loop
      vertex 0 16.375 22.8306
      vertex 0 16.9444 21.8444
      vertex -1.02819 16.3427 22.7844
    endloop
  endfacet
  facet normal -0.0489353 0.864669 0.499954
    outer loop
      vertex -1.02819 16.3427 22.7844
      vertex 0 16.9444 21.8444
      vertex -1.06394 16.9109 21.7982
    endloop
  endfacet
  facet normal -0.040462 0.0357062 0.998543
    outer loop
      vertex -0.651604 18.2103 21.2288
      vertex 0 18.1321 21.258
      vertex 0 18.2132 21.2551
    endloop
  endfacet
  facet normal -0.0404659 0.0356741 0.998544
    outer loop
      vertex 0 18.1321 21.258
      vertex -0.651604 18.2103 21.2288
      vertex -0.846522 17.9892 21.2288
    endloop
  endfacet
  facet normal 0.038054 0.038057 -0.998551
    outer loop
      vertex -0.493116 18.2153 25.525
      vertex -0.2847 18.0069 25.525
      vertex -1.63589 18.1484 25.4789
    endloop
  endfacet
  facet normal 0.0386513 0.0438452 -0.99829
    outer loop
      vertex -0.2847 18.0069 25.525
      vertex -1.4148 17.9535 25.4789
      vertex -1.63589 18.1484 25.4789
    endloop
  endfacet
  facet normal 0.0197347 0.499914 -0.86585
    outer loop
      vertex 0 17.9306 25.525
      vertex 0 16.9444 24.9556
      vertex -1.12587 17.8952 25.4789
    endloop
  endfacet
  facet normal 0.034871 0.172818 -0.984336
    outer loop
      vertex 0 17.9306 25.525
      vertex -1.12587 17.8952 25.4789
      vertex -1.4148 17.9535 25.4789
    endloop
  endfacet
  facet normal 0.0390401 0.0104609 -0.999183
    outer loop
      vertex -0.569402 18.5 25.525
      vertex -0.493116 18.2153 25.525
      vertex -1.7299 18.4277 25.4789
    endloop
  endfacet
  facet normal 0.0401957 -0.00810313 -0.999159
    outer loop
      vertex -1.67164 18.7167 25.4789
      vertex -0.569402 18.5 25.525
      vertex -1.7299 18.4277 25.4789
    endloop
  endfacet
  facet normal -0.0378692 -0.0429586 0.998359
    outer loop
      vertex 0 18.9884 21.2639
      vertex -0.687357 18.7786 21.2288
      vertex 0 18.9303 21.2614
    endloop
  endfacet
  facet normal -0.0378693 -0.0429583 0.998359
    outer loop
      vertex -0.687357 18.7786 21.2288
      vertex 0 18.9884 21.2639
      vertex -0.908448 18.9735 21.2288
    endloop
  endfacet
  facet normal -0.0511782 0.497664 0.865859
    outer loop
      vertex -1.06394 16.9109 21.7982
      vertex 0 17.9306 21.275
      vertex -1.12587 17.8952 21.2288
    endloop
  endfacet
  facet normal -0.0423575 0.125945 0.991133
    outer loop
      vertex -0.846522 17.9892 21.2288
      vertex 0 17.9843 21.2656
      vertex 0 18.0024 21.2633
    endloop
  endfacet
  facet normal -0.0423582 0.12588 0.991141
    outer loop
      vertex 0 17.9843 21.2656
      vertex -0.846522 17.9892 21.2288
      vertex -1.12587 17.8952 21.2288
    endloop
  endfacet
  facet normal -0.0413223 0.0407946 0.998313
    outer loop
      vertex 0 18.0024 21.2633
      vertex 0 18.1321 21.258
      vertex -0.846522 17.9892 21.2288
    endloop
  endfacet
  facet normal -0.0389237 -0.013364 0.999153
    outer loop
      vertex 0 18.7822 21.2557
      vertex -0.593346 18.4992 21.2288
      vertex 0 18.6551 21.254
    endloop
  endfacet
  facet normal -0.0390334 -0.0131338 0.999152
    outer loop
      vertex -0.593346 18.4992 21.2288
      vertex 0 18.7822 21.2557
      vertex -0.687357 18.7786 21.2288
    endloop
  endfacet
  facet normal -0.039734 -0.0102807 0.999157
    outer loop
      vertex 0 18.4996 21.2524
      vertex 0 18.6551 21.254
      vertex -0.593346 18.4992 21.2288
    endloop
  endfacet
  facet normal 0.144018 -0.427993 -0.892234
    outer loop
      vertex -1.19738 19.0318 25.4789
      vertex -1.47673 18.9378 25.4789
      vertex -2.39003 18.919 25.3405
    endloop
  endfacet
  facet normal -0.126202 0.0978893 0.987163
    outer loop
      vertex -0.651604 18.2103 21.2288
      vertex -1.79375 18.1335 21.0904
      vertex -1.9744 17.9006 21.0904
    endloop
  endfacet
  facet normal 0.147006 -0.360435 -0.921128
    outer loop
      vertex -2.39003 18.919 25.3405
      vertex -1.47673 18.9378 25.4789
      vertex -2.66292 18.8077 25.3405
    endloop
  endfacet
  facet normal 0.145894 -0.483745 -0.862963
    outer loop
      vertex -2.39003 18.919 25.3405
      vertex -2.42289 19.8378 24.8199
      vertex -1.19738 19.0318 25.4789
    endloop
  endfacet
  facet normal 0.145266 -0.483807 -0.863034
    outer loop
      vertex -2.42289 19.8378 24.8199
      vertex -2.39003 18.919 25.3405
      vertex -2.50447 19.8249 24.8134
    endloop
  endfacet
  facet normal 0.193958 -0.474945 -0.858375
    outer loop
      vertex -2.39003 18.919 25.3405
      vertex -2.52401 19.8218 24.8107
      vertex -2.50447 19.8249 24.8134
    endloop
  endfacet
  facet normal 0.193729 -0.474994 -0.8584
    outer loop
      vertex -2.52401 19.8218 24.8107
      vertex -2.39003 18.919 25.3405
      vertex -2.66292 18.8077 25.3405
    endloop
  endfacet
  facet normal -0.104003 -0.134116 0.985493
    outer loop
      vertex -1.86512 18.6984 21.0904
      vertex -0.908448 18.9735 21.2288
      vertex -2.09801 18.879 21.0904
    endloop
  endfacet
  facet normal -0.121888 0.0245792 0.99224
    outer loop
      vertex -0.651604 18.2103 21.2288
      vertex -0.593346 18.4992 21.2288
      vertex -1.79375 18.1335 21.0904
    endloop
  endfacet
  facet normal -0.052828 -0.502538 0.86294
    outer loop
      vertex -1.34871 19.9293 21.7422
      vertex -1.19738 19.0318 21.2288
      vertex -1.25416 19.9343 21.7509
    endloop
  endfacet
  facet normal -0.0525942 -0.502514 0.862968
    outer loop
      vertex -2.17186 19.1307 21.227
      vertex -1.19738 19.0318 21.2288
      vertex -1.34871 19.9293 21.7422
    endloop
  endfacet
  facet normal -0.0526111 -0.502683 0.862869
    outer loop
      vertex -2.18808 18.9592 21.1261
      vertex -1.19738 19.0318 21.2288
      vertex -2.17186 19.1307 21.227
    endloop
  endfacet
  facet normal -0.0529511 -0.500119 0.864336
    outer loop
      vertex -1.19738 19.0318 21.2288
      vertex -2.18808 18.9592 21.1261
      vertex -2.19232 18.9377 21.1134
    endloop
  endfacet
  facet normal -0.0769097 -0.381161 0.921304
    outer loop
      vertex -0.908448 18.9735 21.2288
      vertex -1.19738 19.0318 21.2288
      vertex -2.09801 18.879 21.0904
    endloop
  endfacet
  facet normal 0.120138 -0.0242188 -0.992462
    outer loop
      vertex -1.67164 18.7167 25.4789
      vertex -1.7299 18.4277 25.4789
      vertex -2.84357 18.5748 25.3405
    endloop
  endfacet
  facet normal -0.148073 0.854592 0.497742
    outer loop
      vertex -1.02819 16.3427 22.7844
      vertex -1.06394 16.9109 21.7982
      vertex -2.05233 16.2458 22.6461
    endloop
  endfacet
  facet normal 0.0737769 0.365632 -0.927831
    outer loop
      vertex -1.4148 17.9535 25.4789
      vertex -1.12587 17.8952 25.4789
      vertex -2.53932 17.8292 25.3405
    endloop
  endfacet
  facet normal 0.106102 0.136746 -0.984908
    outer loop
      vertex -1.4148 17.9535 25.4789
      vertex -2.53932 17.8292 25.3405
      vertex -2.77221 18.0099 25.3405
    endloop
  endfacet
  facet normal 0.141236 -0.489057 -0.860742
    outer loop
      vertex -1.19738 19.0318 25.4789
      vertex -2.09057 19.8904 24.8445
      vertex -1.25416 19.9343 24.9568
    endloop
  endfacet
  facet normal 0.141136 -0.489139 -0.860711
    outer loop
      vertex -2.09057 19.8904 24.8445
      vertex -1.19738 19.0318 25.4789
      vertex -2.42289 19.8378 24.8199
    endloop
  endfacet
  facet normal 0.115125 0.0469823 -0.992239
    outer loop
      vertex -1.63589 18.1484 25.4789
      vertex -2.77221 18.0099 25.3405
      vertex -2.88358 18.2828 25.3405
    endloop
  endfacet
  facet normal -0.0165687 0.866118 -0.499565
    outer loop
      vertex -1.06394 16.9109 24.9095
      vertex -1.02819 16.3427 23.9232
      vertex -2.12369 16.8108 24.7711
    endloop
  endfacet
  facet normal 0.0643051 0.469459 -0.880609
    outer loop
      vertex -1.12587 17.8952 25.4789
      vertex -2.2473 17.7892 25.3405
      vertex -2.53932 17.8292 25.3405
    endloop
  endfacet
  facet normal -0.15835 0.486515 0.859202
    outer loop
      vertex -1.06394 16.9109 21.7982
      vertex -1.7953 17.1677 21.518
      vertex -1.75256 17.073 21.5795
    endloop
  endfacet
  facet normal -0.158113 0.486963 0.858992
    outer loop
      vertex -1.7953 17.1677 21.518
      vertex -1.06394 16.9109 21.7982
      vertex -1.12587 17.8952 21.2288
    endloop
  endfacet
  facet normal -0.157872 0.487734 0.858599
    outer loop
      vertex -1.75927 17.0152 21.6111
      vertex -1.06394 16.9109 21.7982
      vertex -1.75256 17.073 21.5795
    endloop
  endfacet
  facet normal -0.158171 0.486696 0.859133
    outer loop
      vertex -1.06394 16.9109 21.7982
      vertex -1.75927 17.0152 21.6111
      vertex -2.12369 16.8108 21.6598
    endloop
  endfacet
  facet normal -0.0469924 -0.506765 0.860803
    outer loop
      vertex -2.09057 19.8904 21.6788
      vertex -2.05517 19.748 21.5969
      vertex -1.34871 19.9293 21.7422
    endloop
  endfacet
  facet normal -0.0471538 -0.506791 0.860779
    outer loop
      vertex -2.05517 19.748 21.5969
      vertex -2.09057 19.8904 21.6788
      vertex -2.36076 19.8476 21.6388
    endloop
  endfacet
  facet normal -0.0469439 -0.506894 0.860729
    outer loop
      vertex -1.34871 19.9293 21.7422
      vertex -2.05517 19.748 21.5969
      vertex -2.17186 19.1307 21.227
    endloop
  endfacet
  facet normal -0.0611225 -0.447737 0.892074
    outer loop
      vertex -2.09801 18.879 21.0904
      vertex -1.19738 19.0318 21.2288
      vertex -2.19232 18.9377 21.1134
    endloop
  endfacet
  facet normal 0.121149 -0.0165998 -0.992496
    outer loop
      vertex -2.84357 18.5748 25.3405
      vertex -1.7299 18.4277 25.4789
      vertex -2.88358 18.2828 25.3405
    endloop
  endfacet
  facet normal 0.193942 -0.474997 -0.85835
    outer loop
      vertex -2.66292 18.8077 25.3405
      vertex -2.81022 19.7765 24.7711
      vertex -2.52401 19.8218 24.8107
    endloop
  endfacet
  facet normal 0.193923 -0.475001 -0.858352
    outer loop
      vertex -2.81022 19.7765 24.7711
      vertex -2.66292 18.8077 25.3405
      vertex -3.2592 19.5932 24.7711
    endloop
  endfacet
  facet normal 0.105628 0.119822 -0.98716
    outer loop
      vertex -1.63589 18.1484 25.4789
      vertex -1.4148 17.9535 25.4789
      vertex -2.77221 18.0099 25.3405
    endloop
  endfacet
  facet normal 0.114259 0.0384585 -0.992706
    outer loop
      vertex -1.7299 18.4277 25.4789
      vertex -1.63589 18.1484 25.4789
      vertex -2.88358 18.2828 25.3405
    endloop
  endfacet
  facet normal -0.145906 0.853836 0.499675
    outer loop
      vertex -2.05233 16.2458 22.6461
      vertex -1.06394 16.9109 21.7982
      vertex -2.12369 16.8108 21.6598
    endloop
  endfacet
  facet normal 0.0641938 0.508 -0.858961
    outer loop
      vertex -1.06394 16.9109 24.9095
      vertex -2.12369 16.8108 24.7711
      vertex -2.2473 17.7892 25.3405
    endloop
  endfacet
  facet normal 0.058932 0.50264 -0.862485
    outer loop
      vertex -1.12587 17.8952 25.4789
      vertex -1.06394 16.9109 24.9095
      vertex -2.2473 17.7892 25.3405
    endloop
  endfacet
  facet normal -0.119438 0.0163614 0.992707
    outer loop
      vertex -0.593346 18.4992 21.2288
      vertex -1.75375 18.4255 21.0904
      vertex -1.79375 18.1335 21.0904
    endloop
  endfacet
  facet normal 0.128599 -0.0997485 -0.986667
    outer loop
      vertex -2.66292 18.8077 25.3405
      vertex -1.67164 18.7167 25.4789
      vertex -2.84357 18.5748 25.3405
    endloop
  endfacet
  facet normal 0.127291 -0.112213 -0.985497
    outer loop
      vertex -1.47673 18.9378 25.4789
      vertex -1.67164 18.7167 25.4789
      vertex -2.66292 18.8077 25.3405
    endloop
  endfacet
  facet normal 0.0696248 0.508296 -0.858363
    outer loop
      vertex -2.53932 17.8292 25.3405
      vertex -2.2473 17.7892 25.3405
      vertex -2.9215 16.92 24.7711
    endloop
  endfacet
  facet normal 0.0695768 0.508325 -0.85835
    outer loop
      vertex -2.2473 17.7892 25.3405
      vertex -2.12369 16.8108 24.7711
      vertex -2.9215 16.92 24.7711
    endloop
  endfacet
  facet normal -0.15109 0.449009 0.880661
    outer loop
      vertex -2.07068 17.8144 21.1079
      vertex -1.12587 17.8952 21.2288
      vertex -0.846522 17.9892 21.2288
    endloop
  endfacet
  facet normal -0.151122 0.450606 0.879839
    outer loop
      vertex -1.12587 17.8952 21.2288
      vertex -2.07068 17.8144 21.1079
      vertex -2.07099 17.8059 21.1122
    endloop
  endfacet
  facet normal -0.0941953 0.995554 0
    outer loop
      vertex -1.02819 16.3427 22.7844
      vertex -2.05233 16.2458 23.7849
      vertex -1.02819 16.3427 23.9232
    endloop
  endfacet
  facet normal -0.0941953 0.995554 0
    outer loop
      vertex -2.05233 16.2458 23.7849
      vertex -1.02819 16.3427 22.7844
      vertex -2.05233 16.2458 22.6461
    endloop
  endfacet
  facet normal -0.0148139 0.867132 -0.497857
    outer loop
      vertex -1.02819 16.3427 23.9232
      vertex -2.05233 16.2458 23.7849
      vertex -2.12369 16.8108 24.7711
    endloop
  endfacet
  facet normal -0.10763 -0.122093 0.986666
    outer loop
      vertex -0.687357 18.7786 21.2288
      vertex -0.908448 18.9735 21.2288
      vertex -1.86512 18.6984 21.0904
    endloop
  endfacet
  facet normal -0.152194 0.48286 0.862371
    outer loop
      vertex -1.12587 17.8952 21.2288
      vertex -1.83404 17.2814 21.4475
      vertex -1.7953 17.1677 21.518
    endloop
  endfacet
  facet normal -0.152014 0.482697 0.862494
    outer loop
      vertex -1.83404 17.2814 21.4475
      vertex -1.12587 17.8952 21.2288
      vertex -2.07099 17.8059 21.1122
    endloop
  endfacet
  facet normal -0.113472 -0.0463076 0.992461
    outer loop
      vertex -1.75375 18.4255 21.0904
      vertex -0.687357 18.7786 21.2288
      vertex -1.86512 18.6984 21.0904
    endloop
  endfacet
  facet normal -0.115897 -0.0389964 0.992495
    outer loop
      vertex -0.593346 18.4992 21.2288
      vertex -0.687357 18.7786 21.2288
      vertex -1.75375 18.4255 21.0904
    endloop
  endfacet
  facet normal -0.129848 0.114472 0.984904
    outer loop
      vertex -0.846522 17.9892 21.2288
      vertex -0.651604 18.2103 21.2288
      vertex -1.9744 17.9006 21.0904
    endloop
  endfacet
  facet normal -0.140995 0.345811 0.92765
    outer loop
      vertex -0.846522 17.9892 21.2288
      vertex -1.9744 17.9006 21.0904
      vertex -2.07068 17.8144 21.1079
    endloop
  endfacet
  facet normal 0.0732645 0.535267 -0.8415
    outer loop
      vertex -2.9215 16.92 24.7711
      vertex -2.12369 16.8108 24.7711
      vertex -3.97815 16.7032 24.5412
    endloop
  endfacet
  facet normal 0.218574 -0.148589 -0.964441
    outer loop
      vertex -3.83861 18.6033 25.1106
      vertex -2.84357 18.5748 25.3405
      vertex -4.00428 18.3596 25.1106
    endloop
  endfacet
  facet normal 0.257331 -0.532354 -0.806461
    outer loop
      vertex -3.2592 19.5932 24.7711
      vertex -3.9859 19.5902 24.5412
      vertex -3.55961 19.6578 24.6326
    endloop
  endfacet
  facet normal 0.257328 -0.532369 -0.806452
    outer loop
      vertex -3.9859 19.5902 24.5412
      vertex -3.2592 19.5932 24.7711
      vertex -4.48304 19.3499 24.5412
    endloop
  endfacet
  facet normal -0.15456 -0.227528 0.961427
    outer loop
      vertex -3.03552 18.5444 20.8605
      vertex -2.09801 18.879 21.0904
      vertex -3.2793 18.71 20.8605
    endloop
  endfacet
  facet normal 0.235927 -0.577886 -0.781272
    outer loop
      vertex -2.81022 19.7765 24.7711
      vertex -3.2592 19.5932 24.7711
      vertex -3.55961 19.6578 24.6326
    endloop
  endfacet
  facet normal -0.197212 0.0144805 0.980254
    outer loop
      vertex -1.75375 18.4255 21.0904
      vertex -2.90724 18.279 20.8605
      vertex -2.92882 17.9851 20.8605
    endloop
  endfacet
  facet normal 0.217309 -0.168557 -0.961439
    outer loop
      vertex -2.66292 18.8077 25.3405
      vertex -2.84357 18.5748 25.3405
      vertex -3.83861 18.6033 25.1106
    endloop
  endfacet
  facet normal 0.245404 -0.439913 -0.863859
    outer loop
      vertex -3.2592 19.5932 24.7711
      vertex -2.66292 18.8077 25.3405
      vertex -3.83861 18.6033 25.1106
    endloop
  endfacet
  facet normal -0.156412 0.987692 0
    outer loop
      vertex -2.05233 16.2458 22.6461
      vertex -3.06836 16.0849 23.5549
      vertex -2.05233 16.2458 23.7849
    endloop
  endfacet
  facet normal -0.156412 0.987692 0
    outer loop
      vertex -3.06836 16.0849 23.5549
      vertex -2.05233 16.2458 22.6461
      vertex -3.06836 16.0849 22.4161
    endloop
  endfacet
  facet normal -0.201908 0.0276586 0.979014
    outer loop
      vertex -1.79375 18.1335 21.0904
      vertex -1.75375 18.4255 21.0904
      vertex -2.92882 17.9851 20.8605
    endloop
  endfacet
  facet normal -0.0951899 -0.492302 0.865204
    outer loop
      vertex -2.18808 18.9592 21.1261
      vertex -2.95496 19.6414 21.4299
      vertex -2.19232 18.9377 21.1134
    endloop
  endfacet
  facet normal -0.0972979 -0.494701 0.863599
    outer loop
      vertex -2.19232 18.9377 21.1134
      vertex -3.2793 18.71 20.8605
      vertex -2.09801 18.879 21.0904
    endloop
  endfacet
  facet normal -0.0974722 -0.494179 0.863879
    outer loop
      vertex -3.2793 18.71 20.8605
      vertex -2.19232 18.9377 21.1134
      vertex -2.95496 19.6414 21.4299
    endloop
  endfacet
  facet normal 0.0838396 0.50335 -0.860006
    outer loop
      vertex -2.53932 17.8292 25.3405
      vertex -2.9215 16.92 24.7711
      vertex -3.97815 16.7032 24.5412
    endloop
  endfacet
  facet normal 0.249684 -0.441686 -0.861726
    outer loop
      vertex -3.2592 19.5932 24.7711
      vertex -3.83861 18.6033 25.1106
      vertex -4.48304 19.3499 24.5412
    endloop
  endfacet
  facet normal -0.240945 0.832807 0.498375
    outer loop
      vertex -3.06836 16.0849 22.4161
      vertex -2.12369 16.8108 21.6598
      vertex -3.17506 16.6442 21.4299
    endloop
  endfacet
  facet normal -0.0283049 0.866458 -0.498447
    outer loop
      vertex -2.12369 16.8108 24.7711
      vertex -2.05233 16.2458 23.7849
      vertex -3.17506 16.6442 24.5412
    endloop
  endfacet
  facet normal 0.0503341 0.685133 -0.726677
    outer loop
      vertex -2.12369 16.8108 24.7711
      vertex -3.17506 16.6442 24.5412
      vertex -3.97815 16.7032 24.5412
    endloop
  endfacet
  facet normal -0.244144 0.83373 0.495265
    outer loop
      vertex -2.05233 16.2458 22.6461
      vertex -2.12369 16.8108 21.6598
      vertex -3.06836 16.0849 22.4161
    endloop
  endfacet
  facet normal -0.161963 -0.208857 0.964441
    outer loop
      vertex -1.86512 18.6984 21.0904
      vertex -2.09801 18.879 21.0904
      vertex -3.03552 18.5444 20.8605
    endloop
  endfacet
  facet normal -0.259679 0.636095 0.726601
    outer loop
      vertex -2.12369 16.8108 21.6598
      vertex -1.75927 17.0152 21.6111
      vertex -3.17506 16.6442 21.4299
    endloop
  endfacet
  facet normal -0.0457137 -0.622762 0.781075
    outer loop
      vertex -2.95496 19.6414 21.4299
      vertex -2.6892 19.7956 21.5684
      vertex -3.43858 19.6769 21.4299
    endloop
  endfacet
  facet normal -0.0802174 -0.585487 0.806703
    outer loop
      vertex -2.6892 19.7956 21.5684
      vertex -2.05517 19.748 21.5969
      vertex -2.36076 19.8476 21.6388
    endloop
  endfacet
  facet normal -0.0802376 -0.585966 0.806353
    outer loop
      vertex -2.05517 19.748 21.5969
      vertex -2.6892 19.7956 21.5684
      vertex -2.95496 19.6414 21.4299
    endloop
  endfacet
  facet normal -0.0254239 0.868408 -0.495198
    outer loop
      vertex -2.05233 16.2458 23.7849
      vertex -3.06836 16.0849 23.5549
      vertex -3.17506 16.6442 24.5412
    endloop
  endfacet
  facet normal 0.199967 -0.0146847 -0.979692
    outer loop
      vertex -4.00428 18.3596 25.1106
      vertex -2.88358 18.2828 25.3405
      vertex -4.02587 18.0656 25.1106
    endloop
  endfacet
  facet normal 0.157545 0.231782 -0.959925
    outer loop
      vertex -2.53932 17.8292 25.3405
      vertex -3.65381 17.6346 25.1106
      vertex -3.89759 17.8003 25.1106
    endloop
  endfacet
  facet normal 0.0915131 0.496011 -0.863481
    outer loop
      vertex -3.65381 17.6346 25.1106
      vertex -2.53932 17.8292 25.3405
      vertex -3.97815 16.7032 24.5412
    endloop
  endfacet
  facet normal -0.235282 0.452441 0.860197
    outer loop
      vertex -1.7953 17.1677 21.518
      vertex -2.45007 16.9947 21.4299
      vertex -1.75256 17.073 21.5795
    endloop
  endfacet
  facet normal -0.235382 0.452976 0.859888
    outer loop
      vertex -1.83404 17.2814 21.4475
      vertex -2.45007 16.9947 21.4299
      vertex -1.7953 17.1677 21.518
    endloop
  endfacet
  facet normal -0.2353 0.452794 0.860007
    outer loop
      vertex -2.45007 16.9947 21.4299
      vertex -1.83404 17.2814 21.4475
      vertex -3.09449 17.7413 20.8605
    endloop
  endfacet
  facet normal -0.180916 -0.0874451 0.979603
    outer loop
      vertex -2.90724 18.279 20.8605
      vertex -1.86512 18.6984 21.0904
      vertex -3.03552 18.5444 20.8605
    endloop
  endfacet
  facet normal -0.101112 -0.497366 0.861628
    outer loop
      vertex -2.17186 19.1307 21.227
      vertex -2.95496 19.6414 21.4299
      vertex -2.18808 18.9592 21.1261
    endloop
  endfacet
  facet normal -0.10102 -0.497256 0.861703
    outer loop
      vertex -2.95496 19.6414 21.4299
      vertex -2.17186 19.1307 21.227
      vertex -2.05517 19.748 21.5969
    endloop
  endfacet
  facet normal 0.183476 0.0887158 -0.979013
    outer loop
      vertex -2.77221 18.0099 25.3405
      vertex -3.89759 17.8003 25.1106
      vertex -4.02587 18.0656 25.1106
    endloop
  endfacet
  facet normal 0.183082 0.0747153 -0.980254
    outer loop
      vertex -2.88358 18.2828 25.3405
      vertex -2.77221 18.0099 25.3405
      vertex -4.02587 18.0656 25.1106
    endloop
  endfacet
  facet normal -0.185639 -0.075759 0.979693
    outer loop
      vertex -1.75375 18.4255 21.0904
      vertex -1.86512 18.6984 21.0904
      vertex -2.90724 18.279 20.8605
    endloop
  endfacet
  facet normal 0.159097 0.205047 -0.965735
    outer loop
      vertex -2.77221 18.0099 25.3405
      vertex -2.53932 17.8292 25.3405
      vertex -3.89759 17.8003 25.1106
    endloop
  endfacet
  facet normal -0.240235 0.44515 0.862629
    outer loop
      vertex -2.07068 17.8144 21.1079
      vertex -3.09449 17.7413 20.8605
      vertex -2.07099 17.8059 21.1122
    endloop
  endfacet
  facet normal -0.240308 0.443685 0.863363
    outer loop
      vertex -3.09449 17.7413 20.8605
      vertex -2.07068 17.8144 21.1079
      vertex -1.9744 17.9006 21.0904
    endloop
  endfacet
  facet normal -0.240337 0.44343 0.863486
    outer loop
      vertex -1.83404 17.2814 21.4475
      vertex -2.07099 17.8059 21.1122
      vertex -3.09449 17.7413 20.8605
    endloop
  endfacet
  facet normal -0.235079 0.487129 0.841097
    outer loop
      vertex -2.45007 16.9947 21.4299
      vertex -1.75927 17.0152 21.6111
      vertex -1.75256 17.073 21.5795
    endloop
  endfacet
  facet normal -0.23516 0.486416 0.841486
    outer loop
      vertex -1.75927 17.0152 21.6111
      vertex -2.45007 16.9947 21.4299
      vertex -3.17506 16.6442 21.4299
    endloop
  endfacet
  facet normal 0.199086 -0.0272789 -0.979602
    outer loop
      vertex -2.84357 18.5748 25.3405
      vertex -2.88358 18.2828 25.3405
      vertex -4.00428 18.3596 25.1106
    endloop
  endfacet
  facet normal -0.214674 0.145878 0.96573
    outer loop
      vertex -1.79375 18.1335 21.0904
      vertex -2.92882 17.9851 20.8605
      vertex -3.09449 17.7413 20.8605
    endloop
  endfacet
  facet normal -0.221455 0.171773 0.959923
    outer loop
      vertex -1.9744 17.9006 21.0904
      vertex -1.79375 18.1335 21.0904
      vertex -3.09449 17.7413 20.8605
    endloop
  endfacet
  facet normal 0.329337 -0.376213 -0.866026
    outer loop
      vertex -4.48304 19.3499 24.5412
      vertex -3.83861 18.6033 25.1106
      vertex -4.99915 18.3256 24.7899
    endloop
  endfacet
  facet normal 0.0488719 0.66523 -0.745038
    outer loop
      vertex -3.97815 16.7032 24.5412
      vertex -3.17506 16.6442 24.5412
      vertex -5.0191 16.4205 24.2205
    endloop
  endfacet
  facet normal 0.329958 -0.376444 -0.865689
    outer loop
      vertex -4.48304 19.3499 24.5412
      vertex -4.99915 18.3256 24.7899
      vertex -5.68918 19.0302 24.2205
    endloop
  endfacet
  facet normal -0.218139 0.975918 0
    outer loop
      vertex -3.06836 16.0849 22.4161
      vertex -4.07229 15.8605 23.2342
      vertex -3.06836 16.0849 23.5549
    endloop
  endfacet
  facet normal -0.218139 0.975918 0
    outer loop
      vertex -4.07229 15.8605 23.2342
      vertex -3.06836 16.0849 22.4161
      vertex -4.07229 15.8605 22.0954
    endloop
  endfacet
  facet normal -0.188638 -0.319049 0.928775
    outer loop
      vertex -4.19394 18.3172 20.5398
      vertex -3.2793 18.71 20.8605
      vertex -4.44764 18.4672 20.5398
    endloop
  endfacet
  facet normal 0.307318 -0.18175 -0.934089
    outer loop
      vertex -4.99915 18.3256 24.7899
      vertex -4.00428 18.3596 25.1106
      vertex -5.14919 18.0719 24.7899
    endloop
  endfacet
  facet normal -0.0406686 0.867258 -0.496195
    outer loop
      vertex -3.17506 16.6442 24.5412
      vertex -3.06836 16.0849 23.5549
      vertex -4.21389 16.412 24.2205
    endloop
  endfacet
  facet normal 0.306516 -0.208373 -0.928778
    outer loop
      vertex -3.83861 18.6033 25.1106
      vertex -4.00428 18.3596 25.1106
      vertex -4.99915 18.3256 24.7899
    endloop
  endfacet
  facet normal -0.33246 0.802012 0.496234
    outer loop
      vertex -4.07229 15.8605 22.0954
      vertex -3.17506 16.6442 21.4299
      vertex -4.21389 16.412 21.1092
    endloop
  endfacet
  facet normal -0.0373471 0.869916 -0.491784
    outer loop
      vertex -3.06836 16.0849 23.5549
      vertex -4.07229 15.8605 23.2342
      vertex -4.21389 16.412 24.2205
    endloop
  endfacet
  facet normal 0.242942 0.136891 -0.960333
    outer loop
      vertex -3.89759 17.8003 25.1106
      vertex -5.00758 17.5204 24.7899
      vertex -5.15228 17.7772 24.7899
    endloop
  endfacet
  facet normal -0.336598 0.803003 0.491822
    outer loop
      vertex -3.06836 16.0849 22.4161
      vertex -3.17506 16.6442 21.4299
      vertex -4.07229 15.8605 22.0954
    endloop
  endfacet
  facet normal -0.138272 -0.481085 0.865701
    outer loop
      vertex -3.2793 18.71 20.8605
      vertex -2.95496 19.6414 21.4299
      vertex -4.18242 19.4171 21.1092
    endloop
  endfacet
  facet normal -0.137832 -0.480636 0.86602
    outer loop
      vertex -3.2793 18.71 20.8605
      vertex -4.18242 19.4171 21.1092
      vertex -4.44764 18.4672 20.5398
    endloop
  endfacet
  facet normal 0.350913 -0.62318 -0.698933
    outer loop
      vertex -4.48304 19.3499 24.5412
      vertex -5.2747 19.2638 24.2205
      vertex -4.78459 19.3951 24.3495
    endloop
  endfacet
  facet normal 0.350997 -0.622779 -0.699248
    outer loop
      vertex -5.2747 19.2638 24.2205
      vertex -4.48304 19.3499 24.5412
      vertex -5.68918 19.0302 24.2205
    endloop
  endfacet
  facet normal -0.346861 0.717462 0.604099
    outer loop
      vertex -3.17506 16.6442 21.4299
      vertex -2.45007 16.9947 21.4299
      vertex -4.21389 16.412 21.1092
    endloop
  endfacet
  facet normal -0.0523871 -0.713051 0.699152
    outer loop
      vertex -4.18242 19.4171 21.1092
      vertex -3.43858 19.6769 21.4299
      vertex -3.90351 19.6033 21.32
    endloop
  endfacet
  facet normal -0.0523453 -0.713105 0.6991
    outer loop
      vertex -3.43858 19.6769 21.4299
      vertex -4.18242 19.4171 21.1092
      vertex -2.95496 19.6414 21.4299
    endloop
  endfacet
  facet normal 0.32394 -0.670177 -0.667776
    outer loop
      vertex -4.48304 19.3499 24.5412
      vertex -4.15823 19.563 24.4849
      vertex -3.9859 19.5902 24.5412
    endloop
  endfacet
  facet normal 0.323996 -0.670239 -0.667688
    outer loop
      vertex -4.15823 19.563 24.4849
      vertex -4.48304 19.3499 24.5412
      vertex -4.78459 19.3951 24.3495
    endloop
  endfacet
  facet normal 0.274364 -0.020148 -0.961415
    outer loop
      vertex -4.00428 18.3596 25.1106
      vertex -4.02587 18.0656 25.1106
      vertex -5.14919 18.0719 24.7899
    endloop
  endfacet
  facet normal 0.00841134 0.796811 -0.60417
    outer loop
      vertex -3.17506 16.6442 24.5412
      vertex -4.21389 16.412 24.2205
      vertex -5.0191 16.4205 24.2205
    endloop
  endfacet
  facet normal 0.136977 0.480877 -0.866022
    outer loop
      vertex -4.75389 17.3704 24.7899
      vertex -3.65381 17.6346 25.1106
      vertex -5.0191 16.4205 24.2205
    endloop
  endfacet
  facet normal 0.135814 0.481901 -0.865636
    outer loop
      vertex -3.65381 17.6346 25.1106
      vertex -3.97815 16.7032 24.5412
      vertex -5.0191 16.4205 24.2205
    endloop
  endfacet
  facet normal -0.328059 0.378211 0.865641
    outer loop
      vertex -3.51234 16.8073 21.1092
      vertex -2.45007 16.9947 21.4299
      vertex -4.20237 17.512 20.5398
    endloop
  endfacet
  facet normal -0.327445 0.581125 0.745032
    outer loop
      vertex -2.45007 16.9947 21.4299
      vertex -3.51234 16.8073 21.1092
      vertex -4.21389 16.412 21.1092
    endloop
  endfacet
  facet normal -0.328675 0.376789 0.866027
    outer loop
      vertex -2.45007 16.9947 21.4299
      vertex -3.09449 17.7413 20.8605
      vertex -4.20237 17.512 20.5398
    endloop
  endfacet
  facet normal -0.200656 -0.295386 0.934069
    outer loop
      vertex -3.03552 18.5444 20.8605
      vertex -3.2793 18.71 20.8605
      vertex -4.19394 18.3172 20.5398
    endloop
  endfacet
  facet normal -0.0078794 -0.744097 0.668025
    outer loop
      vertex -4.18242 19.4171 21.1092
      vertex -4.15823 19.563 21.272
      vertex -4.68293 19.4224 21.1092
    endloop
  endfacet
  facet normal -0.00816599 -0.744075 0.668047
    outer loop
      vertex -4.15823 19.563 21.272
      vertex -4.18242 19.4171 21.1092
      vertex -3.90351 19.6033 21.32
    endloop
  endfacet
  facet normal 0.274508 -0.00287829 -0.96158
    outer loop
      vertex -5.14919 18.0719 24.7899
      vertex -4.02587 18.0656 25.1106
      vertex -5.15228 17.7772 24.7899
    endloop
  endfacet
  facet normal 0.243873 0.11792 -0.962611
    outer loop
      vertex -4.02587 18.0656 25.1106
      vertex -3.89759 17.8003 25.1106
      vertex -5.15228 17.7772 24.7899
    endloop
  endfacet
  facet normal -0.270865 0.00284009 0.962613
    outer loop
      vertex -2.90724 18.279 20.8605
      vertex -4.04925 18.0604 20.5398
      vertex -4.05234 17.7657 20.5398
    endloop
  endfacet
  facet normal 0.191999 0.324721 -0.926117
    outer loop
      vertex -3.65381 17.6346 25.1106
      vertex -4.75389 17.3704 24.7899
      vertex -5.00758 17.5204 24.7899
    endloop
  endfacet
  facet normal 0.197329 0.290313 -0.936365
    outer loop
      vertex -3.89759 17.8003 25.1106
      vertex -3.65381 17.6346 25.1106
      vertex -5.00758 17.5204 24.7899
    endloop
  endfacet
  facet normal -0.311968 0.211992 0.92614
    outer loop
      vertex -3.09449 17.7413 20.8605
      vertex -2.92882 17.9851 20.8605
      vertex -4.20237 17.512 20.5398
    endloop
  endfacet
  facet normal -0.239675 -0.135041 0.961415
    outer loop
      vertex -4.04925 18.0604 20.5398
      vertex -3.03552 18.5444 20.8605
      vertex -4.19394 18.3172 20.5398
    endloop
  endfacet
  facet normal -0.302171 0.178694 0.936355
    outer loop
      vertex -2.92882 17.9851 20.8605
      vertex -4.05234 17.7657 20.5398
      vertex -4.20237 17.512 20.5398
    endloop
  endfacet
  facet normal -0.278107 0.0204204 0.960333
    outer loop
      vertex -2.92882 17.9851 20.8605
      vertex -2.90724 18.279 20.8605
      vertex -4.05234 17.7657 20.5398
    endloop
  endfacet
  facet normal -0.247164 -0.119466 0.961581
    outer loop
      vertex -2.90724 18.279 20.8605
      vertex -3.03552 18.5444 20.8605
      vertex -4.04925 18.0604 20.5398
    endloop
  endfacet
  facet normal -0.298775 -0.16834 0.939359
    outer loop
      vertex -4.04925 18.0604 20.5398
      vertex -4.19394 18.3172 20.5398
      vertex -5.17528 17.7705 20.1297
    endloop
  endfacet
  facet normal -0.385165 0.196034 0.901786
    outer loop
      vertex -4.05234 17.7657 20.5398
      vertex -5.15985 17.4762 20.1297
      vertex -5.20542 17.2528 20.1588
    endloop
  endfacet
  facet normal 0.402756 -0.299065 -0.865071
    outer loop
      vertex -4.99915 18.3256 24.7899
      vertex -6.13996 17.9755 24.3798
      vertex -6.87288 18.6355 23.8104
    endloop
  endfacet
  facet normal -0.179777 -0.468349 0.86506
    outer loop
      vertex -5.56176 18.1843 20.1551
      vertex -4.44764 18.4672 20.5398
      vertex -4.18242 19.4171 21.1092
    endloop
  endfacet
  facet normal -0.179957 -0.46791 0.86526
    outer loop
      vertex -4.44764 18.4672 20.5398
      vertex -5.56176 18.1843 20.1551
      vertex -5.56962 18.1594 20.14
    endloop
  endfacet
  facet normal 0.186682 0.469633 -0.862899
    outer loop
      vertex -5.8352 17.0376 24.3798
      vertex -5.0191 16.4205 24.2205
      vertex -6.04025 16.0729 23.8104
    endloop
  endfacet
  facet normal -0.0079908 -0.794577 0.607111
    outer loop
      vertex -5.39338 19.1162 20.6991
      vertex -4.68293 19.4224 21.1092
      vertex -5.15919 19.2947 20.9358
    endloop
  endfacet
  facet normal -0.00841016 -0.79422 0.607572
    outer loop
      vertex -4.68293 19.4224 21.1092
      vertex -5.39338 19.1162 20.6991
      vertex -4.18242 19.4171 21.1092
    endloop
  endfacet
  facet normal -0.278994 0.960293 0
    outer loop
      vertex -4.07229 15.8605 22.0954
      vertex -5.06014 15.5735 22.8241
      vertex -4.07229 15.8605 23.2342
    endloop
  endfacet
  facet normal -0.278994 0.960293 0
    outer loop
      vertex -5.06014 15.5735 22.8241
      vertex -4.07229 15.8605 22.0954
      vertex -5.06014 15.5735 21.6853
    endloop
  endfacet
  facet normal 0.432705 -0.66618 -0.607429
    outer loop
      vertex -5.68918 19.0302 24.2205
      vertex -6.18034 19.0211 23.8806
      vertex -6.0351 19.06 23.9414
    endloop
  endfacet
  facet normal 0.432599 -0.666394 -0.60727
    outer loop
      vertex -6.87288 18.6355 23.8104
      vertex -6.18034 19.0211 23.8806
      vertex -5.68918 19.0302 24.2205
    endloop
  endfacet
  facet normal 0.432411 -0.665943 -0.607899
    outer loop
      vertex -6.18034 19.0211 23.8806
      vertex -6.87288 18.6355 23.8104
      vertex -6.42164 18.9285 23.8104
    endloop
  endfacet
  facet normal 0.401024 -0.305252 -0.863714
    outer loop
      vertex -5.68918 19.0302 24.2205
      vertex -4.99915 18.3256 24.7899
      vertex -6.87288 18.6355 23.8104
    endloop
  endfacet
  facet normal 0.401939 -0.713167 -0.574315
    outer loop
      vertex -5.2747 19.2638 24.2205
      vertex -5.68918 19.0302 24.2205
      vertex -6.0351 19.06 23.9414
    endloop
  endfacet
  facet normal 0.457122 -0.23293 -0.858361
    outer loop
      vertex -6.13996 17.9755 24.3798
      vertex -6.27377 17.7129 24.3798
      vertex -7.23845 17.918 23.8104
    endloop
  endfacet
  facet normal 0.343613 -0.00360286 -0.939104
    outer loop
      vertex -5.14919 18.0719 24.7899
      vertex -5.15228 17.7772 24.7899
      vertex -6.27377 17.7129 24.3798
    endloop
  endfacet
  facet normal 0.291942 0.189585 -0.937458
    outer loop
      vertex -5.00758 17.5204 24.7899
      vertex -6.09782 17.1714 24.3798
      vertex -6.25835 17.4186 24.3798
    endloop
  endfacet
  facet normal 0.00794854 0.752969 -0.658007
    outer loop
      vertex -5.0191 16.4205 24.2205
      vertex -4.21389 16.412 24.2205
      vertex -6.04025 16.0729 23.8104
    endloop
  endfacet
  facet normal -0.206261 -0.405083 0.89071
    outer loop
      vertex -5.33581 18.0177 20.1297
      vertex -4.44764 18.4672 20.5398
      vertex -5.56962 18.1594 20.14
    endloop
  endfacet
  facet normal 0.34247 0.0179439 -0.939357
    outer loop
      vertex -5.15228 17.7772 24.7899
      vertex -6.25835 17.4186 24.3798
      vertex -6.27377 17.7129 24.3798
    endloop
  endfacet
  facet normal -0.223509 -0.378028 0.898409
    outer loop
      vertex -4.19394 18.3172 20.5398
      vertex -4.44764 18.4672 20.5398
      vertex -5.33581 18.0177 20.1297
    endloop
  endfacet
  facet normal -0.424141 0.763096 0.487635
    outer loop
      vertex -4.07229 15.8605 22.0954
      vertex -4.21389 16.412 21.1092
      vertex -5.06014 15.5735 21.6853
    endloop
  endfacet
  facet normal 0.391273 -0.199376 -0.898418
    outer loop
      vertex -6.13996 17.9755 24.3798
      vertex -5.14919 18.0719 24.7899
      vertex -6.27377 17.7129 24.3798
    endloop
  endfacet
  facet normal 0.391209 -0.231364 -0.890745
    outer loop
      vertex -4.99915 18.3256 24.7899
      vertex -5.14919 18.0719 24.7899
      vertex -6.13996 17.9755 24.3798
    endloop
  endfacet
  facet normal 0.457124 -0.232907 -0.858366
    outer loop
      vertex -6.87288 18.6355 23.8104
      vertex -6.13996 17.9755 24.3798
      vertex -7.23845 17.918 23.8104
    endloop
  endfacet
  facet normal 0.220049 0.372161 -0.901707
    outer loop
      vertex -5.00758 17.5204 24.7899
      vertex -4.75389 17.3704 24.7899
      vertex -6.09782 17.1714 24.3798
    endloop
  endfacet
  facet normal 0.184286 0.46697 -0.864857
    outer loop
      vertex -4.75389 17.3704 24.7899
      vertex -5.0191 16.4205 24.2205
      vertex -5.8352 17.0376 24.3798
    endloop
  endfacet
  facet normal 0.0429133 -0.817635 0.574136
    outer loop
      vertex -5.39338 19.1162 20.6991
      vertex -5.15919 19.2947 20.9358
      vertex -5.93068 19.088 20.6991
    endloop
  endfacet
  facet normal -0.175043 -0.472667 0.863681
    outer loop
      vertex -5.47031 18.5258 20.3604
      vertex -4.18242 19.4171 21.1092
      vertex -5.39338 19.1162 20.6991
    endloop
  endfacet
  facet normal -0.17543 -0.472239 0.863837
    outer loop
      vertex -5.5582 18.1937 20.161
      vertex -4.18242 19.4171 21.1092
      vertex -5.47031 18.5258 20.3604
    endloop
  endfacet
  facet normal -0.170424 -0.476731 0.86237
    outer loop
      vertex -4.18242 19.4171 21.1092
      vertex -5.5582 18.1937 20.161
      vertex -5.56176 18.1843 20.1551
    endloop
  endfacet
  facet normal -0.288191 -0.187149 0.939107
    outer loop
      vertex -5.17528 17.7705 20.1297
      vertex -4.19394 18.3172 20.5398
      vertex -5.33581 18.0177 20.1297
    endloop
  endfacet
  facet normal 0.294983 0.166215 -0.940934
    outer loop
      vertex -5.15228 17.7772 24.7899
      vertex -5.00758 17.5204 24.7899
      vertex -6.25835 17.4186 24.3798
    endloop
  endfacet
  facet normal -0.338124 -0.0177277 0.940935
    outer loop
      vertex -5.15985 17.4762 20.1297
      vertex -4.04925 18.0604 20.5398
      vertex -5.17528 17.7705 20.1297
    endloop
  endfacet
  facet normal -0.348085 0.00364975 0.937456
    outer loop
      vertex -4.05234 17.7657 20.5398
      vertex -4.04925 18.0604 20.5398
      vertex -5.15985 17.4762 20.1297
    endloop
  endfacet
  facet normal -0.397646 0.235155 0.886893
    outer loop
      vertex -5.20542 17.2528 20.1588
      vertex -4.20237 17.512 20.5398
      vertex -4.05234 17.7657 20.5398
    endloop
  endfacet
  facet normal -0.397999 0.237789 0.886032
    outer loop
      vertex -4.20237 17.512 20.5398
      vertex -5.20542 17.2528 20.1588
      vertex -5.2016 17.2387 20.1643
    endloop
  endfacet
  facet normal -0.410185 0.631594 0.657904
    outer loop
      vertex -3.51234 16.8073 21.1092
      vertex -4.56075 16.5536 20.6991
      vertex -5.06363 16.1843 20.7401
    endloop
  endfacet
  facet normal 0.209697 0.411589 -0.886917
    outer loop
      vertex -4.75389 17.3704 24.7899
      vertex -5.8352 17.0376 24.3798
      vertex -6.09782 17.1714 24.3798
    endloop
  endfacet
  facet normal -0.0543581 0.868183 -0.493258
    outer loop
      vertex -4.21389 16.412 24.2205
      vertex -4.07229 15.8605 23.2342
      vertex -5.2361 16.115 23.8104
    endloop
  endfacet
  facet normal -0.0449714 0.858997 -0.510002
    outer loop
      vertex -4.21389 16.412 24.2205
      vertex -5.2361 16.115 23.8104
      vertex -6.04025 16.0729 23.8104
    endloop
  endfacet
  facet normal -0.418743 0.762001 0.493972
    outer loop
      vertex -4.21389 16.412 21.1092
      vertex -4.89063 15.7952 21.487
      vertex -5.06014 15.5735 21.6853
    endloop
  endfacet
  facet normal -0.419306 0.762169 0.493236
    outer loop
      vertex -4.21389 16.412 21.1092
      vertex -5.03974 16.1199 20.8585
      vertex -4.89063 15.7952 21.487
    endloop
  endfacet
  facet normal -0.419318 0.762036 0.49343
    outer loop
      vertex -5.03974 16.1199 20.8585
      vertex -4.21389 16.412 21.1092
      vertex -5.06344 16.1652 20.7684
    endloop
  endfacet
  facet normal -0.4223 0.749467 0.509865
    outer loop
      vertex -5.06363 16.1843 20.7401
      vertex -4.21389 16.412 21.1092
      vertex -3.51234 16.8073 21.1092
    endloop
  endfacet
  facet normal -0.422128 0.750095 0.509082
    outer loop
      vertex -4.21389 16.412 21.1092
      vertex -5.06363 16.1843 20.7401
      vertex -5.06344 16.1652 20.7684
    endloop
  endfacet
  facet normal -0.405821 0.295504 0.864862
    outer loop
      vertex -4.20237 17.512 20.5398
      vertex -4.71663 16.8839 20.5131
      vertex -4.56075 16.5536 20.6991
    endloop
  endfacet
  facet normal -0.405812 0.295495 0.86487
    outer loop
      vertex -4.20237 17.512 20.5398
      vertex -5.01616 17.1106 20.2951
      vertex -4.71663 16.8839 20.5131
    endloop
  endfacet
  facet normal -0.405836 0.295566 0.864834
    outer loop
      vertex -5.01616 17.1106 20.2951
      vertex -4.20237 17.512 20.5398
      vertex -5.2016 17.2387 20.1643
    endloop
  endfacet
  facet normal -0.409277 0.29647 0.862901
    outer loop
      vertex -3.51234 16.8073 21.1092
      vertex -4.20237 17.512 20.5398
      vertex -4.56075 16.5536 20.6991
    endloop
  endfacet
  facet normal -0.050805 0.871594 -0.487588
    outer loop
      vertex -4.07229 15.8605 23.2342
      vertex -5.06014 15.5735 22.8241
      vertex -5.2361 16.115 23.8104
    endloop
  endfacet
  facet normal 0.463393 -0.236101 -0.854121
    outer loop
      vertex -6.87288 18.6355 23.8104
      vertex -7.23845 17.918 23.8104
      vertex -8.02944 18.1671 23.3124
    endloop
  endfacet
  facet normal 0.474334 -0.205273 -0.856078
    outer loop
      vertex -8.02944 18.1671 23.3124
      vertex -7.23845 17.918 23.8104
      vertex -8.34925 17.4281 23.3124
    endloop
  endfacet
  facet normal 0.467039 -0.196646 -0.862093
    outer loop
      vertex -7.23845 17.918 23.8104
      vertex -6.27377 17.7129 24.3798
      vertex -7.3736 17.284 23.8818
    endloop
  endfacet
  facet normal -0.0424391 0.810628 -0.584022
    outer loop
      vertex -6.04025 16.0729 23.8104
      vertex -5.2361 16.115 23.8104
      vertex -7.03756 15.6619 23.3124
    endloop
  endfacet
  facet normal -0.325984 -0.242118 0.913845
    outer loop
      vertex -6.28089 17.4105 19.6317
      vertex -5.33581 18.0177 20.1297
      vertex -6.45662 17.6471 19.6317
    endloop
  endfacet
  facet normal 0.52057 -0.701183 -0.487185
    outer loop
      vertex -8.02944 18.1671 23.3124
      vertex -8.13473 18.2709 23.0505
      vertex -7.95462 18.34 23.1435
    endloop
  endfacet
  facet normal 0.520595 -0.701163 -0.487187
    outer loop
      vertex -8.13473 18.2709 23.0505
      vertex -8.02944 18.1671 23.3124
      vertex -8.15033 18.263 23.0452
    endloop
  endfacet
  facet normal -0.464947 0.213655 0.859172
    outer loop
      vertex -5.01616 17.1106 20.2951
      vertex -5.37409 16.9381 20.1443
      vertex -5.36456 16.8949 20.1602
    endloop
  endfacet
  facet normal -0.46469 0.212819 0.859518
    outer loop
      vertex -5.37409 16.9381 20.1443
      vertex -5.01616 17.1106 20.2951
      vertex -5.6451 16.9877 19.9855
    endloop
  endfacet
  facet normal -0.46457 0.212784 0.859591
    outer loop
      vertex -5.36456 16.8949 20.1602
      vertex -4.71663 16.8839 20.5131
      vertex -5.01616 17.1106 20.2951
    endloop
  endfacet
  facet normal -0.464583 0.21268 0.85961
    outer loop
      vertex -4.71663 16.8839 20.5131
      vertex -5.36456 16.8949 20.1602
      vertex -5.59116 16.2346 20.2011
    endloop
  endfacet
  facet normal -0.464189 0.206872 0.861239
    outer loop
      vertex -5.15985 17.4762 20.1297
      vertex -5.6451 16.9877 19.9855
      vertex -5.20542 17.2528 20.1588
    endloop
  endfacet
  facet normal -0.464194 0.206879 0.861234
    outer loop
      vertex -5.6451 16.9877 19.9855
      vertex -5.15985 17.4762 20.1297
      vertex -5.97142 17.0523 19.7941
    endloop
  endfacet
  facet normal -0.464348 0.20706 0.861108
    outer loop
      vertex -5.2016 17.2387 20.1643
      vertex -5.6451 16.9877 19.9855
      vertex -5.01616 17.1106 20.2951
    endloop
  endfacet
  facet normal -0.465259 0.209429 0.860043
    outer loop
      vertex -5.6451 16.9877 19.9855
      vertex -5.2016 17.2387 20.1643
      vertex -5.20542 17.2528 20.1588
    endloop
  endfacet
  facet normal -0.0818413 0.868618 -0.488676
    outer loop
      vertex -5.06014 15.5735 22.8241
      vertex -6.67179 15.6158 23.1692
      vertex -7.03756 15.6619 23.3124
    endloop
  endfacet
  facet normal -0.0819221 0.868412 -0.489028
    outer loop
      vertex -5.06014 15.5735 22.8241
      vertex -6.64028 15.5035 22.9645
      vertex -6.67179 15.6158 23.1692
    endloop
  endfacet
  facet normal -0.081925 0.868386 -0.489074
    outer loop
      vertex -6.64028 15.5035 22.9645
      vertex -5.06014 15.5735 22.8241
      vertex -6.61149 15.216 22.4492
    endloop
  endfacet
  facet normal -0.0824446 0.867316 -0.490883
    outer loop
      vertex -5.2361 16.115 23.8104
      vertex -5.06014 15.5735 22.8241
      vertex -7.03756 15.6619 23.3124
    endloop
  endfacet
  facet normal -0.234354 -0.448935 0.862285
    outer loop
      vertex -5.56176 18.1843 20.1551
      vertex -5.84402 18.42 20.2011
      vertex -5.56962 18.1594 20.14
    endloop
  endfacet
  facet normal -0.236185 -0.450836 0.860792
    outer loop
      vertex -5.84402 18.42 20.2011
      vertex -5.56176 18.1843 20.1551
      vertex -5.5582 18.1937 20.161
    endloop
  endfacet
  facet normal -0.234404 -0.449433 0.862012
    outer loop
      vertex -5.56962 18.1594 20.14
      vertex -6.45662 17.6471 19.6317
      vertex -5.33581 18.0177 20.1297
    endloop
  endfacet
  facet normal -0.23461 -0.449161 0.862098
    outer loop
      vertex -6.45662 17.6471 19.6317
      vertex -5.56962 18.1594 20.14
      vertex -5.84402 18.42 20.2011
    endloop
  endfacet
  facet normal 0.215033 0.496915 -0.840736
    outer loop
      vertex -6.04025 16.0729 23.8104
      vertex -7.03756 15.6619 23.3124
      vertex -7.77658 15.9817 23.3124
    endloop
  endfacet
  facet normal 0.472218 -0.197412 -0.859092
    outer loop
      vertex -7.23845 17.918 23.8104
      vertex -7.3736 17.284 23.8818
      vertex -8.34925 17.4281 23.3124
    endloop
  endfacet
  facet normal -0.482425 0.245774 0.84075
    outer loop
      vertex -4.56075 16.5536 20.6991
      vertex -4.71663 16.8839 20.5131
      vertex -5.59116 16.2346 20.2011
    endloop
  endfacet
  facet normal -0.484 0.651682 0.583999
    outer loop
      vertex -4.56075 16.5536 20.6991
      vertex -5.59116 16.2346 20.2011
      vertex -5.84744 15.9404 20.317
    endloop
  endfacet
  facet normal -0.49257 0.758406 0.426843
    outer loop
      vertex -5.06014 15.5735 21.6853
      vertex -4.89063 15.7952 21.487
      vertex -6.02803 15.2251 21.1874
    endloop
  endfacet
  facet normal -0.103947 0.898443 -0.426609
    outer loop
      vertex -5.06014 15.5735 22.8241
      vertex -6.02803 15.2251 22.3262
      vertex -6.61149 15.216 22.4492
    endloop
  endfacet
  facet normal 0.228405 0.448309 -0.864205
    outer loop
      vertex -6.09782 17.1714 24.3798
      vertex -5.8352 17.0376 24.3798
      vertex -7.16399 16.7546 23.8818
    endloop
  endfacet
  facet normal 0.222371 0.460087 -0.859576
    outer loop
      vertex -5.8352 17.0376 24.3798
      vertex -6.04025 16.0729 23.8104
      vertex -7.77658 15.9817 23.3124
    endloop
  endfacet
  facet normal 0.335822 0.21808 -0.916332
    outer loop
      vertex -6.25835 17.4186 24.3798
      vertex -6.09782 17.1714 24.3798
      vertex -7.33972 16.9913 23.8818
    endloop
  endfacet
  facet normal 0.402596 0.0466004 -0.914191
    outer loop
      vertex -6.25835 17.4186 24.3798
      vertex -7.33972 16.9913 23.8818
      vertex -7.3736 17.284 23.8818
    endloop
  endfacet
  facet normal 0.0994807 -0.860189 0.500178
    outer loop
      vertex -6.58305 18.7398 20.2011
      vertex -6.32072 18.9672 20.54
      vertex -6.73843 18.8069 20.3474
    endloop
  endfacet
  facet normal -0.238034 -0.452889 0.859204
    outer loop
      vertex -5.5582 18.1937 20.161
      vertex -5.47031 18.5258 20.3604
      vertex -5.84402 18.42 20.2011
    endloop
  endfacet
  facet normal 0.520816 -0.701121 -0.487012
    outer loop
      vertex -7.95462 18.34 23.1435
      vertex -7.6276 18.4656 23.3124
      vertex -8.02944 18.1671 23.3124
    endloop
  endfacet
  facet normal 0.504556 -0.679397 -0.532769
    outer loop
      vertex -8.02944 18.1671 23.3124
      vertex -7.1673 18.6423 23.5229
      vertex -6.87288 18.6355 23.8104
    endloop
  endfacet
  facet normal 0.504512 -0.679172 -0.533097
    outer loop
      vertex -7.1673 18.6423 23.5229
      vertex -8.02944 18.1671 23.3124
      vertex -7.6276 18.4656 23.3124
    endloop
  endfacet
  facet normal 0.405502 0.0212465 -0.913847
    outer loop
      vertex -6.27377 17.7129 24.3798
      vertex -6.25835 17.4186 24.3798
      vertex -7.3736 17.284 23.8818
    endloop
  endfacet
  facet normal 0.225726 0.455502 -0.861142
    outer loop
      vertex -7.16399 16.7546 23.8818
      vertex -5.8352 17.0376 24.3798
      vertex -7.77658 15.9817 23.3124
    endloop
  endfacet
  facet normal 0.0444797 -0.845157 0.532664
    outer loop
      vertex -6.58305 18.7398 20.2011
      vertex -5.93068 19.088 20.6991
      vertex -6.18034 19.0211 20.6138
    endloop
  endfacet
  facet normal 0.0444697 -0.845153 0.532671
    outer loop
      vertex -6.58305 18.7398 20.2011
      vertex -6.18034 19.0211 20.6138
      vertex -6.32072 18.9672 20.54
    endloop
  endfacet
  facet normal 0.0443542 -0.84509 0.532781
    outer loop
      vertex -5.93068 19.088 20.6991
      vertex -6.58305 18.7398 20.2011
      vertex -5.39338 19.1162 20.6991
    endloop
  endfacet
  facet normal -0.338685 0.9409 0
    outer loop
      vertex -5.06014 15.5735 21.6853
      vertex -6.02803 15.2251 22.3262
      vertex -5.06014 15.5735 22.8241
    endloop
  endfacet
  facet normal -0.338685 0.9409 0
    outer loop
      vertex -6.02803 15.2251 22.3262
      vertex -5.06014 15.5735 21.6853
      vertex -6.02803 15.2251 21.1874
    endloop
  endfacet
  facet normal 0.47159 -0.726281 -0.500119
    outer loop
      vertex -6.42164 18.9285 23.8104
      vertex -6.87288 18.6355 23.8104
      vertex -7.1673 18.6423 23.5229
    endloop
  endfacet
  facet normal 0.330026 0.245017 -0.911619
    outer loop
      vertex -6.09782 17.1714 24.3798
      vertex -7.16399 16.7546 23.8818
      vertex -7.33972 16.9913 23.8818
    endloop
  endfacet
  facet normal -0.397759 -0.0460248 0.916335
    outer loop
      vertex -6.24701 17.1177 19.6317
      vertex -5.17528 17.7705 20.1297
      vertex -6.28089 17.4105 19.6317
    endloop
  endfacet
  facet normal -0.339905 -0.220732 0.914189
    outer loop
      vertex -5.17528 17.7705 20.1297
      vertex -5.33581 18.0177 20.1297
      vertex -6.28089 17.4105 19.6317
    endloop
  endfacet
  facet normal -0.489718 0.721053 0.490163
    outer loop
      vertex -5.03974 16.1199 20.8585
      vertex -5.60965 15.6102 21.0389
      vertex -6.02803 15.2251 21.1874
    endloop
  endfacet
  facet normal -0.489194 0.720789 0.491073
    outer loop
      vertex -5.06344 16.1652 20.7684
      vertex -5.60965 15.6102 21.0389
      vertex -5.03974 16.1199 20.8585
    endloop
  endfacet
  facet normal -0.489433 0.720858 0.490733
    outer loop
      vertex -5.60965 15.6102 21.0389
      vertex -5.06344 16.1652 20.7684
      vertex -5.69122 15.7359 20.7729
    endloop
  endfacet
  facet normal -0.489662 0.721185 0.490024
    outer loop
      vertex -5.06363 16.1843 20.7401
      vertex -5.69122 15.7359 20.7729
      vertex -5.06344 16.1652 20.7684
    endloop
  endfacet
  facet normal -0.489306 0.720798 0.490948
    outer loop
      vertex -5.84744 15.9404 20.317
      vertex -5.06363 16.1843 20.7401
      vertex -4.56075 16.5536 20.6991
    endloop
  endfacet
  facet normal -0.489315 0.72077 0.490981
    outer loop
      vertex -5.06363 16.1843 20.7401
      vertex -5.84744 15.9404 20.317
      vertex -5.69122 15.7359 20.7729
    endloop
  endfacet
  facet normal -0.490386 0.721372 0.489023
    outer loop
      vertex -4.89063 15.7952 21.487
      vertex -5.03974 16.1199 20.8585
      vertex -6.02803 15.2251 21.1874
    endloop
  endfacet
  facet normal -0.206535 -0.477284 0.854133
    outer loop
      vertex -5.84402 18.42 20.2011
      vertex -5.39338 19.1162 20.6991
      vertex -6.58305 18.7398 20.2011
    endloop
  endfacet
  facet normal -0.234533 -0.460558 0.856085
    outer loop
      vertex -5.47031 18.5258 20.3604
      vertex -5.39338 19.1162 20.6991
      vertex -5.84402 18.42 20.2011
    endloop
  endfacet
  facet normal -0.410489 -0.0215217 0.911612
    outer loop
      vertex -5.15985 17.4762 20.1297
      vertex -5.17528 17.7705 20.1297
      vertex -6.24701 17.1177 19.6317
    endloop
  endfacet
  facet normal -0.461785 0.199948 0.864162
    outer loop
      vertex -5.97142 17.0523 19.7941
      vertex -5.15985 17.4762 20.1297
      vertex -6.24701 17.1177 19.6317
    endloop
  endfacet
  facet normal 0.533185 -0.230741 -0.813924
    outer loop
      vertex -8.02944 18.1671 23.3124
      vertex -8.34925 17.4281 23.3124
      vertex -9.15432 17.6271 22.7286
    endloop
  endfacet
  facet normal -0.524629 0.189723 0.829922
    outer loop
      vertex -6.32674 16.6091 19.6173
      vertex -5.36456 16.8949 20.1602
      vertex -5.37409 16.9381 20.1443
    endloop
  endfacet
  facet normal -0.524521 0.188851 0.830189
    outer loop
      vertex -5.36456 16.8949 20.1602
      vertex -6.32674 16.6091 19.6173
      vertex -6.59951 15.8515 19.6173
    endloop
  endfacet
  facet normal 0.497273 -0.0545791 -0.865876
    outer loop
      vertex -8.34925 17.4281 23.3124
      vertex -7.3736 17.284 23.8818
      vertex -9.4271 16.8695 22.7286
    endloop
  endfacet
  facet normal -0.553149 0.744841 0.373146
    outer loop
      vertex -6.02803 15.2251 21.1874
      vertex -5.60965 15.6102 21.0389
      vertex -6.97212 14.8165 20.6035
    endloop
  endfacet
  facet normal 0.543535 -0.195704 -0.816253
    outer loop
      vertex -9.15432 17.6271 22.7286
      vertex -8.34925 17.4281 23.3124
      vertex -9.4271 16.8695 22.7286
    endloop
  endfacet
  facet normal 0.574579 -0.656483 -0.488763
    outer loop
      vertex -9.00039 17.8298 22.6373
      vertex -9.15432 17.6271 22.7286
      vertex -9.2575 17.6988 22.511
    endloop
  endfacet
  facet normal 0.087312 -0.865356 0.493493
    outer loop
      vertex -7.74674 18.2895 19.6173
      vertex -6.84234 18.767 20.2946
      vertex -7.73543 18.4242 19.8515
    endloop
  endfacet
  facet normal 0.0872157 -0.865311 0.493589
    outer loop
      vertex -6.84234 18.767 20.2946
      vertex -7.74674 18.2895 19.6173
      vertex -6.58305 18.7398 20.2011
    endloop
  endfacet
  facet normal -0.397194 0.917735 0
    outer loop
      vertex -6.02803 15.2251 21.1874
      vertex -6.97212 14.8165 21.7424
      vertex -6.02803 15.2251 22.3262
    endloop
  endfacet
  facet normal -0.397194 0.917735 0
    outer loop
      vertex -6.97212 14.8165 21.7424
      vertex -6.02803 15.2251 21.1874
      vertex -6.97212 14.8165 20.6035
    endloop
  endfacet
  facet normal 0.571073 -0.655812 -0.493748
    outer loop
      vertex -9.15432 17.6271 22.7286
      vertex -8.15033 18.263 23.0452
      vertex -8.02944 18.1671 23.3124
    endloop
  endfacet
  facet normal 0.571098 -0.655974 -0.493503
    outer loop
      vertex -8.15033 18.263 23.0452
      vertex -9.15432 17.6271 22.7286
      vertex -9.00039 17.8298 22.6373
    endloop
  endfacet
  facet normal 0.221382 0.511587 -0.830222
    outer loop
      vertex -7.77658 15.9817 23.3124
      vertex -7.03756 15.6619 23.3124
      vertex -8.76474 15.4619 22.7286
    endloop
  endfacet
  facet normal 0.204118 0.5669 -0.798098
    outer loop
      vertex -7.03756 15.6619 23.3124
      vertex -8.00709 15.1891 22.7286
      vertex -8.76474 15.4619 22.7286
    endloop
  endfacet
  facet normal -0.098018 0.846713 -0.522943
    outer loop
      vertex -7.03756 15.6619 23.3124
      vertex -6.67179 15.6158 23.1692
      vertex -8.00709 15.1891 22.7286
    endloop
  endfacet
  facet normal -0.550381 0.67696 0.488678
    outer loop
      vertex -6.33538 15.3902 20.5263
      vertex -5.60965 15.6102 21.0389
      vertex -5.69122 15.7359 20.7729
    endloop
  endfacet
  facet normal -0.550464 0.676738 0.488891
    outer loop
      vertex -5.60965 15.6102 21.0389
      vertex -6.33538 15.3902 20.5263
      vertex -6.97212 14.8165 20.6035
    endloop
  endfacet
  facet normal -0.550381 0.677139 0.48843
    outer loop
      vertex -5.69122 15.7359 20.7729
      vertex -6.35588 15.4298 20.4483
      vertex -6.33538 15.3902 20.5263
    endloop
  endfacet
  facet normal -0.550437 0.676741 0.488918
    outer loop
      vertex -5.69122 15.7359 20.7729
      vertex -6.41633 15.5028 20.2792
      vertex -6.35588 15.4298 20.4483
    endloop
  endfacet
  facet normal -0.550461 0.676672 0.488986
    outer loop
      vertex -6.41633 15.5028 20.2792
      vertex -5.69122 15.7359 20.7729
      vertex -6.45293 15.5338 20.1951
    endloop
  endfacet
  facet normal -0.229425 -0.530181 0.816255
    outer loop
      vertex -5.84402 18.42 20.2011
      vertex -6.58305 18.7398 20.2011
      vertex -6.98909 18.0167 19.6173
    endloop
  endfacet
  facet normal 0.0851206 -0.868316 0.488654
    outer loop
      vertex -6.58305 18.7398 20.2011
      vertex -6.73843 18.8069 20.3474
      vertex -6.84234 18.767 20.2946
    endloop
  endfacet
  facet normal 0.497189 -0.0539122 -0.865966
    outer loop
      vertex -7.3736 17.284 23.8818
      vertex -8.44432 16.7869 23.298
      vertex -9.4271 16.8695 22.7286
    endloop
  endfacet
  facet normal -0.497497 0.0536855 0.865803
    outer loop
      vertex -5.6451 16.9877 19.9855
      vertex -6.32674 16.6091 19.6173
      vertex -5.37409 16.9381 20.1443
    endloop
  endfacet
  facet normal -0.497343 0.0532992 0.865915
    outer loop
      vertex -5.97142 17.0523 19.7941
      vertex -6.32674 16.6091 19.6173
      vertex -5.6451 16.9877 19.9855
    endloop
  endfacet
  facet normal -0.497513 0.0534783 0.865807
    outer loop
      vertex -6.32674 16.6091 19.6173
      vertex -5.97142 17.0523 19.7941
      vertex -6.24701 17.1177 19.6317
    endloop
  endfacet
  facet normal -0.113846 0.863537 -0.491267
    outer loop
      vertex -6.64028 15.5035 22.9645
      vertex -8.00709 15.1891 22.7286
      vertex -6.67179 15.6158 23.1692
    endloop
  endfacet
  facet normal -0.113833 0.863512 -0.491313
    outer loop
      vertex -8.00709 15.1891 22.7286
      vertex -6.64028 15.5035 22.9645
      vertex -8.05474 14.6217 21.7424
    endloop
  endfacet
  facet normal -0.497198 0.0534238 0.865991
    outer loop
      vertex -6.24701 17.1177 19.6317
      vertex -6.96759 16.7155 19.2428
      vertex -6.32674 16.6091 19.6173
    endloop
  endfacet
  facet normal -0.497214 0.0534648 0.865979
    outer loop
      vertex -6.96759 16.7155 19.2428
      vertex -6.24701 17.1177 19.6317
      vertex -7.22934 16.7238 19.092
    endloop
  endfacet
  facet normal -0.196814 -0.546614 0.813927
    outer loop
      vertex -6.98909 18.0167 19.6173
      vertex -6.58305 18.7398 20.2011
      vertex -7.74674 18.2895 19.6173
    endloop
  endfacet
  facet normal 0.301536 0.399225 -0.86585
    outer loop
      vertex -8.20188 16.2717 23.298
      vertex -7.77658 15.9817 23.3124
      vertex -8.76474 15.4619 22.7286
    endloop
  endfacet
  facet normal 0.458909 0.0531187 -0.886894
    outer loop
      vertex -7.3736 17.284 23.8818
      vertex -7.33972 16.9913 23.8818
      vertex -8.44432 16.7869 23.298
    endloop
  endfacet
  facet normal 0.366053 0.271764 -0.890028
    outer loop
      vertex -7.33972 16.9913 23.8818
      vertex -7.16399 16.7546 23.8818
      vertex -8.39213 16.4969 23.298
    endloop
  endfacet
  facet normal 0.453853 0.0816778 -0.887325
    outer loop
      vertex -7.33972 16.9913 23.8818
      vertex -8.39213 16.4969 23.298
      vertex -8.44432 16.7869 23.298
    endloop
  endfacet
  facet normal -0.116588 0.864535 -0.488862
    outer loop
      vertex -6.61149 15.216 22.4492
      vertex -8.05474 14.6217 21.7424
      vertex -6.64028 15.5035 22.9645
    endloop
  endfacet
  facet normal -0.116552 0.86451 -0.488914
    outer loop
      vertex -8.05474 14.6217 21.7424
      vertex -6.61149 15.216 22.4492
      vertex -6.02803 15.2251 22.3262
    endloop
  endfacet
  facet normal -0.552968 0.239203 0.798128
    outer loop
      vertex -5.59116 16.2346 20.2011
      vertex -5.36456 16.8949 20.1602
      vertex -6.59951 15.8515 19.6173
    endloop
  endfacet
  facet normal -0.464237 -0.0537171 0.88408
    outer loop
      vertex -7.24465 16.737 19.0847
      vertex -6.24701 17.1177 19.6317
      vertex -6.28089 17.4105 19.6317
    endloop
  endfacet
  facet normal -0.465178 -0.0507905 0.883759
    outer loop
      vertex -6.24701 17.1177 19.6317
      vertex -7.24465 16.737 19.0847
      vertex -7.22934 16.7238 19.092
    endloop
  endfacet
  facet normal -0.30062 -0.399865 0.865873
    outer loop
      vertex -5.84402 18.42 20.2011
      vertex -6.98909 18.0167 19.6173
      vertex -7.52871 17.2234 19.0636
    endloop
  endfacet
  facet normal -0.301046 -0.399351 0.865962
    outer loop
      vertex -7.52871 17.2234 19.0636
      vertex -6.45662 17.6471 19.6317
      vertex -5.84402 18.42 20.2011
    endloop
  endfacet
  facet normal -0.305662 -0.390756 0.868263
    outer loop
      vertex -6.45662 17.6471 19.6317
      vertex -7.52871 17.2234 19.0636
      vertex -7.53537 17.2135 19.0568
    endloop
  endfacet
  facet normal -0.3702 -0.274959 0.887327
    outer loop
      vertex -6.28089 17.4105 19.6317
      vertex -6.45662 17.6471 19.6317
      vertex -7.36171 16.9817 19.0479
    endloop
  endfacet
  facet normal 0.301425 0.399056 -0.865966
    outer loop
      vertex -7.16399 16.7546 23.8818
      vertex -7.77658 15.9817 23.3124
      vertex -8.20188 16.2717 23.298
    endloop
  endfacet
  facet normal -0.164284 0.913027 -0.373353
    outer loop
      vertex -6.02803 15.2251 22.3262
      vertex -6.97212 14.8165 21.7424
      vertex -8.05474 14.6217 21.7424
    endloop
  endfacet
  facet normal -0.550139 0.651007 0.523008
    outer loop
      vertex -6.5995 15.6738 19.8385
      vertex -5.59116 16.2346 20.2011
      vertex -6.59951 15.8515 19.6173
    endloop
  endfacet
  facet normal -0.551563 0.674053 0.491356
    outer loop
      vertex -5.84744 15.9404 20.317
      vertex -6.45293 15.5338 20.1951
      vertex -5.69122 15.7359 20.7729
    endloop
  endfacet
  facet normal -0.551571 0.674047 0.491355
    outer loop
      vertex -6.5995 15.6738 19.8385
      vertex -5.84744 15.9404 20.317
      vertex -5.59116 16.2346 20.2011
    endloop
  endfacet
  facet normal -0.551566 0.674062 0.49134
    outer loop
      vertex -5.84744 15.9404 20.317
      vertex -6.5995 15.6738 19.8385
      vertex -6.45293 15.5338 20.1951
    endloop
  endfacet
  facet normal -0.448722 -0.0807411 0.890017
    outer loop
      vertex -6.28089 17.4105 19.6317
      vertex -7.30277 16.8671 19.0672
      vertex -7.24465 16.737 19.0847
    endloop
  endfacet
  facet normal -0.448667 -0.0808619 0.890033
    outer loop
      vertex -7.30277 16.8671 19.0672
      vertex -6.28089 17.4105 19.6317
      vertex -7.36171 16.9817 19.0479
    endloop
  endfacet
  facet normal -0.352886 -0.298139 0.886896
    outer loop
      vertex -6.45662 17.6471 19.6317
      vertex -7.44653 17.1547 19.0723
      vertex -7.35123 17.0419 19.0723
    endloop
  endfacet
  facet normal -0.352503 -0.298822 0.886819
    outer loop
      vertex -7.44653 17.1547 19.0723
      vertex -6.45662 17.6471 19.6317
      vertex -7.53537 17.2135 19.0568
    endloop
  endfacet
  facet normal -0.352965 -0.298029 0.886902
    outer loop
      vertex -6.45662 17.6471 19.6317
      vertex -7.35123 17.0419 19.0723
      vertex -7.36171 16.9817 19.0479
    endloop
  endfacet
  facet normal 0.356977 0.301576 -0.884093
    outer loop
      vertex -7.16399 16.7546 23.8818
      vertex -8.20188 16.2717 23.298
      vertex -8.39213 16.4969 23.298
    endloop
  endfacet
  facet normal 0.635417 -0.591606 -0.496234
    outer loop
      vertex -10.2431 17.0175 22.0612
      vertex -9.2575 17.6988 22.511
      vertex -9.15432 17.6271 22.7286
    endloop
  endfacet
  facet normal 0.635424 -0.591678 -0.496139
    outer loop
      vertex -9.2575 17.6988 22.511
      vertex -10.2431 17.0175 22.0612
      vertex -10 17.3205 22.0112
    endloop
  endfacet
  facet normal 0.634841 -0.59139 -0.497228
    outer loop
      vertex -10 17.3205 22.0112
      vertex -10.2431 17.0175 22.0612
      vertex -10.0734 17.2729 21.9741
    endloop
  endfacet
  facet normal 0.182257 0.627498 -0.756987
    outer loop
      vertex -8.00709 15.1891 22.7286
      vertex -8.94502 14.6564 22.0612
      vertex -9.7183 14.881 22.0612
    endloop
  endfacet
  facet normal -0.377986 -0.343387 0.859774
    outer loop
      vertex -7.53537 17.2135 19.0568
      vertex -7.80506 17.1398 18.9088
      vertex -7.54923 16.9611 18.9499
    endloop
  endfacet
  facet normal -0.381152 -0.335357 0.861545
    outer loop
      vertex -7.52871 17.2234 19.0636
      vertex -7.80506 17.1398 18.9088
      vertex -7.53537 17.2135 19.0568
    endloop
  endfacet
  facet normal -0.37788 -0.343153 0.859914
    outer loop
      vertex -7.80506 17.1398 18.9088
      vertex -7.52871 17.2234 19.0636
      vertex -6.98909 18.0167 19.6173
    endloop
  endfacet
  facet normal -0.377398 -0.343509 0.859984
    outer loop
      vertex -7.44653 17.1547 19.0723
      vertex -7.53537 17.2135 19.0568
      vertex -7.54923 16.9611 18.9499
    endloop
  endfacet
  facet normal 0.594843 -0.214178 -0.774783
    outer loop
      vertex -9.15432 17.6271 22.7286
      vertex -9.4271 16.8695 22.7286
      vertex -10.2431 17.0175 22.0612
    endloop
  endfacet
  facet normal 0.638133 -0.591918 -0.492361
    outer loop
      vertex -10.0734 17.2729 21.9741
      vertex -10.2431 17.0175 22.0612
      vertex -10.3587 17.0876 21.8271
    endloop
  endfacet
  facet normal -0.148929 0.860206 -0.487715
    outer loop
      vertex -8.00709 15.1891 22.7286
      vertex -8.05474 14.6217 21.7424
      vertex -8.95695 14.0871 21.075
    endloop
  endfacet
  facet normal -0.513792 -0.0925853 0.852904
    outer loop
      vertex -6.32674 16.6091 19.6173
      vertex -6.96759 16.7155 19.2428
      vertex -7.35715 16.1791 18.9499
    endloop
  endfacet
  facet normal 0.504683 0.0778167 -0.85979
    outer loop
      vertex -9.4271 16.8695 22.7286
      vertex -8.44432 16.7869 23.298
      vertex -10.4677 16.2443 22.0612
    endloop
  endfacet
  facet normal 0.604019 -0.175456 -0.777416
    outer loop
      vertex -10.2431 17.0175 22.0612
      vertex -9.4271 16.8695 22.7286
      vertex -10.4677 16.2443 22.0612
    endloop
  endfacet
  facet normal 0.105348 -0.861286 0.49708
    outer loop
      vertex -8.13473 18.2709 19.6673
      vertex -7.74674 18.2895 19.6173
      vertex -8.05307 18.3023 19.7044
    endloop
  endfacet
  facet normal 0.105334 -0.861911 0.495999
    outer loop
      vertex -8.87986 17.767 18.9499
      vertex -8.13473 18.2709 19.6673
      vertex -8.87723 17.8926 19.1676
    endloop
  endfacet
  facet normal 0.105246 -0.861881 0.496069
    outer loop
      vertex -8.13473 18.2709 19.6673
      vertex -8.87986 17.767 18.9499
      vertex -7.74674 18.2895 19.6173
    endloop
  endfacet
  facet normal -0.136151 0.858704 -0.494054
    outer loop
      vertex -8.94502 14.6564 22.0612
      vertex -8.00709 15.1891 22.7286
      vertex -8.95695 14.0871 21.075
    endloop
  endfacet
  facet normal -0.155237 0.862744 -0.481221
    outer loop
      vertex -8.05474 14.6217 21.7424
      vertex -6.97212 14.8165 21.7424
      vertex -8.95695 14.0871 21.075
    endloop
  endfacet
  facet normal -0.453974 0.891015 0
    outer loop
      vertex -6.97212 14.8165 20.6035
      vertex -7.8887 14.3495 21.075
      vertex -6.97212 14.8165 21.7424
    endloop
  endfacet
  facet normal -0.453974 0.891015 0
    outer loop
      vertex -7.8887 14.3495 21.075
      vertex -6.97212 14.8165 20.6035
      vertex -7.8887 14.3495 19.9362
    endloop
  endfacet
  facet normal -0.367935 -0.352753 0.860343
    outer loop
      vertex -7.80506 17.1398 18.9088
      vertex -6.98909 18.0167 19.6173
      vertex -7.92193 17.2617 18.9088
    endloop
  endfacet
  facet normal -0.421014 -0.276812 0.863784
    outer loop
      vertex -7.36171 16.9817 19.0479
      vertex -7.35123 17.0419 19.0723
      vertex -7.54923 16.9611 18.9499
    endloop
  endfacet
  facet normal -0.498872 -0.1073 0.860008
    outer loop
      vertex -7.22934 16.7238 19.092
      vertex -7.35715 16.1791 18.9499
      vertex -6.96759 16.7155 19.2428
    endloop
  endfacet
  facet normal -0.499496 -0.103685 0.860089
    outer loop
      vertex -7.58607 16.6854 18.8802
      vertex -7.22934 16.7238 19.092
      vertex -7.24465 16.737 19.0847
    endloop
  endfacet
  facet normal -0.498911 -0.1072 0.859998
    outer loop
      vertex -7.58607 16.6854 18.8802
      vertex -7.24465 16.737 19.0847
      vertex -7.30277 16.8671 19.0672
    endloop
  endfacet
  facet normal -0.499019 -0.107245 0.85993
    outer loop
      vertex -7.22934 16.7238 19.092
      vertex -7.58607 16.6854 18.8802
      vertex -7.35715 16.1791 18.9499
    endloop
  endfacet
  facet normal -0.213078 -0.591783 0.777426
    outer loop
      vertex -6.98909 18.0167 19.6173
      vertex -7.74674 18.2895 19.6173
      vertex -8.10658 17.5423 18.9499
    endloop
  endfacet
  facet normal -0.359582 -0.362561 0.859797
    outer loop
      vertex -7.92193 17.2617 18.9088
      vertex -6.98909 18.0167 19.6173
      vertex -8.10658 17.5423 18.9499
    endloop
  endfacet
  facet normal -0.606598 0.633105 0.480849
    outer loop
      vertex -7.09476 15.1108 19.9362
      vertex -6.33538 15.3902 20.5263
      vertex -6.35588 15.4298 20.4483
    endloop
  endfacet
  facet normal -0.606721 0.632734 0.481183
    outer loop
      vertex -6.33538 15.3902 20.5263
      vertex -7.09476 15.1108 19.9362
      vertex -7.8887 14.3495 19.9362
    endloop
  endfacet
  facet normal 0.37994 0.340625 -0.860012
    outer loop
      vertex -8.20188 16.2717 23.298
      vertex -8.76474 15.4619 22.7286
      vertex -10.2757 15.4622 22.0612
    endloop
  endfacet
  facet normal 0.500706 0.12292 -0.856845
    outer loop
      vertex -9.2845 16.0769 22.7286
      vertex -10.2757 15.4622 22.0612
      vertex -10.4677 16.2443 22.0612
    endloop
  endfacet
  facet normal 0.376801 0.361371 -0.852896
    outer loop
      vertex -8.76474 15.4619 22.7286
      vertex -9.7183 14.881 22.0612
      vertex -10.2757 15.4622 22.0612
    endloop
  endfacet
  facet normal 0.206258 0.572841 -0.793291
    outer loop
      vertex -8.76474 15.4619 22.7286
      vertex -8.00709 15.1891 22.7286
      vertex -9.7183 14.881 22.0612
    endloop
  endfacet
  facet normal 0.103806 -0.864326 0.492103
    outer loop
      vertex -7.74674 18.2895 19.6173
      vertex -7.73543 18.4242 19.8515
      vertex -8.05307 18.3023 19.7044
    endloop
  endfacet
  facet normal -0.608359 0.626092 0.487759
    outer loop
      vertex -6.41633 15.5028 20.2792
      vertex -7.09476 15.1108 19.9362
      vertex -6.35588 15.4298 20.4483
    endloop
  endfacet
  facet normal -0.608357 0.626144 0.487694
    outer loop
      vertex -7.09476 15.1108 19.9362
      vertex -6.41633 15.5028 20.2792
      vertex -7.58181 15.4058 18.9499
    endloop
  endfacet
  facet normal -0.393872 -0.332766 0.856815
    outer loop
      vertex -7.35123 17.0419 19.0723
      vertex -7.44653 17.1547 19.0723
      vertex -7.54923 16.9611 18.9499
    endloop
  endfacet
  facet normal -0.422959 -0.267915 0.865637
    outer loop
      vertex -7.36171 16.9817 19.0479
      vertex -7.54923 16.9611 18.9499
      vertex -7.65316 16.8444 18.863
    endloop
  endfacet
  facet normal -0.17641 -0.607096 0.7748
    outer loop
      vertex -8.10658 17.5423 18.9499
      vertex -7.74674 18.2895 19.6173
      vertex -8.87986 17.767 18.9499
    endloop
  endfacet
  facet normal -0.608841 0.720432 0.3321
    outer loop
      vertex -6.97212 14.8165 20.6035
      vertex -6.33538 15.3902 20.5263
      vertex -7.8887 14.3495 19.9362
    endloop
  endfacet
  facet normal -0.225017 0.91606 -0.331966
    outer loop
      vertex -6.97212 14.8165 21.7424
      vertex -7.8887 14.3495 21.075
      vertex -8.95695 14.0871 21.075
    endloop
  endfacet
  facet normal -0.584692 0.169865 0.793273
    outer loop
      vertex -6.32674 16.6091 19.6173
      vertex -7.35715 16.1791 18.9499
      vertex -7.58181 15.4058 18.9499
    endloop
  endfacet
  facet normal 0.501672 0.0902836 -0.860334
    outer loop
      vertex -8.44432 16.7869 23.298
      vertex -8.39213 16.4969 23.298
      vertex -10.4677 16.2443 22.0612
    endloop
  endfacet
  facet normal -0.614765 0.221343 0.757014
    outer loop
      vertex -6.59951 15.8515 19.6173
      vertex -6.32674 16.6091 19.6173
      vertex -7.58181 15.4058 18.9499
    endloop
  endfacet
  facet normal -0.614757 0.614738 0.494137
    outer loop
      vertex -6.45293 15.5338 20.1951
      vertex -7.58181 15.4058 18.9499
      vertex -6.41633 15.5028 20.2792
    endloop
  endfacet
  facet normal -0.614676 0.61489 0.494048
    outer loop
      vertex -6.5995 15.6738 19.8385
      vertex -7.58181 15.4058 18.9499
      vertex -6.45293 15.5338 20.1951
    endloop
  endfacet
  facet normal -0.614662 0.614923 0.494024
    outer loop
      vertex -7.58181 15.4058 18.9499
      vertex -6.5995 15.6738 19.8385
      vertex -6.59951 15.8515 19.6173
    endloop
  endfacet
  facet normal -0.496931 -0.110623 0.860711
    outer loop
      vertex -7.62151 16.7747 18.8713
      vertex -7.30277 16.8671 19.0672
      vertex -7.36171 16.9817 19.0479
    endloop
  endfacet
  facet normal -0.496732 -0.111351 0.860731
    outer loop
      vertex -7.30277 16.8671 19.0672
      vertex -7.62151 16.7747 18.8713
      vertex -7.58607 16.6854 18.8802
    endloop
  endfacet
  facet normal -0.490623 -0.120494 0.863001
    outer loop
      vertex -7.36171 16.9817 19.0479
      vertex -7.63433 16.8269 18.8713
      vertex -7.62151 16.7747 18.8713
    endloop
  endfacet
  facet normal -0.491198 -0.119297 0.86284
    outer loop
      vertex -7.63433 16.8269 18.8713
      vertex -7.36171 16.9817 19.0479
      vertex -7.65316 16.8444 18.863
    endloop
  endfacet
  facet normal 0.381795 0.336874 -0.860668
    outer loop
      vertex -9.41141 15.9374 22.6306
      vertex -8.20188 16.2717 23.298
      vertex -10.2757 15.4622 22.0612
    endloop
  endfacet
  facet normal 0.499751 0.10397 -0.859906
    outer loop
      vertex -8.39213 16.4969 23.298
      vertex -9.2845 16.0769 22.7286
      vertex -10.4677 16.2443 22.0612
    endloop
  endfacet
  facet normal 0.386017 0.326109 -0.862927
    outer loop
      vertex -8.39213 16.4969 23.298
      vertex -8.20188 16.2717 23.298
      vertex -9.41141 15.9374 22.6306
    endloop
  endfacet
  facet normal 0.465393 0.184712 -0.865616
    outer loop
      vertex -9.2845 16.0769 22.7286
      vertex -8.39213 16.4969 23.298
      vertex -9.41141 15.9374 22.6306
    endloop
  endfacet
  facet normal 0.471092 0.178304 -0.863875
    outer loop
      vertex -9.2845 16.0769 22.7286
      vertex -9.41141 15.9374 22.6306
      vertex -10.2757 15.4622 22.0612
    endloop
  endfacet
  facet normal 0.694241 -0.522409 -0.495094
    outer loop
      vertex -11.161 16.5665 21.2576
      vertex -11.2914 16.3408 21.3129
      vertex -11.4118 16.4037 21.0777
    endloop
  endfacet
  facet normal 0.648213 -0.188294 -0.737811
    outer loop
      vertex -10.2431 17.0175 22.0612
      vertex -10.4677 16.2443 22.0612
      vertex -11.2914 16.3408 21.3129
    endloop
  endfacet
  facet normal -0.403615 -0.387163 0.828975
    outer loop
      vertex -7.80506 17.1398 18.9088
      vertex -8.59933 16.4536 18.2016
      vertex -7.54923 16.9611 18.9499
    endloop
  endfacet
  facet normal -0.403713 -0.387054 0.828978
    outer loop
      vertex -7.92193 17.2617 18.9088
      vertex -8.59933 16.4536 18.2016
      vertex -7.80506 17.1398 18.9088
    endloop
  endfacet
  facet normal -0.403692 -0.387073 0.82898
    outer loop
      vertex -8.59933 16.4536 18.2016
      vertex -7.92193 17.2617 18.9088
      vertex -8.10658 17.5423 18.9499
    endloop
  endfacet
  facet normal -0.660362 0.688675 0.299415
    outer loop
      vertex -7.8887 14.3495 19.9362
      vertex -7.09476 15.1108 19.9362
      vertex -8.77414 13.8258 19.1879
    endloop
  endfacet
  facet normal 0.12325 -0.860219 0.494806
    outer loop
      vertex -8.87986 17.767 18.9499
      vertex -8.87723 17.8926 19.1676
      vertex -9.13434 17.7616 19.0039
    endloop
  endfacet
  facet normal 0.534578 0.131235 -0.834867
    outer loop
      vertex -10.4677 16.2443 22.0612
      vertex -10.2757 15.4622 22.0612
      vertex -11.4671 15.5549 21.3129
    endloop
  endfacet
  facet normal 0.692466 -0.521813 -0.498198
    outer loop
      vertex -11.2914 16.3408 21.3129
      vertex -10.3587 17.0876 21.8271
      vertex -10.2431 17.0175 22.0612
    endloop
  endfacet
  facet normal 0.692501 -0.522083 -0.497868
    outer loop
      vertex -10.3587 17.0876 21.8271
      vertex -11.2914 16.3408 21.3129
      vertex -11.161 16.5665 21.2576
    endloop
  endfacet
  facet normal -0.157901 0.856018 -0.49224
    outer loop
      vertex -8.94502 14.6564 22.0612
      vertex -8.95695 14.0871 21.075
      vertex -9.82381 13.4969 20.3267
    endloop
  endfacet
  facet normal 0.151728 0.678632 -0.718635
    outer loop
      vertex -8.94502 14.6564 22.0612
      vertex -9.84765 14.0658 21.3129
      vertex -10.6335 14.2415 21.3129
    endloop
  endfacet
  facet normal 0.533684 0.167245 -0.828982
    outer loop
      vertex -10.2757 15.4622 22.0612
      vertex -11.2263 14.7865 21.3129
      vertex -11.4671 15.5549 21.3129
    endloop
  endfacet
  facet normal -0.509079 0.86072 0
    outer loop
      vertex -7.8887 14.3495 19.9362
      vertex -8.77414 13.8258 20.3267
      vertex -7.8887 14.3495 21.075
    endloop
  endfacet
  facet normal -0.509079 0.86072 0
    outer loop
      vertex -8.77414 13.8258 20.3267
      vertex -7.8887 14.3495 19.9362
      vertex -8.77414 13.8258 19.1879
    endloop
  endfacet
  facet normal -0.37261 -0.405182 0.834859
    outer loop
      vertex -8.59933 16.4536 18.2016
      vertex -8.10658 17.5423 18.9499
      vertex -9.19208 16.9987 18.2016
    endloop
  endfacet
  facet normal 0.65569 -0.14659 -0.740663
    outer loop
      vertex -11.2914 16.3408 21.3129
      vertex -10.4677 16.2443 22.0612
      vertex -11.4671 15.5549 21.3129
    endloop
  endfacet
  facet normal 0.392723 0.376641 -0.838994
    outer loop
      vertex -10.2757 15.4622 22.0612
      vertex -9.7183 14.881 22.0612
      vertex -11.2263 14.7865 21.3129
    endloop
  endfacet
  facet normal -0.519283 -0.162732 0.838966
    outer loop
      vertex -7.63433 16.8269 18.8713
      vertex -8.59933 16.4536 18.2016
      vertex -8.35853 15.6852 18.2016
    endloop
  endfacet
  facet normal -0.519519 -0.16205 0.838952
    outer loop
      vertex -8.59933 16.4536 18.2016
      vertex -7.65316 16.8444 18.863
      vertex -7.54923 16.9611 18.9499
    endloop
  endfacet
  facet normal -0.519773 -0.161387 0.838922
    outer loop
      vertex -8.59933 16.4536 18.2016
      vertex -7.63433 16.8269 18.8713
      vertex -7.65316 16.8444 18.863
    endloop
  endfacet
  facet normal -0.147203 -0.658774 0.7378
    outer loop
      vertex -9.19208 16.9987 18.2016
      vertex -8.87986 17.767 18.9499
      vertex -9.97794 17.1743 18.2016
    endloop
  endfacet
  facet normal -0.18748 -0.645192 0.740661
    outer loop
      vertex -8.10658 17.5423 18.9499
      vertex -8.87986 17.767 18.9499
      vertex -9.19208 16.9987 18.2016
    endloop
  endfacet
  facet normal -0.14762 0.85517 -0.496883
    outer loop
      vertex -8.94502 14.6564 22.0612
      vertex -9.82381 13.4969 20.3267
      vertex -9.84765 14.0658 21.3129
    endloop
  endfacet
  facet normal 0.38301 0.416603 -0.824467
    outer loop
      vertex -9.7183 14.881 22.0612
      vertex -10.6335 14.2415 21.3129
      vertex -11.2263 14.7865 21.3129
    endloop
  endfacet
  facet normal 0.181957 0.626462 -0.757917
    outer loop
      vertex -9.7183 14.881 22.0612
      vertex -8.94502 14.6564 22.0612
      vertex -10.6335 14.2415 21.3129
    endloop
  endfacet
  facet normal -0.636584 0.142286 0.757968
    outer loop
      vertex -7.35715 16.1791 18.9499
      vertex -8.35853 15.6852 18.2016
      vertex -8.53419 14.8993 18.2016
    endloop
  endfacet
  facet normal -0.661101 0.607916 0.439754
    outer loop
      vertex -7.09476 15.1108 19.9362
      vertex -8.02958 14.6355 19.1879
      vertex -8.77414 13.8258 19.1879
    endloop
  endfacet
  facet normal -0.674046 0.550833 0.492183
    outer loop
      vertex -8.02958 14.6355 19.1879
      vertex -7.09476 15.1108 19.9362
      vertex -8.53419 14.8993 18.2016
    endloop
  endfacet
  facet normal -0.549546 -0.13497 0.824489
    outer loop
      vertex -7.58607 16.6854 18.8802
      vertex -8.35853 15.6852 18.2016
      vertex -7.35715 16.1791 18.9499
    endloop
  endfacet
  facet normal -0.548929 -0.135649 0.824789
    outer loop
      vertex -7.62151 16.7747 18.8713
      vertex -8.35853 15.6852 18.2016
      vertex -7.58607 16.6854 18.8802
    endloop
  endfacet
  facet normal -0.549607 -0.13498 0.824447
    outer loop
      vertex -8.35853 15.6852 18.2016
      vertex -7.62151 16.7747 18.8713
      vertex -7.63433 16.8269 18.8713
    endloop
  endfacet
  facet normal -0.214243 0.8722 -0.439735
    outer loop
      vertex -8.95695 14.0871 21.075
      vertex -7.8887 14.3495 21.075
      vertex -9.82381 13.4969 20.3267
    endloop
  endfacet
  facet normal -0.285267 0.910416 -0.29961
    outer loop
      vertex -7.8887 14.3495 21.075
      vertex -8.77414 13.8258 20.3267
      vertex -9.82381 13.4969 20.3267
    endloop
  endfacet
  facet normal -0.667803 0.194011 0.718609
    outer loop
      vertex -7.58181 15.4058 18.9499
      vertex -7.35715 16.1791 18.9499
      vertex -8.53419 14.8993 18.2016
    endloop
  endfacet
  facet normal -0.678291 0.541339 0.496864
    outer loop
      vertex -7.09476 15.1108 19.9362
      vertex -7.58181 15.4058 18.9499
      vertex -8.53419 14.8993 18.2016
    endloop
  endfacet
  facet normal 0.123603 -0.858183 0.498242
    outer loop
      vertex -9.97794 17.1743 18.2016
      vertex -9.13434 17.7616 19.0039
      vertex -9.9844 17.3285 18.4688
    endloop
  endfacet
  facet normal 0.123889 -0.858276 0.49801
    outer loop
      vertex -9.13434 17.7616 19.0039
      vertex -9.97794 17.1743 18.2016
      vertex -8.87986 17.767 18.9499
    endloop
  endfacet
  facet normal -0.712521 0.159259 0.683337
    outer loop
      vertex -8.53419 14.8993 18.2016
      vertex -8.35853 15.6852 18.2016
      vertex -9.45288 14.3341 17.3754
    endloop
  endfacet
  facet normal 0.742918 -0.448085 -0.497285
    outer loop
      vertex -12.1756 15.8403 20.4483
      vertex -12.2952 15.5995 20.4866
      vertex -12.4099 15.6506 20.2692
    endloop
  endfacet
  facet normal 0.693596 -0.155064 -0.703477
    outer loop
      vertex -11.2914 16.3408 21.3129
      vertex -11.4671 15.5549 21.3129
      vertex -12.2952 15.5995 20.4866
    endloop
  endfacet
  facet normal 0.741801 -0.447558 -0.499423
    outer loop
      vertex -11.2914 16.3408 21.3129
      vertex -11.7557 16.1803 20.7671
      vertex -11.4118 16.4037 21.0777
    endloop
  endfacet
  facet normal 0.741724 -0.447856 -0.49927
    outer loop
      vertex -12.2952 15.5995 20.4866
      vertex -11.7557 16.1803 20.7671
      vertex -11.2914 16.3408 21.3129
    endloop
  endfacet
  facet normal 0.741708 -0.447811 -0.499334
    outer loop
      vertex -11.7557 16.1803 20.7671
      vertex -12.2952 15.5995 20.4866
      vertex -12.1756 15.8403 20.4483
    endloop
  endfacet
  facet normal -0.733057 0.462476 0.498742
    outer loop
      vertex -8.02958 14.6355 19.1879
      vertex -8.53419 14.8993 18.2016
      vertex -9.45288 14.3341 17.3754
    endloop
  endfacet
  facet normal -0.710429 0.575266 0.405414
    outer loop
      vertex -8.02958 14.6355 19.1879
      vertex -8.93271 14.1025 18.3616
      vertex -9.62496 13.2476 18.3616
    endloop
  endfacet
  facet normal -0.167651 0.852189 -0.495647
    outer loop
      vertex -9.84765 14.0658 21.3129
      vertex -9.82381 13.4969 20.3267
      vertex -10.6519 12.8534 19.5004
    endloop
  endfacet
  facet normal 0.380082 0.46942 -0.796984
    outer loop
      vertex -10.6335 14.2415 21.3129
      vertex -11.5068 13.5457 20.4866
      vertex -12.1326 14.0524 20.4866
    endloop
  endfacet
  facet normal 0.561687 0.176021 -0.808409
    outer loop
      vertex -11.4671 15.5549 21.3129
      vertex -11.2263 14.7865 21.3129
      vertex -12.4211 14.8042 20.4866
    endloop
  endfacet
  facet normal -0.680342 0.107762 0.724929
    outer loop
      vertex -8.35853 15.6852 18.2016
      vertex -9.32691 15.1294 17.3754
      vertex -9.45288 14.3341 17.3754
    endloop
  endfacet
  facet normal -0.730624 0.469597 0.495648
    outer loop
      vertex -8.93271 14.1025 18.3616
      vertex -8.02958 14.6355 19.1879
      vertex -9.45288 14.3341 17.3754
    endloop
  endfacet
  facet normal -0.160013 0.851823 -0.498792
    outer loop
      vertex -9.84765 14.0658 21.3129
      vertex -10.6519 12.8534 19.5004
      vertex -10.7114 13.4197 20.4866
    endloop
  endfacet
  facet normal -0.57633 -0.180609 0.797009
    outer loop
      vertex -8.35853 15.6852 18.2016
      vertex -8.59933 16.4536 18.2016
      vertex -9.32691 15.1294 17.3754
    endloop
  endfacet
  facet normal 0.143284 -0.85574 0.497171
    outer loop
      vertex -9.97794 17.1743 18.2016
      vertex -10 17.3205 18.4596
      vertex -10.2619 17.1504 18.2423
    endloop
  endfacet
  facet normal 0.145464 -0.855382 0.497154
    outer loop
      vertex -10 17.3205 18.4596
      vertex -9.97794 17.1743 18.2016
      vertex -9.9844 17.3285 18.4688
    endloop
  endfacet
  facet normal -0.111125 -0.701966 0.703488
    outer loop
      vertex -10.2413 16.388 17.3754
      vertex -9.97794 17.1743 18.2016
      vertex -11.0366 16.5139 17.3754
    endloop
  endfacet
  facet normal 0.114238 0.721149 -0.683296
    outer loop
      vertex -9.84765 14.0658 21.3129
      vertex -10.7114 13.4197 20.4866
      vertex -11.5068 13.5457 20.4866
    endloop
  endfacet
  facet normal -0.562072 0.827088 0
    outer loop
      vertex -8.77414 13.8258 19.1879
      vertex -9.62496 13.2476 19.5004
      vertex -8.77414 13.8258 20.3267
    endloop
  endfacet
  facet normal -0.562072 0.827088 0
    outer loop
      vertex -9.62496 13.2476 19.5004
      vertex -8.77414 13.8258 19.1879
      vertex -9.62496 13.2476 18.3616
    endloop
  endfacet
  facet normal -0.708038 0.651077 0.273461
    outer loop
      vertex -8.77414 13.8258 19.1879
      vertex -8.02958 14.6355 19.1879
      vertex -9.62496 13.2476 18.3616
    endloop
  endfacet
  facet normal 0.699007 -0.110656 -0.706502
    outer loop
      vertex -12.2952 15.5995 20.4866
      vertex -11.4671 15.5549 21.3129
      vertex -12.4211 14.8042 20.4866
    endloop
  endfacet
  facet normal 0.394064 0.428626 -0.813015
    outer loop
      vertex -11.2263 14.7865 21.3129
      vertex -10.6335 14.2415 21.3129
      vertex -12.1326 14.0524 20.4866
    endloop
  endfacet
  facet normal 0.150299 0.672239 -0.724918
    outer loop
      vertex -10.6335 14.2415 21.3129
      vertex -9.84765 14.0658 21.3129
      vertex -11.5068 13.5457 20.4866
    endloop
  endfacet
  facet normal -0.15433 -0.690671 0.70651
    outer loop
      vertex -9.19208 16.9987 18.2016
      vertex -9.97794 17.1743 18.2016
      vertex -10.2413 16.388 17.3754
    endloop
  endfacet
  facet normal -0.370399 -0.457378 0.808461
    outer loop
      vertex -9.61549 15.8812 17.3754
      vertex -9.19208 16.9987 18.2016
      vertex -10.2413 16.388 17.3754
    endloop
  endfacet
  facet normal -0.404361 -0.439708 0.801966
    outer loop
      vertex -8.59933 16.4536 18.2016
      vertex -9.19208 16.9987 18.2016
      vertex -9.61549 15.8812 17.3754
    endloop
  endfacet
  facet normal 0.142981 -0.854404 0.499551
    outer loop
      vertex -11.0366 16.5139 17.3754
      vertex -10.2619 17.1504 18.2423
      vertex -11.0498 16.6388 17.5928
    endloop
  endfacet
  facet normal 0.143473 -0.854526 0.499201
    outer loop
      vertex -10.2619 17.1504 18.2423
      vertex -11.0366 16.5139 17.3754
      vertex -9.97794 17.1743 18.2016
    endloop
  endfacet
  facet normal 0.557766 0.21404 -0.801925
    outer loop
      vertex -11.2263 14.7865 21.3129
      vertex -12.1326 14.0524 20.4866
      vertex -12.4211 14.8042 20.4866
    endloop
  endfacet
  facet normal -0.344706 0.898003 -0.273438
    outer loop
      vertex -8.77414 13.8258 20.3267
      vertex -9.62496 13.2476 19.5004
      vertex -10.6519 12.8534 19.5004
    endloop
  endfacet
  facet normal -0.273328 0.872314 -0.405414
    outer loop
      vertex -9.82381 13.4969 20.3267
      vertex -8.77414 13.8258 20.3267
      vertex -10.6519 12.8534 19.5004
    endloop
  endfacet
  facet normal -0.543532 -0.208636 0.813046
    outer loop
      vertex -9.32691 15.1294 17.3754
      vertex -8.59933 16.4536 18.2016
      vertex -9.61549 15.8812 17.3754
    endloop
  endfacet
  facet normal 0.731309 -0.11577 -0.672149
    outer loop
      vertex -12.2952 15.5995 20.4866
      vertex -12.4211 14.8042 20.4866
      vertex -13.2504 14.7967 19.5856
    endloop
  endfacet
  facet normal 0.573301 0.262456 -0.776172
    outer loop
      vertex -12.1326 14.0524 20.4866
      vertex -12.991 13.2629 19.5856
      vertex -13.3262 13.9951 19.5856
    endloop
  endfacet
  facet normal -0.716372 0.0677323 0.694423
    outer loop
      vertex -9.32691 15.1294 17.3754
      vertex -10.2585 14.5139 16.4744
      vertex -10.3343 13.7122 16.4744
    endloop
  endfacet
  facet normal -0.778611 0.379444 0.499787
    outer loop
      vertex -8.93271 14.1025 18.3616
      vertex -9.45288 14.3341 17.3754
      vertex -10.3343 13.7122 16.4744
    endloop
  endfacet
  facet normal 0.580505 0.222766 -0.783191
    outer loop
      vertex -12.4211 14.8042 20.4866
      vertex -12.1326 14.0524 20.4866
      vertex -13.3262 13.9951 19.5856
    endloop
  endfacet
  facet normal -0.331967 0.864815 -0.376687
    outer loop
      vertex -10.6519 12.8534 19.5004
      vertex -9.62496 13.2476 19.5004
      vertex -11.438 12.1592 18.5994
    endloop
  endfacet
  facet normal 0.387309 0.478346 -0.788147
    outer loop
      vertex -12.1326 14.0524 20.4866
      vertex -11.5068 13.5457 20.4866
      vertex -12.991 13.2629 19.5856
    endloop
  endfacet
  facet normal -0.178531 0.848575 -0.498044
    outer loop
      vertex -10.7114 13.4197 20.4866
      vertex -10.6519 12.8534 19.5004
      vertex -11.438 12.1592 18.5994
    endloop
  endfacet
  facet normal -0.559617 -0.256192 0.788159
    outer loop
      vertex -10.2585 14.5139 16.4744
      vertex -9.61549 15.8812 17.3754
      vertex -10.5937 15.2461 16.4744
    endloop
  endfacet
  facet normal -0.594711 -0.228281 0.770848
    outer loop
      vertex -9.32691 15.1294 17.3754
      vertex -9.61549 15.8812 17.3754
      vertex -10.2585 14.5139 16.4744
    endloop
  endfacet
  facet normal 0.163993 -0.851014 0.49888
    outer loop
      vertex -11.0366 16.5139 17.3754
      vertex -11.0498 16.6388 17.5928
      vertex -11.3026 16.4746 17.3958
    endloop
  endfacet
  facet normal -0.755086 0.536585 0.376725
    outer loop
      vertex -8.93271 14.1025 18.3616
      vertex -9.80058 13.5138 17.4606
      vertex -10.4378 12.6171 17.4606
    endloop
  endfacet
  facet normal 0.782877 -0.370194 -0.50006
    outer loop
      vertex -12.2952 15.5995 20.4866
      vertex -13.1399 15.0594 19.564
      vertex -12.4099 15.6506 20.2692
    endloop
  endfacet
  facet normal 0.782864 -0.370403 -0.499925
    outer loop
      vertex -13.1399 15.0594 19.564
      vertex -12.2952 15.5995 20.4866
      vertex -13.2504 14.7967 19.5856
    endloop
  endfacet
  facet normal 0.78355 -0.370592 -0.49871
    outer loop
      vertex -13.2504 14.7967 19.5856
      vertex -13.3826 14.8629 19.3287
      vertex -13.1399 15.0594 19.564
    endloop
  endfacet
  facet normal 0.782669 -0.372424 -0.498728
    outer loop
      vertex -13.3826 14.8629 19.3287
      vertex -13.2504 14.7967 19.5856
      vertex -13.395 14.8505 19.3185
    endloop
  endfacet
  facet normal -0.173963 0.848514 -0.499761
    outer loop
      vertex -10.7114 13.4197 20.4866
      vertex -11.438 12.1592 18.5994
      vertex -11.5329 12.7206 19.5856
    endloop
  endfacet
  facet normal -0.612905 0.790157 0
    outer loop
      vertex -9.62496 13.2476 18.3616
      vertex -10.4378 12.6171 18.5994
      vertex -9.62496 13.2476 19.5004
    endloop
  endfacet
  facet normal -0.612905 0.790157 0
    outer loop
      vertex -10.4378 12.6171 18.5994
      vertex -9.62496 13.2476 18.3616
      vertex -10.4378 12.6171 17.4606
    endloop
  endfacet
  facet normal 0.16398 -0.850291 0.500116
    outer loop
      vertex -11.7557 16.1803 17.044
      vertex -11.0366 16.5139 17.3754
      vertex -11.3026 16.4746 17.3958
    endloop
  endfacet
  facet normal 0.164159 -0.850384 0.499899
    outer loop
      vertex -12.0518 15.7883 16.4744
      vertex -11.7557 16.1803 17.044
      vertex -12.0744 15.9222 16.7096
    endloop
  endfacet
  facet normal 0.164112 -0.85038 0.499922
    outer loop
      vertex -11.7557 16.1803 17.044
      vertex -12.0518 15.7883 16.4744
      vertex -11.0366 16.5139 17.3754
    endloop
  endfacet
  facet normal -0.396803 -0.489982 0.776186
    outer loop
      vertex -9.61549 15.8812 17.3754
      vertex -10.2413 16.388 17.3754
      vertex -10.5937 15.2461 16.4744
    endloop
  endfacet
  facet normal -0.77751 0.383988 0.498028
    outer loop
      vertex -9.80058 13.5138 17.4606
      vertex -8.93271 14.1025 18.3616
      vertex -10.3343 13.7122 16.4744
    endloop
  endfacet
  facet normal 0.0714276 0.755455 -0.651295
    outer loop
      vertex -10.7114 13.4197 20.4866
      vertex -11.5329 12.7206 19.5856
      vertex -12.3346 12.7964 19.5856
    endloop
  endfacet
  facet normal 0.36902 0.519238 -0.770854
    outer loop
      vertex -11.5068 13.5457 20.4866
      vertex -12.3346 12.7964 19.5856
      vertex -12.991 13.2629 19.5856
    endloop
  endfacet
  facet normal 0.112579 0.710676 -0.694453
    outer loop
      vertex -11.5068 13.5457 20.4866
      vertex -10.7114 13.4197 20.4866
      vertex -12.3346 12.7964 19.5856
    endloop
  endfacet
  facet normal -0.402793 0.87983 -0.252304
    outer loop
      vertex -9.62496 13.2476 19.5004
      vertex -10.4378 12.6171 18.5994
      vertex -11.438 12.1592 18.5994
    endloop
  endfacet
  facet normal -0.752017 0.608941 0.252311
    outer loop
      vertex -9.62496 13.2476 18.3616
      vertex -8.93271 14.1025 18.3616
      vertex -10.4378 12.6171 17.4606
    endloop
  endfacet
  facet normal -0.749501 0.118716 0.651272
    outer loop
      vertex -9.45288 14.3341 17.3754
      vertex -9.32691 15.1294 17.3754
      vertex -10.3343 13.7122 16.4744
    endloop
  endfacet
  facet normal -0.115329 -0.728526 0.67524
    outer loop
      vertex -10.2413 16.388 17.3754
      vertex -11.0366 16.5139 17.3754
      vertex -11.2501 15.7126 16.4744
    endloop
  endfacet
  facet normal -0.360191 -0.506815 0.7832
    outer loop
      vertex -10.5937 15.2461 16.4744
      vertex -10.2413 16.388 17.3754
      vertex -11.2501 15.7126 16.4744
    endloop
  endfacet
  facet normal 0.734288 -0.069435 -0.675277
    outer loop
      vertex -13.2504 14.7967 19.5856
      vertex -12.4211 14.8042 20.4866
      vertex -13.3262 13.9951 19.5856
    endloop
  endfacet
  facet normal -0.0696077 -0.73718 0.672102
    outer loop
      vertex -11.2501 15.7126 16.4744
      vertex -11.0366 16.5139 17.3754
      vertex -12.0518 15.7883 16.4744
    endloop
  endfacet
  facet normal -0.745004 0.0234202 0.666649
    outer loop
      vertex -10.2585 14.5139 16.4744
      vertex -11.1496 13.8411 15.5022
      vertex -11.1749 13.0363 15.5022
    endloop
  endfacet
  facet normal 0.0701594 0.742042 -0.666672
    outer loop
      vertex -12.3346 12.7964 19.5856
      vertex -11.5329 12.7206 19.5856
      vertex -13.1137 11.9967 18.6135
    endloop
  endfacet
  facet normal -0.792339 0.563058 0.234873
    outer loop
      vertex -10.4378 12.6171 17.4606
      vertex -9.80058 13.5138 17.4606
      vertex -11.2094 11.9368 16.4885
    endloop
  endfacet
  facet normal -0.661335 0.75009 0
    outer loop
      vertex -10.4378 12.6171 17.4606
      vertex -11.2094 11.9368 17.6273
      vertex -10.4378 12.6171 18.5994
    endloop
  endfacet
  facet normal -0.661335 0.75009 0
    outer loop
      vertex -11.2094 11.9368 17.6273
      vertex -10.4378 12.6171 17.4606
      vertex -11.2094 11.9368 16.4885
    endloop
  endfacet
  facet normal 0.761782 -0.0720348 -0.643816
    outer loop
      vertex -13.2504 14.7967 19.5856
      vertex -13.3262 13.9951 19.5856
      vertex -14.1534 13.9355 18.6135
    endloop
  endfacet
  facet normal -0.191214 0.844996 -0.499419
    outer loop
      vertex -11.5329 12.7206 19.5856
      vertex -11.438 12.1592 18.5994
      vertex -12.1789 11.417 17.6273
    endloop
  endfacet
  facet normal 0.591483 0.27078 -0.759491
    outer loop
      vertex -13.3262 13.9951 19.5856
      vertex -12.991 13.2629 19.5856
      vertex -14.1787 13.1307 18.6135
    endloop
  endfacet
  facet normal -0.381837 -0.537272 0.752023
    outer loop
      vertex -10.5937 15.2461 16.4744
      vertex -11.2501 15.7126 16.4744
      vertex -11.5301 14.5508 15.5022
    endloop
  endfacet
  facet normal 0.186098 -0.846062 0.499547
    outer loop
      vertex -12.0518 15.7883 16.4744
      vertex -12.0744 15.9222 16.7096
      vertex -12.3068 15.7341 16.4776
    endloop
  endfacet
  facet normal 0.762091 -0.0239574 -0.647026
    outer loop
      vertex -14.1534 13.9355 18.6135
      vertex -13.3262 13.9951 19.5856
      vertex -14.1787 13.1307 18.6135
    endloop
  endfacet
  facet normal 0.350674 0.565641 -0.746377
    outer loop
      vertex -12.3346 12.7964 19.5856
      vertex -13.1137 11.9967 18.6135
      vertex -13.7981 12.421 18.6135
    endloop
  endfacet
  facet normal -0.814371 0.295613 0.499413
    outer loop
      vertex -10.6298 12.8717 16.4885
      vertex -9.80058 13.5138 17.4606
      vertex -11.1749 13.0363 15.5022
    endloop
  endfacet
  facet normal -0.795291 0.493048 0.352726
    outer loop
      vertex -9.80058 13.5138 17.4606
      vertex -10.6298 12.8717 16.4885
      vertex -11.2094 11.9368 16.4885
    endloop
  endfacet
  facet normal -0.814619 0.293938 0.499996
    outer loop
      vertex -9.80058 13.5138 17.4606
      vertex -10.3343 13.7122 16.4744
      vertex -11.1749 13.0363 15.5022
    endloop
  endfacet
  facet normal -0.779163 0.0736692 0.622477
    outer loop
      vertex -10.3343 13.7122 16.4744
      vertex -10.2585 14.5139 16.4744
      vertex -11.1749 13.0363 15.5022
    endloop
  endfacet
  facet normal 0.0245906 0.782234 -0.6225
    outer loop
      vertex -11.5329 12.7206 19.5856
      vertex -12.3089 11.9714 18.6135
      vertex -13.1137 11.9967 18.6135
    endloop
  endfacet
  facet normal -0.459295 0.85665 -0.234942
    outer loop
      vertex -10.4378 12.6171 18.5994
      vertex -11.2094 11.9368 17.6273
      vertex -12.1789 11.417 17.6273
    endloop
  endfacet
  facet normal 0.580856 0.311503 -0.752045
    outer loop
      vertex -12.991 13.2629 19.5856
      vertex -13.7981 12.421 18.6135
      vertex -14.1787 13.1307 18.6135
    endloop
  endfacet
  facet normal 0.373255 0.525197 -0.764754
    outer loop
      vertex -12.991 13.2629 19.5856
      vertex -12.3346 12.7964 19.5856
      vertex -13.7981 12.421 18.6135
    endloop
  endfacet
  facet normal -0.024042 -0.764876 0.643728
    outer loop
      vertex -12.2145 14.9752 15.5022
      vertex -12.0518 15.7883 16.4744
      vertex -13.0194 15.0005 15.5022
    endloop
  endfacet
  facet normal -0.605134 -0.277029 0.746369
    outer loop
      vertex -10.2585 14.5139 16.4744
      vertex -10.5937 15.2461 16.4744
      vertex -11.1496 13.8411 15.5022
    endloop
  endfacet
  facet normal 0.186596 -0.845799 0.499805
    outer loop
      vertex -13.0194 15.0005 15.5022
      vertex -12.3068 15.7341 16.4776
      vertex -13.0502 15.1321 15.7364
    endloop
  endfacet
  facet normal 0.186033 -0.845717 0.500155
    outer loop
      vertex -12.3068 15.7341 16.4776
      vertex -13.0194 15.0005 15.5022
      vertex -12.0518 15.7883 16.4744
    endloop
  endfacet
  facet normal -0.189473 0.845033 -0.500018
    outer loop
      vertex -11.5329 12.7206 19.5856
      vertex -12.1789 11.417 17.6273
      vertex -12.3089 11.9714 18.6135
    endloop
  endfacet
  facet normal -0.567887 -0.304468 0.764725
    outer loop
      vertex -11.1496 13.8411 15.5022
      vertex -10.5937 15.2461 16.4744
      vertex -11.5301 14.5508 15.5022
    endloop
  endfacet
  facet normal -0.0716843 -0.759172 0.646931
    outer loop
      vertex -11.2501 15.7126 16.4744
      vertex -12.0518 15.7883 16.4744
      vertex -12.2145 14.9752 15.5022
    endloop
  endfacet
  facet normal -0.342848 -0.552887 0.759454
    outer loop
      vertex -11.5301 14.5508 15.5022
      vertex -11.2501 15.7126 16.4744
      vertex -12.2145 14.9752 15.5022
    endloop
  endfacet
  facet normal 0.815707 -0.290653 -0.500143
    outer loop
      vertex -13.2504 14.7967 19.5856
      vertex -14.0696 14.1759 18.6103
      vertex -13.395 14.8505 19.3185
    endloop
  endfacet
  facet normal 0.815715 -0.291001 -0.499928
    outer loop
      vertex -14.0696 14.1759 18.6103
      vertex -13.2504 14.7967 19.5856
      vertex -14.1534 13.9355 18.6135
    endloop
  endfacet
  facet normal 0.815985 -0.291089 -0.499435
    outer loop
      vertex -14.0696 14.1759 18.6103
      vertex -14.1534 13.9355 18.6135
      vertex -14.2736 13.9719 18.3959
    endloop
  endfacet
  facet normal -0.389506 0.850806 -0.352724
    outer loop
      vertex -11.438 12.1592 18.5994
      vertex -10.4378 12.6171 18.5994
      vertex -12.1789 11.417 17.6273
    endloop
  endfacet
  facet normal -0.445647 0.831194 -0.33244
    outer loop
      vertex -12.1789 11.417 17.6273
      vertex -11.2094 11.9368 17.6273
      vertex -12.8717 10.6298 16.5878
    endloop
  endfacet
  facet normal 0.840253 -0.211019 -0.499446
    outer loop
      vertex -14.2736 13.9719 18.3959
      vertex -14.1534 13.9355 18.6135
      vertex -14.5101 13.7355 18.0979
    endloop
  endfacet
  facet normal 0.595229 0.319211 -0.737433
    outer loop
      vertex -14.1787 13.1307 18.6135
      vertex -13.7981 12.421 18.6135
      vertex -14.9752 12.2145 17.574
    endloop
  endfacet
  facet normal -0.568861 -0.352671 0.74298
    outer loop
      vertex -11.9967 13.1137 14.4628
      vertex -11.5301 14.5508 15.5022
      vertex -12.421 13.7981 14.4628
    endloop
  endfacet
  facet normal -0.829006 0.51395 0.220463
    outer loop
      vertex -11.2094 11.9368 16.4885
      vertex -10.6298 12.8717 16.4885
      vertex -11.9368 11.2094 15.449
    endloop
  endfacet
  facet normal 0.782942 0.0246098 -0.621607
    outer loop
      vertex -14.1787 13.1307 18.6135
      vertex -14.9752 12.2145 17.574
      vertex -15.0005 13.0194 17.574
    endloop
  endfacet
  facet normal -0.707107 0.707107 0
    outer loop
      vertex -11.9368 11.2094 16.5878
      vertex -11.2094 11.9368 16.4885
      vertex -11.9368 11.2094 15.449
    endloop
  endfacet
  facet normal -0.707107 0.707107 0
    outer loop
      vertex -11.2094 11.9368 16.4885
      vertex -11.9368 11.2094 16.5878
      vertex -11.2094 11.9368 17.6273
    endloop
  endfacet
  facet normal -0.206403 0.84106 -0.500016
    outer loop
      vertex -12.3089 11.9714 18.6135
      vertex -12.1789 11.417 17.6273
      vertex -13.0363 11.1749 17.574
    endloop
  endfacet
  facet normal 0.209924 -0.84032 0.499794
    outer loop
      vertex -13.3826 14.8629 15.4234
      vertex -13.0194 15.0005 15.5022
      vertex -13.0502 15.1321 15.7364
    endloop
  endfacet
  facet normal 0.209988 -0.840398 0.499636
    outer loop
      vertex -13.7355 14.5101 14.9783
      vertex -13.0194 15.0005 15.5022
      vertex -13.3826 14.8629 15.4234
    endloop
  endfacet
  facet normal 0.20953 -0.840232 0.500107
    outer loop
      vertex -13.0194 15.0005 15.5022
      vertex -13.7355 14.5101 14.9783
      vertex -13.9355 14.1534 14.4628
    endloop
  endfacet
  facet normal -0.0252107 0.801959 -0.596847
    outer loop
      vertex -12.3089 11.9714 18.6135
      vertex -13.0363 11.1749 17.574
      vertex -13.8411 11.1496 17.574
    endloop
  endfacet
  facet normal 0.785509 -0.0246936 -0.618358
    outer loop
      vertex -14.1534 13.9355 18.6135
      vertex -14.1787 13.1307 18.6135
      vertex -15.0005 13.0194 17.574
    endloop
  endfacet
  facet normal 0.840272 -0.209638 -0.499995
    outer loop
      vertex -15.0005 13.0194 17.574
      vertex -14.5101 13.7355 18.0979
      vertex -14.1534 13.9355 18.6135
    endloop
  endfacet
  facet normal 0.84032 -0.209773 -0.499857
    outer loop
      vertex -14.5101 13.7355 18.0979
      vertex -15.0005 13.0194 17.574
      vertex -14.8629 13.3826 17.6529
    endloop
  endfacet
  facet normal 0.840272 -0.209733 -0.499955
    outer loop
      vertex -14.8629 13.3826 17.6529
      vertex -15.0005 13.0194 17.574
      vertex -15.1321 13.0502 17.3399
    endloop
  endfacet
  facet normal 0.0241006 0.766648 -0.641615
    outer loop
      vertex -13.1137 11.9967 18.6135
      vertex -12.3089 11.9714 18.6135
      vertex -13.8411 11.1496 17.574
    endloop
  endfacet
  facet normal -0.206514 0.84134 -0.499499
    outer loop
      vertex -12.1789 11.417 17.6273
      vertex -12.8717 10.6298 16.5878
      vertex -13.0363 11.1749 17.574
    endloop
  endfacet
  facet normal -0.51395 0.829006 -0.220463
    outer loop
      vertex -11.2094 11.9368 17.6273
      vertex -11.9368 11.2094 16.5878
      vertex -12.8717 10.6298 16.5878
    endloop
  endfacet
  facet normal 0.211182 -0.84021 0.49945
    outer loop
      vertex -13.9355 14.1534 14.4628
      vertex -13.7355 14.5101 14.9783
      vertex -13.9719 14.2736 14.6804
    endloop
  endfacet
  facet normal -0.831194 0.445647 0.33244
    outer loop
      vertex -10.6298 12.8717 16.4885
      vertex -11.417 12.1789 15.449
      vertex -11.9368 11.2094 15.449
    endloop
  endfacet
  facet normal 0.0246926 -0.78548 0.618394
    outer loop
      vertex -13.1307 14.1787 14.4628
      vertex -13.0194 15.0005 15.5022
      vertex -13.9355 14.1534 14.4628
    endloop
  endfacet
  facet normal 0.32606 0.608159 -0.723759
    outer loop
      vertex -13.1137 11.9967 18.6135
      vertex -13.8411 11.1496 17.574
      vertex -14.5508 11.5301 17.574
    endloop
  endfacet
  facet normal -0.841047 0.206457 0.500016
    outer loop
      vertex -11.417 12.1789 15.449
      vertex -11.1749 13.0363 15.5022
      vertex -11.9714 12.3089 14.4628
    endloop
  endfacet
  facet normal -0.801932 0.0252098 0.596884
    outer loop
      vertex -11.1749 13.0363 15.5022
      vertex -11.1496 13.8411 15.5022
      vertex -11.9714 12.3089 14.4628
    endloop
  endfacet
  facet normal -0.766618 -0.0240997 0.641651
    outer loop
      vertex -11.9714 12.3089 14.4628
      vertex -11.1496 13.8411 15.5022
      vertex -11.9967 13.1137 14.4628
    endloop
  endfacet
  facet normal -0.608129 -0.326043 0.723792
    outer loop
      vertex -11.1496 13.8411 15.5022
      vertex -11.5301 14.5508 15.5022
      vertex -11.9967 13.1137 14.4628
    endloop
  endfacet
  facet normal 0.35269 0.568892 -0.742948
    outer loop
      vertex -13.7981 12.421 18.6135
      vertex -13.1137 11.9967 18.6135
      vertex -14.5508 11.5301 17.574
    endloop
  endfacet
  facet normal 0.581145 0.360371 -0.72966
    outer loop
      vertex -13.7981 12.421 18.6135
      vertex -14.5508 11.5301 17.574
      vertex -14.9752 12.2145 17.574
    endloop
  endfacet
  facet normal -0.360352 -0.581115 0.729693
    outer loop
      vertex -11.5301 14.5508 15.5022
      vertex -12.2145 14.9752 15.5022
      vertex -12.421 13.7981 14.4628
    endloop
  endfacet
  facet normal -0.319194 -0.595198 0.737465
    outer loop
      vertex -12.421 13.7981 14.4628
      vertex -12.2145 14.9752 15.5022
      vertex -13.1307 14.1787 14.4628
    endloop
  endfacet
  facet normal -0.0246089 -0.782913 0.621644
    outer loop
      vertex -12.2145 14.9752 15.5022
      vertex -13.0194 15.0005 15.5022
      vertex -13.1307 14.1787 14.4628
    endloop
  endfacet
  facet normal -0.841346 0.206576 0.499463
    outer loop
      vertex -10.6298 12.8717 16.4885
      vertex -11.1749 13.0363 15.5022
      vertex -11.417 12.1789 15.449
    endloop
  endfacet
  facet normal 0.57465 0.408401 -0.709215
    outer loop
      vertex -14.5508 11.5301 17.574
      vertex -15.2461 10.5937 16.4714
      vertex -15.7126 11.2501 16.4714
    endloop
  endfacet
  facet normal 0.295983 0.646536 -0.703125
    outer loop
      vertex -13.8411 11.1496 17.574
      vertex -14.5139 10.2585 16.4714
      vertex -15.2461 10.5937 16.4714
    endloop
  endfacet
  facet normal 0.856834 -0.130406 -0.498829
    outer loop
      vertex -15.1321 13.0502 17.3399
      vertex -15.0005 13.0194 17.574
      vertex -15.3292 12.8067 17.065
    endloop
  endfacet
  facet normal -0.290064 -0.633606 0.717221
    outer loop
      vertex -13.2629 12.991 13.3601
      vertex -13.1307 14.1787 14.4628
      vertex -13.9951 13.3262 13.3601
    endloop
  endfacet
  facet normal 0.0756115 -0.799607 0.595745
    outer loop
      vertex -13.9951 13.3262 13.3601
      vertex -13.9355 14.1534 14.4628
      vertex -14.7967 13.2504 13.3601
    endloop
  endfacet
  facet normal -0.781766 -0.0739152 0.619176
    outer loop
      vertex -12.7206 11.5329 13.3601
      vertex -11.9967 13.1137 14.4628
      vertex -12.7964 12.3346 13.3601
    endloop
  endfacet
  facet normal -0.0246721 0.784825 -0.619226
    outer loop
      vertex -13.8411 11.1496 17.574
      vertex -13.0363 11.1749 17.574
      vertex -14.5139 10.2585 16.4714
    endloop
  endfacet
  facet normal -0.225318 0.837184 -0.498352
    outer loop
      vertex -12.8717 10.6298 16.5878
      vertex -13.5138 9.80058 15.4851
      vertex -13.7122 10.3343 16.4714
    endloop
  endfacet
  facet normal -0.224844 0.836423 -0.499841
    outer loop
      vertex -13.0363 11.1749 17.574
      vertex -12.8717 10.6298 16.5878
      vertex -13.7122 10.3343 16.4714
    endloop
  endfacet
  facet normal -0.604399 -0.374703 0.703064
    outer loop
      vertex -11.9967 13.1137 14.4628
      vertex -12.421 13.7981 14.4628
      vertex -12.7964 12.3346 13.3601
    endloop
  endfacet
  facet normal -0.862851 0.395021 0.315351
    outer loop
      vertex -11.417 12.1789 15.449
      vertex -12.1592 11.438 14.3463
      vertex -12.6171 10.4378 14.3463
    endloop
  endfacet
  facet normal 0.802788 0.0252336 -0.59573
    outer loop
      vertex -15.0005 13.0194 17.574
      vertex -14.9752 12.2145 17.574
      vertex -15.7883 12.0518 16.4714
    endloop
  endfacet
  facet normal 0.856676 -0.128062 -0.499706
    outer loop
      vertex -15.7883 12.0518 16.4714
      vertex -15.3292 12.8067 17.065
      vertex -15.0005 13.0194 17.574
    endloop
  endfacet
  facet normal 0.856646 -0.127989 -0.499777
    outer loop
      vertex -15.3292 12.8067 17.065
      vertex -15.7883 12.0518 16.4714
      vertex -15.9222 12.0744 16.2361
    endloop
  endfacet
  facet normal 0.326451 0.608889 -0.722969
    outer loop
      vertex -14.5508 11.5301 17.574
      vertex -13.8411 11.1496 17.574
      vertex -15.2461 10.5937 16.4714
    endloop
  endfacet
  facet normal -0.75009 0.661335 0
    outer loop
      vertex -12.6171 10.4378 15.4851
      vertex -11.9368 11.2094 15.449
      vertex -12.6171 10.4378 14.3463
    endloop
  endfacet
  facet normal -0.75009 0.661335 0
    outer loop
      vertex -11.9368 11.2094 15.449
      vertex -12.6171 10.4378 15.4851
      vertex -11.9368 11.2094 16.5878
    endloop
  endfacet
  facet normal -0.818366 -0.0257265 0.574121
    outer loop
      vertex -11.9714 12.3089 14.4628
      vertex -11.9967 13.1137 14.4628
      vertex -12.7206 11.5329 13.3601
    endloop
  endfacet
  facet normal -0.858035 0.118166 0.499812
    outer loop
      vertex -12.1592 11.438 14.3463
      vertex -11.9714 12.3089 14.4628
      vertex -12.7206 11.5329 13.3601
    endloop
  endfacet
  facet normal -0.858804 0.11852 0.498406
    outer loop
      vertex -11.417 12.1789 15.449
      vertex -11.9714 12.3089 14.4628
      vertex -12.1592 11.438 14.3463
    endloop
  endfacet
  facet normal -0.563178 -0.400247 0.722934
    outer loop
      vertex -12.7964 12.3346 13.3601
      vertex -12.421 13.7981 14.4628
      vertex -13.2629 12.991 13.3601
    endloop
  endfacet
  facet normal 0.0251597 -0.800338 0.599021
    outer loop
      vertex -13.1307 14.1787 14.4628
      vertex -13.9355 14.1534 14.4628
      vertex -13.9951 13.3262 13.3601
    endloop
  endfacet
  facet normal 0.592198 0.367225 -0.717249
    outer loop
      vertex -14.9752 12.2145 17.574
      vertex -14.5508 11.5301 17.574
      vertex -15.7126 11.2501 16.4714
    endloop
  endfacet
  facet normal -0.0770669 0.815099 -0.574173
    outer loop
      vertex -13.0363 11.1749 17.574
      vertex -13.7122 10.3343 16.4714
      vertex -14.5139 10.2585 16.4714
    endloop
  endfacet
  facet normal -0.500029 0.806551 -0.315353
    outer loop
      vertex -12.8717 10.6298 16.5878
      vertex -11.9368 11.2094 16.5878
      vertex -13.5138 9.80058 15.4851
    endloop
  endfacet
  facet normal -0.566551 0.797254 -0.20834
    outer loop
      vertex -11.9368 11.2094 16.5878
      vertex -12.6171 10.4378 15.4851
      vertex -13.5138 9.80058 15.4851
    endloop
  endfacet
  facet normal -0.861968 0.462147 0.208402
    outer loop
      vertex -11.9368 11.2094 15.449
      vertex -11.417 12.1789 15.449
      vertex -12.6171 10.4378 14.3463
    endloop
  endfacet
  facet normal -0.333208 -0.621329 0.709171
    outer loop
      vertex -12.421 13.7981 14.4628
      vertex -13.1307 14.1787 14.4628
      vertex -13.2629 12.991 13.3601
    endloop
  endfacet
  facet normal 0.797205 0.0752756 -0.598997
    outer loop
      vertex -14.9752 12.2145 17.574
      vertex -15.7126 11.2501 16.4714
      vertex -15.7883 12.0518 16.4714
    endloop
  endfacet
  facet normal 0.236959 -0.83366 0.498861
    outer loop
      vertex -14.7967 13.2504 13.3601
      vertex -14.6129 13.6326 13.9115
      vertex -14.8505 13.395 13.6273
    endloop
  endfacet
  facet normal 0.234314 -0.833843 0.499802
    outer loop
      vertex -14.6129 13.6326 13.9115
      vertex -13.9355 14.1534 14.4628
      vertex -13.9719 14.2736 14.6804
    endloop
  endfacet
  facet normal 0.234233 -0.83382 0.49988
    outer loop
      vertex -13.9355 14.1534 14.4628
      vertex -14.6129 13.6326 13.9115
      vertex -14.7967 13.2504 13.3601
    endloop
  endfacet
  facet normal 0.814053 0.0768664 -0.575682
    outer loop
      vertex -15.7883 12.0518 16.4714
      vertex -15.7126 11.2501 16.4714
      vertex -16.5139 11.0366 15.3098
    endloop
  endfacet
  facet normal 0.805324 0.127487 -0.578964
    outer loop
      vertex -15.7126 11.2501 16.4714
      vertex -16.388 10.2413 15.3098
      vertex -16.5139 11.0366 15.3098
    endloop
  endfacet
  facet normal 0.295325 0.645099 -0.70472
    outer loop
      vertex -15.2461 10.5937 16.4714
      vertex -14.5139 10.2585 16.4714
      vertex -15.8812 9.61549 15.3098
    endloop
  endfacet
  facet normal -0.246541 0.832113 -0.496795
    outer loop
      vertex -13.5138 9.80058 15.4851
      vertex -14.1025 8.93271 14.3236
      vertex -14.3341 9.45288 15.3098
    endloop
  endfacet
  facet normal 0.562048 0.455163 -0.690601
    outer loop
      vertex -15.2461 10.5937 16.4714
      vertex -15.8812 9.61549 15.3098
      vertex -16.388 10.2413 15.3098
    endloop
  endfacet
  facet normal -0.245586 0.831019 -0.499094
    outer loop
      vertex -13.7122 10.3343 16.4714
      vertex -13.5138 9.80058 15.4851
      vertex -14.3341 9.45288 15.3098
    endloop
  endfacet
  facet normal 0.0767554 -0.811704 0.579004
    outer loop
      vertex -13.9951 13.3262 13.3601
      vertex -14.7967 13.2504 13.3601
      vertex -14.8042 12.4211 12.1985
    endloop
  endfacet
  facet normal -0.594323 -0.422382 0.684378
    outer loop
      vertex -12.7964 12.3346 13.3601
      vertex -13.2629 12.991 13.3601
      vertex -13.5457 11.5068 12.1985
    endloop
  endfacet
  facet normal 0.583029 0.414356 -0.698846
    outer loop
      vertex -15.7126 11.2501 16.4714
      vertex -15.2461 10.5937 16.4714
      vertex -16.388 10.2413 15.3098
    endloop
  endfacet
  facet normal -0.891199 0.407998 0.198247
    outer loop
      vertex -12.6171 10.4378 14.3463
      vertex -12.1592 11.438 14.3463
      vertex -13.2476 9.62496 13.1848
    endloop
  endfacet
  facet normal -0.0753558 0.797002 -0.599257
    outer loop
      vertex -14.5139 10.2585 16.4714
      vertex -13.7122 10.3343 16.4714
      vertex -15.1294 9.32691 15.3098
    endloop
  endfacet
  facet normal -0.130226 0.822172 -0.554142
    outer loop
      vertex -13.7122 10.3343 16.4714
      vertex -14.3341 9.45288 15.3098
      vertex -15.1294 9.32691 15.3098
    endloop
  endfacet
  facet normal -0.867291 0.0318853 0.496779
    outer loop
      vertex -12.1592 11.438 14.3463
      vertex -12.7206 11.5329 13.3601
      vertex -12.8534 10.6519 13.1848
    endloop
  endfacet
  facet normal -0.890337 0.341764 0.300828
    outer loop
      vertex -12.1592 11.438 14.3463
      vertex -12.8534 10.6519 13.1848
      vertex -13.2476 9.62496 13.1848
    endloop
  endfacet
  facet normal -0.865981 0.0312258 0.499101
    outer loop
      vertex -12.8534 10.6519 13.1848
      vertex -12.7206 11.5329 13.3601
      vertex -13.4197 10.7114 12.1985
    endloop
  endfacet
  facet normal -0.82871 -0.0783538 0.554166
    outer loop
      vertex -12.7206 11.5329 13.3601
      vertex -12.7964 12.3346 13.3601
      vertex -13.4197 10.7114 12.1985
    endloop
  endfacet
  facet normal -0.552424 0.777375 -0.300859
    outer loop
      vertex -13.5138 9.80058 15.4851
      vertex -12.6171 10.4378 15.4851
      vertex -14.1025 8.93271 14.3236
    endloop
  endfacet
  facet normal -0.616811 0.761735 -0.198252
    outer loop
      vertex -12.6171 10.4378 15.4851
      vertex -13.2476 9.62496 14.3236
      vertex -14.1025 8.93271 14.3236
    endloop
  endfacet
  facet normal -0.790157 0.612905 0
    outer loop
      vertex -13.2476 9.62496 14.3236
      vertex -12.6171 10.4378 14.3463
      vertex -13.2476 9.62496 13.1848
    endloop
  endfacet
  facet normal -0.790157 0.612905 0
    outer loop
      vertex -12.6171 10.4378 14.3463
      vertex -13.2476 9.62496 14.3236
      vertex -12.6171 10.4378 15.4851
    endloop
  endfacet
  facet normal 0.864808 -0.0451116 -0.500072
    outer loop
      vertex -15.7883 12.0518 16.4714
      vertex -16.1803 11.7557 15.8202
      vertex -16.168 11.7709 15.8401
    endloop
  endfacet
  facet normal 0.865073 -0.0468162 -0.499457
    outer loop
      vertex -16.5139 11.0366 15.3098
      vertex -16.1803 11.7557 15.8202
      vertex -15.7883 12.0518 16.4714
    endloop
  endfacet
  facet normal 0.864924 -0.0465464 -0.49974
    outer loop
      vertex -16.1803 11.7557 15.8202
      vertex -16.5139 11.0366 15.3098
      vertex -16.6388 11.0498 15.0924
    endloop
  endfacet
  facet normal 0.865811 -0.0518468 -0.497679
    outer loop
      vertex -15.9222 12.0744 16.2361
      vertex -15.7883 12.0518 16.4714
      vertex -16.168 11.7709 15.8401
    endloop
  endfacet
  facet normal -0.790673 -0.125251 0.599289
    outer loop
      vertex -13.4197 10.7114 12.1985
      vertex -12.7964 12.3346 13.3601
      vertex -13.5457 11.5068 12.1985
    endloop
  endfacet
  facet normal 0.261291 0.680708 -0.684371
    outer loop
      vertex -14.5139 10.2585 16.4714
      vertex -15.1294 9.32691 15.3098
      vertex -15.8812 9.61549 15.3098
    endloop
  endfacet
  facet normal 0.127844 -0.807582 0.575731
    outer loop
      vertex -14.8042 12.4211 12.1985
      vertex -14.7967 13.2504 13.3601
      vertex -15.5995 12.2952 12.1985
    endloop
  endfacet
  facet normal -0.256265 -0.667799 0.698837
    outer loop
      vertex -14.0524 12.1326 12.1985
      vertex -13.9951 13.3262 13.3601
      vertex -14.8042 12.4211 12.1985
    endloop
  endfacet
  facet normal 0.25876 -0.826757 0.499515
    outer loop
      vertex -14.8629 13.3826 13.6132
      vertex -14.7967 13.2504 13.3601
      vertex -14.8505 13.395 13.6273
    endloop
  endfacet
  facet normal 0.260273 -0.826215 0.499627
    outer loop
      vertex -15.4549 12.6515 12.7126
      vertex -14.7967 13.2504 13.3601
      vertex -14.8629 13.3826 13.6132
    endloop
  endfacet
  facet normal 0.260592 -0.826276 0.499359
    outer loop
      vertex -14.7967 13.2504 13.3601
      vertex -15.4549 12.6515 12.7126
      vertex -15.5995 12.2952 12.1985
    endloop
  endfacet
  facet normal -0.301056 -0.657617 0.690584
    outer loop
      vertex -13.2629 12.991 13.3601
      vertex -13.9951 13.3262 13.3601
      vertex -14.0524 12.1326 12.1985
    endloop
  endfacet
  facet normal -0.551411 -0.446468 0.704707
    outer loop
      vertex -13.5457 11.5068 12.1985
      vertex -13.2629 12.991 13.3601
      vertex -14.0524 12.1326 12.1985
    endloop
  endfacet
  facet normal 0.265077 -0.825807 0.497772
    outer loop
      vertex -15.5995 12.2952 12.1985
      vertex -15.4549 12.6515 12.7126
      vertex -15.6506 12.4099 12.416
    endloop
  endfacet
  facet normal 0.819546 0.129738 -0.558132
    outer loop
      vertex -16.5139 11.0366 15.3098
      vertex -16.388 10.2413 15.3098
      vertex -17.1743 9.97794 14.094
    endloop
  endfacet
  facet normal 0.866026 0.0327478 -0.498925
    outer loop
      vertex -17.1743 9.97794 14.094
      vertex -16.8082 10.7889 14.7827
      vertex -16.5139 11.0366 15.3098
    endloop
  endfacet
  facet normal 0.86609 0.0326314 -0.498821
    outer loop
      vertex -16.8082 10.7889 14.7827
      vertex -17.1743 9.97794 14.094
      vertex -17.3205 10 13.8416
    endloop
  endfacet
  facet normal 0.866055 0.0293619 -0.499087
    outer loop
      vertex -17.3205 10 13.8416
      vertex -17.1743 9.97794 14.094
      vertex -17.3285 9.9844 13.8268
    endloop
  endfacet
  facet normal 0.18103 -0.80974 0.558167
    outer loop
      vertex -15.5549 11.4671 10.9827
      vertex -15.5995 12.2952 12.1985
      vertex -16.3408 11.2914 10.9827
    endloop
  endfacet
  facet normal 0.222633 0.710427 -0.667629
    outer loop
      vertex -15.1294 9.32691 15.3098
      vertex -15.6852 8.35853 14.094
      vertex -16.4536 8.59933 14.094
    endloop
  endfacet
  facet normal -0.793771 -0.177471 0.581749
    outer loop
      vertex -14.0658 9.84765 10.9827
      vertex -13.5457 11.5068 12.1985
      vertex -14.2415 10.6335 10.9827
    endloop
  endfacet
  facet normal 0.259939 0.677186 -0.688368
    outer loop
      vertex -15.8812 9.61549 15.3098
      vertex -15.1294 9.32691 15.3098
      vertex -16.4536 8.59933 14.094
    endloop
  endfacet
  facet normal -0.865526 -0.0535391 0.497994
    outer loop
      vertex -13.4969 9.82381 11.9689
      vertex -13.4197 10.7114 12.1985
      vertex -14.0658 9.84765 10.9827
    endloop
  endfacet
  facet normal 0.867477 0.0264486 -0.496774
    outer loop
      vertex -16.6388 11.0498 15.0924
      vertex -16.5139 11.0366 15.3098
      vertex -16.8082 10.7889 14.7827
    endloop
  endfacet
  facet normal 0.807622 0.180463 -0.561408
    outer loop
      vertex -16.388 10.2413 15.3098
      vertex -16.9987 9.19208 14.094
      vertex -17.1743 9.97794 14.094
    endloop
  endfacet
  facet normal -0.184058 0.823472 -0.536672
    outer loop
      vertex -14.3341 9.45288 15.3098
      vertex -14.8993 8.53419 14.094
      vertex -15.6852 8.35853 14.094
    endloop
  endfacet
  facet normal -0.127249 0.803377 -0.581715
    outer loop
      vertex -15.1294 9.32691 15.3098
      vertex -14.3341 9.45288 15.3098
      vertex -15.6852 8.35853 14.094
    endloop
  endfacet
  facet normal -0.602531 0.7441 -0.288569
    outer loop
      vertex -14.1025 8.93271 14.3236
      vertex -13.2476 9.62496 14.3236
      vertex -14.6355 8.02958 13.1077
    endloop
  endfacet
  facet normal -0.578601 -0.468484 0.667641
    outer loop
      vertex -13.5457 11.5068 12.1985
      vertex -14.0524 12.1326 12.1985
      vertex -14.2415 10.6335 10.9827
    endloop
  endfacet
  facet normal -0.867386 -0.0525647 0.494852
    outer loop
      vertex -12.8534 10.6519 13.1848
      vertex -13.4197 10.7114 12.1985
      vertex -13.4969 9.82381 11.9689
    endloop
  endfacet
  facet normal -0.833397 -0.132019 0.536675
    outer loop
      vertex -13.4197 10.7114 12.1985
      vertex -13.5457 11.5068 12.1985
      vertex -14.0658 9.84765 10.9827
    endloop
  endfacet
  facet normal -0.913658 0.286282 0.288569
    outer loop
      vertex -12.8534 10.6519 13.1848
      vertex -13.4969 9.82381 11.9689
      vertex -13.8258 8.77414 11.9689
    endloop
  endfacet
  facet normal -0.218606 -0.697578 0.682346
    outer loop
      vertex -14.7865 11.2263 10.9827
      vertex -14.8042 12.4211 12.1985
      vertex -15.5549 11.4671 10.9827
    endloop
  endfacet
  facet normal 0.288607 -0.817259 0.498793
    outer loop
      vertex -16.1803 11.7557 11.6506
      vertex -15.5995 12.2952 12.1985
      vertex -15.6506 12.4099 12.416
    endloop
  endfacet
  facet normal 0.289563 -0.817434 0.497951
    outer loop
      vertex -16.191 11.7393 11.6299
      vertex -15.5995 12.2952 12.1985
      vertex -16.1803 11.7557 11.6506
    endloop
  endfacet
  facet normal 0.288589 -0.817263 0.498797
    outer loop
      vertex -15.5995 12.2952 12.1985
      vertex -16.191 11.7393 11.6299
      vertex -16.3408 11.2914 10.9827
    endloop
  endfacet
  facet normal -0.827088 0.562072 0
    outer loop
      vertex -13.8258 8.77414 13.1077
      vertex -13.2476 9.62496 13.1848
      vertex -13.8258 8.77414 11.9689
    endloop
  endfacet
  facet normal -0.827088 0.562072 0
    outer loop
      vertex -13.2476 9.62496 13.1848
      vertex -13.8258 8.77414 13.1077
      vertex -13.2476 9.62496 14.3236
    endloop
  endfacet
  facet normal -0.664587 0.722731 -0.189694
    outer loop
      vertex -13.2476 9.62496 14.3236
      vertex -13.8258 8.77414 13.1077
      vertex -14.6355 8.02958 13.1077
    endloop
  endfacet
  facet normal -0.916634 0.351858 0.189678
    outer loop
      vertex -13.2476 9.62496 13.1848
      vertex -12.8534 10.6519 13.1848
      vertex -13.8258 8.77414 11.9689
    endloop
  endfacet
  facet normal -0.268852 0.824452 -0.497994
    outer loop
      vertex -14.3341 9.45288 15.3098
      vertex -14.1025 8.93271 14.3236
      vertex -14.8993 8.53419 14.094
    endloop
  endfacet
  facet normal -0.270447 0.825826 -0.494843
    outer loop
      vertex -14.1025 8.93271 14.3236
      vertex -14.6355 8.02958 13.1077
      vertex -14.8993 8.53419 14.094
    endloop
  endfacet
  facet normal 0.29478 -0.816322 0.496713
    outer loop
      vertex -16.3408 11.2914 10.9827
      vertex -16.191 11.7393 11.6299
      vertex -16.4037 11.4118 11.2179
    endloop
  endfacet
  facet normal 0.543782 0.500068 -0.673968
    outer loop
      vertex -15.8812 9.61549 15.3098
      vertex -16.4536 8.59933 14.094
      vertex -16.9987 9.19208 14.094
    endloop
  endfacet
  facet normal 0.568086 0.460053 -0.682371
    outer loop
      vertex -16.388 10.2413 15.3098
      vertex -15.8812 9.61549 15.3098
      vertex -16.9987 9.19208 14.094
    endloop
  endfacet
  facet normal -0.26468 -0.689727 0.67396
    outer loop
      vertex -14.7865 11.2263 10.9827
      vertex -14.0524 12.1326 12.1985
      vertex -14.8042 12.4211 12.1985
    endloop
  endfacet
  facet normal -0.533982 -0.490925 0.688371
    outer loop
      vertex -14.2415 10.6335 10.9827
      vertex -14.0524 12.1326 12.1985
      vertex -14.7865 11.2263 10.9827
    endloop
  endfacet
  facet normal 0.129388 -0.817335 0.561446
    outer loop
      vertex -15.5549 11.4671 10.9827
      vertex -14.8042 12.4211 12.1985
      vertex -15.5995 12.2952 12.1985
    endloop
  endfacet
  facet normal 0.819609 0.183141 -0.542864
    outer loop
      vertex -17.1743 9.97794 14.094
      vertex -16.9987 9.19208 14.094
      vertex -17.767 8.87986 12.8287
    endloop
  endfacet
  facet normal 0.860315 0.109352 -0.497895
    outer loop
      vertex -17.767 8.87986 12.8287
      vertex -17.481 9.68494 13.4997
      vertex -17.1743 9.97794 14.094
    endloop
  endfacet
  facet normal 0.86043 0.109179 -0.497736
    outer loop
      vertex -17.481 9.68494 13.4997
      vertex -17.767 8.87986 12.8287
      vertex -17.8926 8.87723 12.611
    endloop
  endfacet
  facet normal -0.238052 0.819396 -0.52146
    outer loop
      vertex -14.8993 8.53419 14.094
      vertex -15.4058 7.58181 12.8287
      vertex -16.1791 7.35715 12.8287
    endloop
  endfacet
  facet normal 0.318346 -0.806605 0.498041
    outer loop
      vertex -16.9169 10.6215 10.266
      vertex -16.3408 11.2914 10.9827
      vertex -16.4037 11.4118 11.2179
    endloop
  endfacet
  facet normal 0.31844 -0.806611 0.49797
    outer loop
      vertex -16.3408 11.2914 10.9827
      vertex -16.9169 10.6215 10.266
      vertex -17.0175 10.2431 9.7174
    endloop
  endfacet
  facet normal 0.862685 0.101793 -0.495391
    outer loop
      vertex -17.3285 9.9844 13.8268
      vertex -17.1743 9.97794 14.094
      vertex -17.481 9.68494 13.4997
    endloop
  endfacet
  facet normal 0.804425 0.23375 -0.546133
    outer loop
      vertex -16.9987 9.19208 14.094
      vertex -17.5423 8.10658 12.8287
      vertex -17.767 8.87986 12.8287
    endloop
  endfacet
  facet normal 0.220963 0.705099 -0.673803
    outer loop
      vertex -16.4536 8.59933 14.094
      vertex -15.6852 8.35853 14.094
      vertex -16.9611 7.54923 12.8287
    endloop
  endfacet
  facet normal -0.294745 0.816439 -0.49654
    outer loop
      vertex -14.8993 8.53419 14.094
      vertex -14.6355 8.02958 13.1077
      vertex -15.4058 7.58181 12.8287
    endloop
  endfacet
  facet normal 0.180704 0.735687 -0.652772
    outer loop
      vertex -15.6852 8.35853 14.094
      vertex -16.1791 7.35715 12.8287
      vertex -16.9611 7.54923 12.8287
    endloop
  endfacet
  facet normal -0.179774 0.804306 -0.566368
    outer loop
      vertex -15.6852 8.35853 14.094
      vertex -14.8993 8.53419 14.094
      vertex -16.1791 7.35715 12.8287
    endloop
  endfacet
  facet normal -0.29699 0.81793 -0.492735
    outer loop
      vertex -14.6355 8.02958 13.1077
      vertex -15.1108 7.09476 11.8424
      vertex -15.4058 7.58181 12.8287
    endloop
  endfacet
  facet normal 0.234266 -0.806477 0.542876
    outer loop
      vertex -16.2443 10.4677 9.7174
      vertex -16.3408 11.2914 10.9827
      vertex -17.0175 10.2431 9.7174
    endloop
  endfacet
  facet normal -0.938209 0.293975 0.182599
    outer loop
      vertex -13.8258 8.77414 11.9689
      vertex -13.4969 9.82381 11.9689
      vertex -14.3495 7.8887 10.7036
    endloop
  endfacet
  facet normal -0.859812 -0.133843 0.492756
    outer loop
      vertex -13.4969 9.82381 11.9689
      vertex -14.0658 9.84765 10.9827
      vertex -14.0871 8.95695 10.7036
    endloop
  endfacet
  facet normal -0.932813 0.229132 0.278133
    outer loop
      vertex -13.4969 9.82381 11.9689
      vertex -14.0871 8.95695 10.7036
      vertex -14.3495 7.8887 10.7036
    endloop
  endfacet
  facet normal 0.520473 0.542745 -0.659193
    outer loop
      vertex -16.4536 8.59933 14.094
      vertex -16.9611 7.54923 12.8287
      vertex -17.5423 8.10658 12.8287
    endloop
  endfacet
  facet normal 0.54795 0.503902 -0.667708
    outer loop
      vertex -16.9987 9.19208 14.094
      vertex -16.4536 8.59933 14.094
      vertex -17.5423 8.10658 12.8287
    endloop
  endfacet
  facet normal -0.650167 0.707049 -0.278147
    outer loop
      vertex -14.6355 8.02958 13.1077
      vertex -13.8258 8.77414 13.1077
      vertex -15.1108 7.09476 11.8424
    endloop
  endfacet
  facet normal -0.86072 0.509079 0
    outer loop
      vertex -14.3495 7.8887 11.8424
      vertex -13.8258 8.77414 11.9689
      vertex -14.3495 7.8887 10.7036
    endloop
  endfacet
  facet normal -0.86072 0.509079 0
    outer loop
      vertex -13.8258 8.77414 11.9689
      vertex -14.3495 7.8887 11.8424
      vertex -13.8258 8.77414 13.1077
    endloop
  endfacet
  facet normal -0.70967 0.680494 -0.182473
    outer loop
      vertex -13.8258 8.77414 13.1077
      vertex -14.3495 7.8887 11.8424
      vertex -15.1108 7.09476 11.8424
    endloop
  endfacet
  facet normal 0.326845 -0.804916 0.49526
    outer loop
      vertex -17.0175 10.2431 9.7174
      vertex -16.9169 10.6215 10.266
      vertex -17.0876 10.3587 9.95154
    endloop
  endfacet
  facet normal -0.224871 -0.71757 0.659186
    outer loop
      vertex -15.4622 10.2757 9.7174
      vertex -14.7865 11.2263 10.9827
      vertex -15.5549 11.4671 10.9827
    endloop
  endfacet
  facet normal -0.791485 -0.229888 0.566307
    outer loop
      vertex -14.6564 8.94502 9.7174
      vertex -14.2415 10.6335 10.9827
      vertex -14.881 9.7183 9.7174
    endloop
  endfacet
  facet normal 0.182768 -0.817516 0.546135
    outer loop
      vertex -16.2443 10.4677 9.7174
      vertex -15.5549 11.4671 10.9827
      vertex -16.3408 11.2914 10.9827
    endloop
  endfacet
  facet normal -0.177478 -0.722946 0.66772
    outer loop
      vertex -15.4622 10.2757 9.7174
      vertex -15.5549 11.4671 10.9827
      vertex -16.2443 10.4677 9.7174
    endloop
  endfacet
  facet normal -0.857408 -0.135101 0.496587
    outer loop
      vertex -14.0871 8.95695 10.7036
      vertex -14.0658 9.84765 10.9827
      vertex -14.6564 8.94502 9.7174
    endloop
  endfacet
  facet normal -0.8327 -0.186175 0.521488
    outer loop
      vertex -14.0658 9.84765 10.9827
      vertex -14.2415 10.6335 10.9827
      vertex -14.6564 8.94502 9.7174
    endloop
  endfacet
  facet normal -0.511462 -0.533301 0.673793
    outer loop
      vertex -14.881 9.7183 9.7174
      vertex -14.7865 11.2263 10.9827
      vertex -15.4622 10.2757 9.7174
    endloop
  endfacet
  facet normal -0.557706 -0.512736 0.652737
    outer loop
      vertex -14.2415 10.6335 10.9827
      vertex -14.7865 11.2263 10.9827
      vertex -14.881 9.7183 9.7174
    endloop
  endfacet
  facet normal -0.826981 -0.240198 0.508338
    outer loop
      vertex -14.6564 8.94502 9.7174
      vertex -14.881 9.7183 9.7174
      vertex -15.1891 8.00709 8.4076
    endloop
  endfacet
  facet normal 0.81451 0.236681 -0.529675
    outer loop
      vertex -17.767 8.87986 12.8287
      vertex -17.5423 8.10658 12.8287
      vertex -18.2895 7.74674 11.5189
    endloop
  endfacet
  facet normal -0.947811 0.170543 0.269386
    outer loop
      vertex -14.0871 8.95695 10.7036
      vertex -14.6217 8.05474 9.39383
      vertex -14.8165 6.97212 9.39383
    endloop
  endfacet
  facet normal -0.484357 -0.57311 0.661017
    outer loop
      vertex -15.4619 8.76474 8.4076
      vertex -15.4622 10.2757 9.7174
      vertex -16.0769 9.2845 8.4076
    endloop
  endfacet
  facet normal -0.323137 0.806596 -0.494959
    outer loop
      vertex -15.4058 7.58181 12.8287
      vertex -15.1108 7.09476 11.8424
      vertex -15.8515 6.59951 11.5189
    endloop
  endfacet
  facet normal -0.783847 -0.282232 0.553109
    outer loop
      vertex -15.1891 8.00709 8.4076
      vertex -14.881 9.7183 9.7174
      vertex -15.4619 8.76474 8.4076
    endloop
  endfacet
  facet normal -0.23243 0.800046 -0.553085
    outer loop
      vertex -16.1791 7.35715 12.8287
      vertex -15.4058 7.58181 12.8287
      vertex -16.6091 6.32674 11.5189
    endloop
  endfacet
  facet normal 0.492586 0.582858 -0.646248
    outer loop
      vertex -16.9611 7.54923 12.8287
      vertex -17.4017 6.46934 11.5189
      vertex -18.0167 6.98909 11.5189
    endloop
  endfacet
  facet normal -0.531984 -0.554699 0.639768
    outer loop
      vertex -15.4619 8.76474 8.4076
      vertex -14.881 9.7183 9.7174
      vertex -15.4622 10.2757 9.7174
    endloop
  endfacet
  facet normal -0.326077 0.808109 -0.490543
    outer loop
      vertex -15.1108 7.09476 11.8424
      vertex -15.5265 6.13194 10.5326
      vertex -15.8515 6.59951 11.5189
    endloop
  endfacet
  facet normal -0.842468 -0.212731 0.494968
    outer loop
      vertex -14.6217 8.05474 9.39383
      vertex -14.6564 8.94502 9.7174
      vertex -15.1891 8.00709 8.4076
    endloop
  endfacet
  facet normal 0.350404 -0.793927 0.496888
    outer loop
      vertex -17.3205 10 9.54265
      vertex -17.0175 10.2431 9.7174
      vertex -17.0876 10.3587 9.95154
    endloop
  endfacet
  facet normal 0.350409 -0.793928 0.496882
    outer loop
      vertex -17.547 9.5554 8.99199
      vertex -17.0175 10.2431 9.7174
      vertex -17.3205 10 9.54265
    endloop
  endfacet
  facet normal 0.350443 -0.793929 0.496857
    outer loop
      vertex -17.0175 10.2431 9.7174
      vertex -17.547 9.5554 8.99199
      vertex -17.6271 9.15432 8.4076
    endloop
  endfacet
  facet normal 0.523094 0.545478 -0.654849
    outer loop
      vertex -17.5423 8.10658 12.8287
      vertex -16.9611 7.54923 12.8287
      vertex -18.0167 6.98909 11.5189
    endloop
  endfacet
  facet normal -0.133826 -0.743832 0.654832
    outer loop
      vertex -16.0769 9.2845 8.4076
      vertex -16.2443 10.4677 9.7174
      vertex -16.8695 9.4271 8.4076
    endloop
  endfacet
  facet normal -0.695112 0.666535 -0.26935
    outer loop
      vertex -15.1108 7.09476 11.8424
      vertex -14.3495 7.8887 11.8424
      vertex -15.5265 6.13194 10.5326
    endloop
  endfacet
  facet normal -0.891015 0.453974 0
    outer loop
      vertex -14.8165 6.97212 10.5326
      vertex -14.3495 7.8887 10.7036
      vertex -14.8165 6.97212 9.39383
    endloop
  endfacet
  facet normal -0.891015 0.453974 0
    outer loop
      vertex -14.3495 7.8887 10.7036
      vertex -14.8165 6.97212 10.5326
      vertex -14.3495 7.8887 11.8424
    endloop
  endfacet
  facet normal -0.751803 0.635317 -0.176536
    outer loop
      vertex -14.3495 7.8887 11.8424
      vertex -14.8165 6.97212 10.5326
      vertex -15.5265 6.13194 10.5326
    endloop
  endfacet
  facet normal -0.845403 -0.21125 0.490578
    outer loop
      vertex -14.6217 8.05474 9.39383
      vertex -14.0871 8.95695 10.7036
      vertex -14.6564 8.94502 9.7174
    endloop
  endfacet
  facet normal -0.955884 0.234799 0.176509
    outer loop
      vertex -14.3495 7.8887 10.7036
      vertex -14.0871 8.95695 10.7036
      vertex -14.8165 6.97212 9.39383
    endloop
  endfacet
  facet normal 0.848289 0.183159 -0.496849
    outer loop
      vertex -18.2895 7.74674 11.5189
      vertex -18.0444 8.57934 12.2443
      vertex -17.767 8.87986 12.8287
    endloop
  endfacet
  facet normal 0.848434 0.182963 -0.496673
    outer loop
      vertex -18.0444 8.57934 12.2443
      vertex -18.2895 7.74674 11.5189
      vertex -18.2709 8.13473 11.6936
    endloop
  endfacet
  facet normal 0.848364 0.183012 -0.496774
    outer loop
      vertex -18.2709 8.13473 11.6936
      vertex -18.2895 7.74674 11.5189
      vertex -18.4242 7.73543 11.2847
    endloop
  endfacet
  facet normal 0.360039 -0.791494 0.493871
    outer loop
      vertex -17.6271 9.15432 8.4076
      vertex -17.547 9.5554 8.99199
      vertex -17.6988 9.2575 8.62523
    endloop
  endfacet
  facet normal 0.287347 -0.798058 0.529655
    outer loop
      vertex -16.8695 9.4271 8.4076
      vertex -17.0175 10.2431 9.7174
      vertex -17.6271 9.15432 8.4076
    endloop
  endfacet
  facet normal -0.291717 0.810223 -0.508371
    outer loop
      vertex -15.4058 7.58181 12.8287
      vertex -15.8515 6.59951 11.5189
      vertex -16.6091 6.32674 11.5189
    endloop
  endfacet
  facet normal 0.136093 0.756432 -0.639758
    outer loop
      vertex -16.1791 7.35715 12.8287
      vertex -16.6091 6.32674 11.5189
      vertex -17.4017 6.46934 11.5189
    endloop
  endfacet
  facet normal 0.178992 0.728714 -0.661013
    outer loop
      vertex -16.9611 7.54923 12.8287
      vertex -16.1791 7.35715 12.8287
      vertex -17.4017 6.46934 11.5189
    endloop
  endfacet
  facet normal 0.796131 0.286655 -0.53292
    outer loop
      vertex -17.5423 8.10658 12.8287
      vertex -18.0167 6.98909 11.5189
      vertex -18.2895 7.74674 11.5189
    endloop
  endfacet
  facet normal 0.852128 0.173539 -0.493724
    outer loop
      vertex -17.8926 8.87723 12.611
      vertex -17.767 8.87986 12.8287
      vertex -18.0444 8.57934 12.2443
    endloop
  endfacet
  facet normal -0.181942 -0.741128 0.64624
    outer loop
      vertex -16.0769 9.2845 8.4076
      vertex -15.4622 10.2757 9.7174
      vertex -16.2443 10.4677 9.7174
    endloop
  endfacet
  facet normal 0.23604 -0.812585 0.532908
    outer loop
      vertex -16.8695 9.4271 8.4076
      vertex -16.2443 10.4677 9.7174
      vertex -17.0175 10.2431 9.7174
    endloop
  endfacet
  facet normal -0.344574 0.796248 -0.49725
    outer loop
      vertex -15.8515 6.59951 11.5189
      vertex -16.2346 5.59116 10.1697
      vertex -16.9736 5.27136 10.1697
    endloop
  endfacet
  facet normal 0.804577 0.289696 -0.518394
    outer loop
      vertex -18.2895 7.74674 11.5189
      vertex -18.0167 6.98909 11.5189
      vertex -18.7398 6.58305 10.1697
    endloop
  endfacet
  facet normal 0.134573 0.747987 -0.649927
    outer loop
      vertex -17.4017 6.46934 11.5189
      vertex -16.6091 6.32674 11.5189
      vertex -17.7735 5.36391 10.1697
    endloop
  endfacet
  facet normal 0.830638 0.253418 -0.495802
    outer loop
      vertex -18.7398 6.58305 10.1697
      vertex -18.5365 7.44292 10.9498
      vertex -18.2895 7.74674 11.5189
    endloop
  endfacet
  facet normal 0.83045 0.253644 -0.496002
    outer loop
      vertex -18.5365 7.44292 10.9498
      vertex -18.7398 6.58305 10.1697
      vertex -18.8742 6.56321 9.93453
    endloop
  endfacet
  facet normal 0.783009 0.338831 -0.521622
    outer loop
      vertex -18.0167 6.98909 11.5189
      vertex -18.42 5.84402 10.1697
      vertex -18.7398 6.58305 10.1697
    endloop
  endfacet
  facet normal -0.136779 -0.760247 0.635072
    outer loop
      vertex -16.6282 8.2567 7.05848
      vertex -16.0769 9.2845 8.4076
      vertex -16.8695 9.4271 8.4076
    endloop
  endfacet
  facet normal 0.835769 0.242917 -0.492423
    outer loop
      vertex -18.4242 7.73543 11.2847
      vertex -18.2895 7.74674 11.5189
      vertex -18.5365 7.44292 10.9498
    endloop
  endfacet
  facet normal -0.357582 0.79598 -0.488417
    outer loop
      vertex -15.5265 6.13194 10.5326
      vertex -15.8809 5.14493 9.18352
      vertex -16.2346 5.59116 10.1697
    endloop
  endfacet
  facet normal -0.825044 -0.2842 0.488397
    outer loop
      vertex -15.0986 7.12074 8.04471
      vertex -14.6217 8.05474 9.39383
      vertex -15.1891 8.00709 8.4076
    endloop
  endfacet
  facet normal -0.353987 0.794563 -0.493318
    outer loop
      vertex -15.8515 6.59951 11.5189
      vertex -15.5265 6.13194 10.5326
      vertex -16.2346 5.59116 10.1697
    endloop
  endfacet
  facet normal 0.289025 -0.802716 0.521643
    outer loop
      vertex -17.4281 8.34925 7.05848
      vertex -16.8695 9.4271 8.4076
      vertex -17.6271 9.15432 8.4076
    endloop
  endfacet
  facet normal -0.958654 0.110981 0.262042
    outer loop
      vertex -14.6217 8.05474 9.39383
      vertex -15.0986 7.12074 8.04471
      vertex -15.2251 6.02803 8.04471
    endloop
  endfacet
  facet normal 0.460558 0.620172 -0.635037
    outer loop
      vertex -17.4017 6.46934 11.5189
      vertex -17.7735 5.36391 10.1697
      vertex -18.42 5.84402 10.1697
    endloop
  endfacet
  facet normal 0.493966 0.584491 -0.643714
    outer loop
      vertex -18.0167 6.98909 11.5189
      vertex -17.4017 6.46934 11.5189
      vertex -18.42 5.84402 10.1697
    endloop
  endfacet
  facet normal 0.0893953 0.772634 -0.628526
    outer loop
      vertex -16.6091 6.32674 11.5189
      vertex -16.9736 5.27136 10.1697
      vertex -17.7735 5.36391 10.1697
    endloop
  endfacet
  facet normal -0.284747 0.790867 -0.541709
    outer loop
      vertex -16.6091 6.32674 11.5189
      vertex -15.8515 6.59951 11.5189
      vertex -16.9736 5.27136 10.1697
    endloop
  endfacet
  facet normal -0.737101 0.622892 -0.262084
    outer loop
      vertex -15.5265 6.13194 10.5326
      vertex -14.8165 6.97212 10.5326
      vertex -15.8809 5.14493 9.18352
    endloop
  endfacet
  facet normal -0.917735 0.397194 0
    outer loop
      vertex -15.2251 6.02803 9.18352
      vertex -14.8165 6.97212 9.39383
      vertex -15.2251 6.02803 8.04471
    endloop
  endfacet
  facet normal -0.917735 0.397194 0
    outer loop
      vertex -14.8165 6.97212 9.39383
      vertex -15.2251 6.02803 9.18352
      vertex -14.8165 6.97212 10.5326
    endloop
  endfacet
  facet normal -0.790946 0.587365 -0.171484
    outer loop
      vertex -14.8165 6.97212 10.5326
      vertex -15.2251 6.02803 9.18352
      vertex -15.8809 5.14493 9.18352
    endloop
  endfacet
  facet normal -0.771425 -0.333819 0.541726
    outer loop
      vertex -15.6568 7.08164 7.09291
      vertex -15.4619 8.76474 8.4076
      vertex -15.9817 7.77658 7.05848
    endloop
  endfacet
  facet normal -0.0879535 -0.760173 0.64374
    outer loop
      vertex -16.6282 8.2567 7.05848
      vertex -16.8695 9.4271 8.4076
      vertex -17.4281 8.34925 7.05848
    endloop
  endfacet
  facet normal 0.383919 -0.778967 0.495799
    outer loop
      vertex -18.1104 8.44979 7.67493
      vertex -17.6271 9.15432 8.4076
      vertex -17.6988 9.2575 8.62523
    endloop
  endfacet
  facet normal 0.383821 -0.778971 0.495868
    outer loop
      vertex -17.6271 9.15432 8.4076
      vertex -18.1104 8.44979 7.67493
      vertex -18.1671 8.02944 7.05848
    endloop
  endfacet
  facet normal -0.969601 0.174464 0.17157
    outer loop
      vertex -14.8165 6.97212 9.39383
      vertex -14.6217 8.05474 9.39383
      vertex -15.2251 6.02803 8.04471
    endloop
  endfacet
  facet normal -0.821506 -0.285871 0.493361
    outer loop
      vertex -15.1891 8.00709 8.4076
      vertex -15.5253 7.1017 7.32317
      vertex -15.0986 7.12074 8.04471
    endloop
  endfacet
  facet normal -0.821571 -0.285781 0.493306
    outer loop
      vertex -15.5253 7.1017 7.32317
      vertex -15.1891 8.00709 8.4076
      vertex -15.6404 7.08168 7.11988
    endloop
  endfacet
  facet normal -0.816281 -0.293911 0.497294
    outer loop
      vertex -15.4619 8.76474 8.4076
      vertex -15.6404 7.08168 7.11988
      vertex -15.1891 8.00709 8.4076
    endloop
  endfacet
  facet normal -0.816571 -0.293639 0.496979
    outer loop
      vertex -15.6404 7.08168 7.11988
      vertex -15.4619 8.76474 8.4076
      vertex -15.6568 7.08164 7.09291
    endloop
  endfacet
  facet normal -0.453103 -0.61012 0.649962
    outer loop
      vertex -15.9817 7.77658 7.05848
      vertex -16.0769 9.2845 8.4076
      vertex -16.6282 8.2567 7.05848
    endloop
  endfacet
  facet normal -0.502048 -0.594043 0.628539
    outer loop
      vertex -15.9817 7.77658 7.05848
      vertex -15.4619 8.76474 8.4076
      vertex -16.0769 9.2845 8.4076
    endloop
  endfacet
  facet normal 0.339628 -0.784794 0.518412
    outer loop
      vertex -17.4281 8.34925 7.05848
      vertex -17.6271 9.15432 8.4076
      vertex -18.1671 8.02944 7.05848
    endloop
  endfacet
  facet normal 0.394638 -0.775634 0.492598
    outer loop
      vertex -18.1671 8.02944 7.05848
      vertex -18.1104 8.44979 7.67493
      vertex -18.263 8.15033 7.32566
    endloop
  endfacet
  facet normal 0.34111 -0.788218 0.512207
    outer loop
      vertex -17.918 7.23845 5.67536
      vertex -17.4281 8.34925 7.05848
      vertex -18.1671 8.02944 7.05848
    endloop
  endfacet
  facet normal 0.814236 0.309083 -0.491413
    outer loop
      vertex -18.8742 6.56321 9.93453
      vertex -18.7398 6.58305 10.1697
      vertex -19.0141 6.19862 9.47341
    endloop
  endfacet
  facet normal -0.803036 -0.34758 0.484067
    outer loop
      vertex -15.5159 6.15863 6.6616
      vertex -15.0986 7.12074 8.04471
      vertex -15.5253 7.1017 7.32317
    endloop
  endfacet
  facet normal 0.765225 0.389924 -0.512241
    outer loop
      vertex -18.42 5.84402 10.1697
      vertex -18.7506 4.67589 8.78663
      vertex -19.1162 5.39338 8.78663
    endloop
  endfacet
  facet normal 0.806772 0.321841 -0.495516
    outer loop
      vertex -18.7398 6.58305 10.1697
      vertex -19.0211 6.18034 9.45014
      vertex -19.0141 6.19862 9.47341
    endloop
  endfacet
  facet normal 0.808191 0.319466 -0.494742
    outer loop
      vertex -19.1162 5.39338 8.78663
      vertex -19.0211 6.18034 9.45014
      vertex -18.7398 6.58305 10.1697
    endloop
  endfacet
  facet normal 0.808183 0.319473 -0.494749
    outer loop
      vertex -19.0211 6.18034 9.45014
      vertex -19.1162 5.39338 8.78663
      vertex -19.239 5.36728 8.56918
    endloop
  endfacet
  facet normal 0.0882563 0.76279 -0.640595
    outer loop
      vertex -17.7735 5.36391 10.1697
      vertex -16.9736 5.27136 10.1697
      vertex -18.0753 4.23732 8.78663
    endloop
  endfacet
  facet normal -0.390888 0.777818 -0.492144
    outer loop
      vertex -16.2346 5.59116 10.1697
      vertex -15.8809 5.14493 9.18352
      vertex -17.2711 4.19517 8.78663
    endloop
  endfacet
  facet normal 0.430809 -0.75704 0.491216
    outer loop
      vertex -18.6355 6.87288 5.67536
      vertex -18.608 7.2565 6.24246
      vertex -18.7195 6.96618 5.89282
    endloop
  endfacet
  facet normal 0.460896 0.620628 -0.634347
    outer loop
      vertex -18.42 5.84402 10.1697
      vertex -17.7735 5.36391 10.1697
      vertex -18.7506 4.67589 8.78663
    endloop
  endfacet
  facet normal 0.789961 0.34184 -0.509025
    outer loop
      vertex -18.7398 6.58305 10.1697
      vertex -18.42 5.84402 10.1697
      vertex -19.1162 5.39338 8.78663
    endloop
  endfacet
  facet normal 0.419796 -0.760807 0.494919
    outer loop
      vertex -18.2709 8.13473 7.30838
      vertex -18.1671 8.02944 7.05848
      vertex -18.263 8.15033 7.32566
    endloop
  endfacet
  facet normal 0.41895 -0.761352 0.494797
    outer loop
      vertex -18.608 7.2565 6.24246
      vertex -18.1671 8.02944 7.05848
      vertex -18.2709 8.13473 7.30838
    endloop
  endfacet
  facet normal 0.41912 -0.761331 0.494685
    outer loop
      vertex -18.1671 8.02944 7.05848
      vertex -18.608 7.2565 6.24246
      vertex -18.6355 6.87288 5.67536
    endloop
  endfacet
  facet normal -0.776072 0.57632 -0.256062
    outer loop
      vertex -15.8809 5.14493 9.18352
      vertex -15.2251 6.02803 9.18352
      vertex -16.1726 4.1376 7.8004
    endloop
  endfacet
  facet normal 0.39077 -0.766959 0.508992
    outer loop
      vertex -17.918 7.23845 5.67536
      vertex -18.1671 8.02944 7.05848
      vertex -18.6355 6.87288 5.67536
    endloop
  endfacet
  facet normal -0.336227 0.776961 -0.532243
    outer loop
      vertex -16.9736 5.27136 10.1697
      vertex -16.2346 5.59116 10.1697
      vertex -17.2711 4.19517 8.78663
    endloop
  endfacet
  facet normal 0.0411044 0.784251 -0.619081
    outer loop
      vertex -16.9736 5.27136 10.1697
      vertex -17.2711 4.19517 8.78663
      vertex -18.0753 4.23732 8.78663
    endloop
  endfacet
  facet normal -0.418243 -0.644001 0.640574
    outer loop
      vertex -16.4385 6.75774 5.67536
      vertex -16.6282 8.2567 7.05848
      vertex -17.1138 7.19631 5.67536
    endloop
  endfacet
  facet normal -0.9409 0.338685 0
    outer loop
      vertex -15.5735 5.06014 7.8004
      vertex -15.2251 6.02803 8.04471
      vertex -15.5735 5.06014 6.6616
    endloop
  endfacet
  facet normal -0.9409 0.338685 0
    outer loop
      vertex -15.2251 6.02803 8.04471
      vertex -15.5735 5.06014 7.8004
      vertex -15.2251 6.02803 9.18352
    endloop
  endfacet
  facet normal -0.826827 0.536944 -0.167474
    outer loop
      vertex -15.2251 6.02803 9.18352
      vertex -15.5735 5.06014 7.8004
      vertex -16.1726 4.1376 7.8004
    endloop
  endfacet
  facet normal -0.393425 0.779538 -0.487377
    outer loop
      vertex -15.8809 5.14493 9.18352
      vertex -16.5875 4.50864 8.73619
      vertex -17.2711 4.19517 8.78663
    endloop
  endfacet
  facet normal -0.393375 0.779526 -0.487438
    outer loop
      vertex -16.5875 4.50864 8.73619
      vertex -15.8809 5.14493 9.18352
      vertex -16.5033 4.40763 8.5067
    endloop
  endfacet
  facet normal -0.397219 0.779677 -0.484067
    outer loop
      vertex -15.8809 5.14493 9.18352
      vertex -16.1726 4.1376 7.8004
      vertex -16.5033 4.40763 8.5067
    endloop
  endfacet
  facet normal -0.468227 -0.630486 0.619072
    outer loop
      vertex -16.4385 6.75774 5.67536
      vertex -15.9817 7.77658 7.05848
      vertex -16.6282 8.2567 7.05848
    endloop
  endfacet
  facet normal 0.424897 0.654247 -0.625639
    outer loop
      vertex -17.7735 5.36391 10.1697
      vertex -18.0753 4.23732 8.78663
      vertex -18.7506 4.67589 8.78663
    endloop
  endfacet
  facet normal -0.965339 0.0506182 0.256043
    outer loop
      vertex -15.0986 7.12074 8.04471
      vertex -15.5159 6.15863 6.6616
      vertex -15.5735 5.06014 6.6616
    endloop
  endfacet
  facet normal -0.979356 0.113377 0.167355
    outer loop
      vertex -15.2251 6.02803 8.04471
      vertex -15.0986 7.12074 8.04471
      vertex -15.5735 5.06014 6.6616
    endloop
  endfacet
  facet normal -0.800018 -0.349879 0.487397
    outer loop
      vertex -15.9817 7.77658 7.05848
      vertex -15.5159 6.15863 6.6616
      vertex -15.6568 7.08164 7.09291
    endloop
  endfacet
  facet normal -0.800004 -0.349895 0.487409
    outer loop
      vertex -15.6404 7.08168 7.11988
      vertex -15.5159 6.15863 6.6616
      vertex -15.5253 7.1017 7.32317
    endloop
  endfacet
  facet normal -0.800227 -0.349783 0.487123
    outer loop
      vertex -15.5159 6.15863 6.6616
      vertex -15.6404 7.08168 7.11988
      vertex -15.6568 7.08164 7.09291
    endloop
  endfacet
  facet normal -0.0404528 -0.772002 0.634332
    outer loop
      vertex -17.1138 7.19631 5.67536
      vertex -17.4281 8.34925 7.05848
      vertex -17.918 7.23845 5.67536
    endloop
  endfacet
  facet normal -0.0896645 -0.774961 0.625616
    outer loop
      vertex -17.1138 7.19631 5.67536
      vertex -16.6282 8.2567 7.05848
      vertex -17.4281 8.34925 7.05848
    endloop
  endfacet
  facet normal -0.796829 -0.350289 0.492301
    outer loop
      vertex -15.9817 7.77658 7.05848
      vertex -16.0642 6.20633 5.80766
      vertex -15.95 6.24284 6.01848
    endloop
  endfacet
  facet normal -0.796998 -0.350167 0.492115
    outer loop
      vertex -15.9817 7.77658 7.05848
      vertex -15.95 6.24284 6.01848
      vertex -15.5159 6.15863 6.6616
    endloop
  endfacet
  facet normal -0.754323 -0.384338 0.532241
    outer loop
      vertex -16.0642 6.20633 5.80766
      vertex -15.9817 7.77658 7.05848
      vertex -16.4385 6.75774 5.67536
    endloop
  endfacet
  facet normal 0.440458 -0.744752 0.501339
    outer loop
      vertex -18.3371 6.09909 4.26371
      vertex -18.6355 6.87288 5.67536
      vertex -19.0302 5.68918 4.26371
    endloop
  endfacet
  facet normal 0.789184 0.370123 -0.490099
    outer loop
      vertex -19.239 5.36728 8.56918
      vertex -19.1162 5.39338 8.78663
      vertex -19.3195 5.06689 8.2127
    endloop
  endfacet
  facet normal 0.455511 -0.740746 0.493767
    outer loop
      vertex -19.0211 6.18034 4.99214
      vertex -18.6355 6.87288 5.67536
      vertex -18.7195 6.96618 5.89282
    endloop
  endfacet
  facet normal 0.457219 -0.740501 0.492554
    outer loop
      vertex -19.0262 6.16142 4.96843
      vertex -18.6355 6.87288 5.67536
      vertex -19.0211 6.18034 4.99214
    endloop
  endfacet
  facet normal 0.45543 -0.740766 0.49381
    outer loop
      vertex -18.6355 6.87288 5.67536
      vertex -19.0262 6.16142 4.96843
      vertex -19.0302 5.68918 4.26371
    endloop
  endfacet
  facet normal -0.770065 -0.406931 0.491332
    outer loop
      vertex -16.4385 6.75774 5.67536
      vertex -16.4233 5.29543 4.48807
      vertex -16.3258 5.34073 4.6784
    endloop
  endfacet
  facet normal -0.770003 -0.406971 0.491396
    outer loop
      vertex -16.4385 6.75774 5.67536
      vertex -16.3258 5.34073 4.6784
      vertex -15.872 5.17223 5.24994
    endloop
  endfacet
  facet normal -0.0411462 -0.785235 0.61783
    outer loop
      vertex -17.5319 6.10752 4.26371
      vertex -17.1138 7.19631 5.67536
      vertex -17.918 7.23845 5.67536
    endloop
  endfacet
  facet normal 0.386023 0.685037 -0.617827
    outer loop
      vertex -18.0753 4.23732 8.78663
      vertex -18.3057 3.094 7.37498
      vertex -19.0072 3.4893 7.37498
    endloop
  endfacet
  facet normal -0.811777 0.52717 -0.251218
    outer loop
      vertex -16.1726 4.1376 7.8004
      vertex -15.5735 5.06014 7.8004
      vertex -16.4005 3.11395 6.38874
    endloop
  endfacet
  facet normal 0.781423 0.381481 -0.493811
    outer loop
      vertex -19.4171 4.18242 7.37498
      vertex -19.3195 5.06689 8.2127
      vertex -19.1162 5.39338 8.78663
    endloop
  endfacet
  facet normal 0.781315 0.381582 -0.493905
    outer loop
      vertex -19.4171 4.18242 7.37498
      vertex -19.563 4.15823 7.12549
      vertex -19.3195 5.06689 8.2127
    endloop
  endfacet
  facet normal 0.780666 0.383195 -0.493682
    outer loop
      vertex -19.563 4.15823 7.12549
      vertex -19.4171 4.18242 7.37498
      vertex -19.5657 4.14094 7.1078
    endloop
  endfacet
  facet normal 0.74317 0.439499 -0.504518
    outer loop
      vertex -18.7506 4.67589 8.78663
      vertex -19.0072 3.4893 7.37498
      vertex -19.4171 4.18242 7.37498
    endloop
  endfacet
  facet normal -0.967876 -0.0101193 0.251224
    outer loop
      vertex -15.8605 4.07229 5.24994
      vertex -15.5159 6.15863 6.6616
      vertex -15.872 5.17223 5.24994
    endloop
  endfacet
  facet normal -0.732826 -0.433458 0.524481
    outer loop
      vertex -16.4233 5.29543 4.48807
      vertex -16.4385 6.75774 5.67536
      vertex -16.8304 5.71222 4.26371
    endloop
  endfacet
  facet normal 0.391958 -0.769292 0.504538
    outer loop
      vertex -18.3371 6.09909 4.26371
      vertex -17.918 7.23845 5.67536
      vertex -18.6355 6.87288 5.67536
    endloop
  endfacet
  facet normal 0.770945 0.392838 -0.50132
    outer loop
      vertex -19.1162 5.39338 8.78663
      vertex -18.7506 4.67589 8.78663
      vertex -19.4171 4.18242 7.37498
    endloop
  endfacet
  facet normal -0.960293 0.278994 0
    outer loop
      vertex -15.8605 4.07229 6.38874
      vertex -15.5735 5.06014 6.6616
      vertex -15.8605 4.07229 5.24994
    endloop
  endfacet
  facet normal -0.960293 0.278994 0
    outer loop
      vertex -15.5735 5.06014 6.6616
      vertex -15.8605 4.07229 6.38874
      vertex -15.5735 5.06014 7.8004
    endloop
  endfacet
  facet normal -0.859396 0.484247 -0.164145
    outer loop
      vertex -15.5735 5.06014 7.8004
      vertex -15.8605 4.07229 6.38874
      vertex -16.4005 3.11395 6.38874
    endloop
  endfacet
  facet normal -0.432121 0.756185 -0.49138
    outer loop
      vertex -16.5033 4.40763 8.5067
      vertex -17.5004 3.10243 7.37498
      vertex -16.5875 4.50864 8.73619
    endloop
  endfacet
  facet normal -0.432086 0.756185 -0.491411
    outer loop
      vertex -17.5004 3.10243 7.37498
      vertex -16.5033 4.40763 8.5067
      vertex -16.1726 4.1376 7.8004
    endloop
  endfacet
  facet normal -0.447557 0.756738 -0.476487
    outer loop
      vertex -16.1726 4.1376 7.8004
      vertex -16.4005 3.11395 6.38874
      vertex -16.8458 3.23005 6.99139
    endloop
  endfacet
  facet normal -0.433816 0.757159 -0.488379
    outer loop
      vertex -16.1726 4.1376 7.8004
      vertex -16.9159 3.31958 7.19244
      vertex -17.5004 3.10243 7.37498
    endloop
  endfacet
  facet normal -0.433782 0.757154 -0.488416
    outer loop
      vertex -16.9159 3.31958 7.19244
      vertex -16.1726 4.1376 7.8004
      vertex -16.8458 3.23005 6.99139
    endloop
  endfacet
  facet normal 0.424489 0.653618 -0.626572
    outer loop
      vertex -18.7506 4.67589 8.78663
      vertex -18.0753 4.23732 8.78663
      vertex -19.0072 3.4893 7.37498
    endloop
  endfacet
  facet normal -0.985086 0.0516536 0.164128
    outer loop
      vertex -15.5735 5.06014 6.6616
      vertex -15.5159 6.15863 6.6616
      vertex -15.8605 4.07229 5.24994
    endloop
  endfacet
  facet normal 0.00815903 -0.779318 0.626575
    outer loop
      vertex -17.5319 6.10752 4.26371
      vertex -17.918 7.23845 5.67536
      vertex -18.3371 6.09909 4.26371
    endloop
  endfacet
  facet normal -0.386571 0.758627 -0.524451
    outer loop
      vertex -17.2711 4.19517 8.78663
      vertex -16.5875 4.50864 8.73619
      vertex -17.5004 3.10243 7.37498
    endloop
  endfacet
  facet normal -0.00828437 0.791388 -0.611258
    outer loop
      vertex -17.2711 4.19517 8.78663
      vertex -17.5004 3.10243 7.37498
      vertex -18.3057 3.094 7.37498
    endloop
  endfacet
  facet normal 0.0405258 0.773212 -0.632852
    outer loop
      vertex -18.0753 4.23732 8.78663
      vertex -17.2711 4.19517 8.78663
      vertex -18.3057 3.094 7.37498
    endloop
  endfacet
  facet normal -0.783357 -0.399127 0.476497
    outer loop
      vertex -15.872 5.17223 5.24994
      vertex -15.5159 6.15863 6.6616
      vertex -15.95 6.24284 6.01848
    endloop
  endfacet
  facet normal -0.771995 -0.406865 0.488348
    outer loop
      vertex -16.4385 6.75774 5.67536
      vertex -15.872 5.17223 5.24994
      vertex -16.0642 6.20633 5.80766
    endloop
  endfacet
  facet normal -0.771815 -0.406948 0.488564
    outer loop
      vertex -15.95 6.24284 6.01848
      vertex -16.0642 6.20633 5.80766
      vertex -15.872 5.17223 5.24994
    endloop
  endfacet
  facet normal 0.46775 -0.735473 0.490193
    outer loop
      vertex -19.0302 5.68918 4.26371
      vertex -19.0262 6.16142 4.96843
      vertex -19.1273 5.7842 4.49893
    endloop
  endfacet
  facet normal -0.380112 -0.674547 0.632852
    outer loop
      vertex -16.8304 5.71222 4.26371
      vertex -17.1138 7.19631 5.67536
      vertex -17.5319 6.10752 4.26371
    endloop
  endfacet
  facet normal -0.431061 -0.663738 0.611259
    outer loop
      vertex -16.8304 5.71222 4.26371
      vertex -16.4385 6.75774 5.67536
      vertex -17.1138 7.19631 5.67536
    endloop
  endfacet
  facet normal 0.00828217 -0.79108 0.611657
    outer loop
      vertex -17.8808 4.99463 2.82909
      vertex -17.5319 6.10752 4.26371
      vertex -18.3371 6.09909 4.26371
    endloop
  endfacet
  facet normal -0.966281 -0.0709925 0.247508
    outer loop
      vertex -16.0849 3.06836 3.81532
      vertex -15.872 5.17223 5.24994
      vertex -16.1655 4.16541 3.81532
    endloop
  endfacet
  facet normal 0.760222 0.427499 -0.48919
    outer loop
      vertex -19.5657 4.14094 7.1078
      vertex -19.4171 4.18242 7.37498
      vertex -19.6183 3.80898 6.73596
    endloop
  endfacet
  facet normal -0.473391 0.731458 -0.490784
    outer loop
      vertex -16.8458 3.23005 6.99139
      vertex -17.6607 1.99745 5.94036
      vertex -16.9159 3.31958 7.19244
    endloop
  endfacet
  facet normal -0.473441 0.731455 -0.490741
    outer loop
      vertex -17.6607 1.99745 5.94036
      vertex -16.8458 3.23005 6.99139
      vertex -16.4005 3.11395 6.38874
    endloop
  endfacet
  facet normal 0.751121 0.439002 -0.493046
    outer loop
      vertex -19.6414 2.95496 5.94036
      vertex -19.6183 3.80898 6.73596
      vertex -19.4171 4.18242 7.37498
    endloop
  endfacet
  facet normal 0.751136 0.43899 -0.493034
    outer loop
      vertex -19.6183 3.80898 6.73596
      vertex -19.6414 2.95496 5.94036
      vertex -19.7601 2.91364 5.72273
    endloop
  endfacet
  facet normal -0.0583142 0.794034 -0.605069
    outer loop
      vertex -17.5004 3.10243 7.37498
      vertex -17.6607 1.99745 5.94036
      vertex -18.4638 1.93847 5.94036
    endloop
  endfacet
  facet normal 0.48831 -0.718516 0.495266
    outer loop
      vertex -18.6839 4.93566 2.82909
      vertex -19.0302 5.68918 4.26371
      vertex -19.3499 4.48304 2.82909
    endloop
  endfacet
  facet normal 0.441306 -0.746186 0.498453
    outer loop
      vertex -18.6839 4.93566 2.82909
      vertex -18.3371 6.09909 4.26371
      vertex -19.0302 5.68918 4.26371
    endloop
  endfacet
  facet normal -0.435338 0.736092 -0.518313
    outer loop
      vertex -17.5004 3.10243 7.37498
      vertex -16.9159 3.31958 7.19244
      vertex -17.6607 1.99745 5.94036
    endloop
  endfacet
  facet normal -0.00815681 0.779203 -0.626719
    outer loop
      vertex -18.3057 3.094 7.37498
      vertex -17.5004 3.10243 7.37498
      vertex -18.4638 1.93847 5.94036
    endloop
  endfacet
  facet normal -0.844122 0.475641 -0.247435
    outer loop
      vertex -16.4005 3.11395 6.38874
      vertex -15.8605 4.07229 6.38874
      vertex -16.5637 2.07801 4.95412
    endloop
  endfacet
  facet normal 0.344325 0.712268 -0.611649
    outer loop
      vertex -18.3057 3.094 7.37498
      vertex -18.4638 1.93847 5.94036
      vertex -19.1888 2.28895 5.94036
    endloop
  endfacet
  facet normal 0.747764 0.442216 -0.495271
    outer loop
      vertex -19.4171 4.18242 7.37498
      vertex -19.0072 3.4893 7.37498
      vertex -19.6414 2.95496 5.94036
    endloop
  endfacet
  facet normal -0.975918 0.218139 0
    outer loop
      vertex -16.0849 3.06836 4.95412
      vertex -15.8605 4.07229 5.24994
      vertex -16.0849 3.06836 3.81532
    endloop
  endfacet
  facet normal -0.975918 0.218139 0
    outer loop
      vertex -15.8605 4.07229 5.24994
      vertex -16.0849 3.06836 4.95412
      vertex -15.8605 4.07229 6.38874
    endloop
  endfacet
  facet normal -0.888467 0.429543 -0.161617
    outer loop
      vertex -15.8605 4.07229 6.38874
      vertex -16.0849 3.06836 4.95412
      vertex -16.5637 2.07801 4.95412
    endloop
  endfacet
  facet normal -0.47439 0.731894 -0.489169
    outer loop
      vertex -16.4005 3.11395 6.38874
      vertex -17.1458 2.13734 5.65032
      vertex -17.6607 1.99745 5.94036
    endloop
  endfacet
  facet normal -0.474475 0.731895 -0.489084
    outer loop
      vertex -17.1458 2.13734 5.65032
      vertex -16.4005 3.11395 6.38874
      vertex -17.085 2.05859 5.47349
    endloop
  endfacet
  facet normal -0.495993 0.729777 -0.470549
    outer loop
      vertex -16.4005 3.11395 6.38874
      vertex -16.5637 2.07801 4.95412
      vertex -17.085 2.05859 5.47349
    endloop
  endfacet
  facet normal 0.0574325 -0.782161 0.620424
    outer loop
      vertex -17.8808 4.99463 2.82909
      vertex -18.3371 6.09909 4.26371
      vertex -18.6839 4.93566 2.82909
    endloop
  endfacet
  facet normal -0.986807 -0.0103172 0.161574
    outer loop
      vertex -15.8605 4.07229 5.24994
      vertex -15.872 5.17223 5.24994
      vertex -16.0849 3.06836 3.81532
    endloop
  endfacet
  facet normal -0.740831 -0.460261 0.489213
    outer loop
      vertex -16.8304 5.71222 4.26371
      vertex -16.1655 4.16541 3.81532
      vertex -16.4233 5.29543 4.48807
    endloop
  endfacet
  facet normal -0.740938 -0.460215 0.489094
    outer loop
      vertex -16.3258 5.34073 4.6784
      vertex -16.4233 5.29543 4.48807
      vertex -16.1655 4.16541 3.81532
    endloop
  endfacet
  facet normal 0.38502 0.683256 -0.62042
    outer loop
      vertex -19.0072 3.4893 7.37498
      vertex -18.3057 3.094 7.37498
      vertex -19.1888 2.28895 5.94036
    endloop
  endfacet
  facet normal 0.717018 0.487263 -0.498457
    outer loop
      vertex -19.0072 3.4893 7.37498
      vertex -19.1888 2.28895 5.94036
      vertex -19.6414 2.95496 5.94036
    endloop
  endfacet
  facet normal 0.505698 -0.710578 0.489232
    outer loop
      vertex -19.3499 4.48304 2.82909
      vertex -19.3712 4.87402 3.41898
      vertex -19.4523 4.57137 3.06323
    endloop
  endfacet
  facet normal 0.492702 -0.717042 0.493048
    outer loop
      vertex -19.3712 4.87402 3.41898
      vertex -19.0302 5.68918 4.26371
      vertex -19.1273 5.7842 4.49893
    endloop
  endfacet
  facet normal 0.492704 -0.717041 0.493047
    outer loop
      vertex -19.0302 5.68918 4.26371
      vertex -19.3712 4.87402 3.41898
      vertex -19.3499 4.48304 2.82909
    endloop
  endfacet
  facet normal -0.739806 -0.460265 0.490758
    outer loop
      vertex -16.8304 5.71222 4.26371
      vertex -16.7303 4.34725 3.13445
      vertex -16.6476 4.39776 3.30649
    endloop
  endfacet
  facet normal -0.739801 -0.460268 0.490763
    outer loop
      vertex -16.8304 5.71222 4.26371
      vertex -16.6476 4.39776 3.30649
      vertex -16.1655 4.16541 3.81532
    endloop
  endfacet
  facet normal -0.759471 -0.449159 0.470596
    outer loop
      vertex -16.1655 4.16541 3.81532
      vertex -15.872 5.17223 5.24994
      vertex -16.3258 5.34073 4.6784
    endloop
  endfacet
  facet normal -0.339145 -0.701573 0.626718
    outer loop
      vertex -17.1558 4.64416 2.82909
      vertex -17.5319 6.10752 4.26371
      vertex -17.8808 4.99463 2.82909
    endloop
  endfacet
  facet normal -0.70735 -0.480661 0.518288
    outer loop
      vertex -16.7303 4.34725 3.13445
      vertex -16.8304 5.71222 4.26371
      vertex -17.1558 4.64416 2.82909
    endloop
  endfacet
  facet normal -0.390867 -0.693633 0.605059
    outer loop
      vertex -17.1558 4.64416 2.82909
      vertex -16.8304 5.71222 4.26371
      vertex -17.5319 6.10752 4.26371
    endloop
  endfacet
  facet normal 0.728249 0.48068 -0.488466
    outer loop
      vertex -19.7601 2.91364 5.72273
      vertex -19.6414 2.95496 5.94036
      vertex -19.8124 2.58342 5.3198
    endloop
  endfacet
  facet normal -0.960637 -0.131603 0.244659
    outer loop
      vertex -16.2458 2.05233 2.3634
      vertex -16.1655 4.16541 3.81532
      vertex -16.3951 3.14215 2.3634
    endloop
  endfacet
  facet normal 0.106908 -0.780582 0.615843
    outer loop
      vertex -18.1591 3.86203 1.37716
      vertex -18.6839 4.93566 2.82909
      vertex -18.957 3.75275 1.37716
    endloop
  endfacet
  facet normal -0.0573421 0.780798 -0.622146
    outer loop
      vertex -18.4638 1.93847 5.94036
      vertex -17.6607 1.99745 5.94036
      vertex -18.5491 0.775296 4.48843
    endloop
  endfacet
  facet normal 0.300235 0.735751 -0.607066
    outer loop
      vertex -18.4638 1.93847 5.94036
      vertex -18.5491 0.775296 4.48843
      vertex -19.2947 1.07955 4.48843
    endloop
  endfacet
  facet normal -0.872932 0.422032 -0.244702
    outer loop
      vertex -16.5637 2.07801 4.95412
      vertex -16.0849 3.06836 4.95412
      vertex -16.6615 1.03387 3.5022
    endloop
  endfacet
  facet normal -0.348022 -0.719936 0.600477
    outer loop
      vertex -17.4136 3.55777 1.37716
      vertex -17.1558 4.64416 2.82909
      vertex -17.8808 4.99463 2.82909
    endloop
  endfacet
  facet normal -0.707077 -0.509811 0.490035
    outer loop
      vertex -17.1558 4.64416 2.82909
      vertex -16.9801 3.36064 1.74729
      vertex -16.9096 3.41378 1.9043
    endloop
  endfacet
  facet normal -0.706764 -0.509967 0.490325
    outer loop
      vertex -17.1558 4.64416 2.82909
      vertex -16.9096 3.41378 1.9043
      vertex -16.3951 3.14215 2.3634
    endloop
  endfacet
  facet normal 0.488728 -0.71913 0.49396
    outer loop
      vertex -18.957 3.75275 1.37716
      vertex -18.6839 4.93566 2.82909
      vertex -19.3499 4.48304 2.82909
    endloop
  endfacet
  facet normal 0.533809 -0.688086 0.491514
    outer loop
      vertex -18.957 3.75275 1.37716
      vertex -19.563 4.15823 2.60295
      vertex -19.641 3.66539 1.99772
    endloop
  endfacet
  facet normal 0.533806 -0.688091 0.49151
    outer loop
      vertex -18.957 3.75275 1.37716
      vertex -19.641 3.66539 1.99772
      vertex -19.5932 3.2592 1.37716
    endloop
  endfacet
  facet normal 0.53368 -0.688203 0.491489
    outer loop
      vertex -19.563 4.15823 2.60295
      vertex -18.957 3.75275 1.37716
      vertex -19.483 4.45652 2.93376
    endloop
  endfacet
  facet normal 0.525077 -0.694643 0.491696
    outer loop
      vertex -19.483 4.45652 2.93376
      vertex -19.3499 4.48304 2.82909
      vertex -19.4523 4.57137 3.06323
    endloop
  endfacet
  facet normal 0.524991 -0.694816 0.491543
    outer loop
      vertex -19.3499 4.48304 2.82909
      vertex -19.483 4.45652 2.93376
      vertex -18.957 3.75275 1.37716
    endloop
  endfacet
  facet normal 0.720278 0.489479 -0.491538
    outer loop
      vertex -19.1888 2.28895 5.94036
      vertex -19.8124 2.58342 5.3198
      vertex -19.6414 2.95496 5.94036
    endloop
  endfacet
  facet normal 0.720261 0.48956 -0.491482
    outer loop
      vertex -19.1888 2.28895 5.94036
      vertex -19.8904 2.09057 4.71457
      vertex -19.8124 2.58342 5.3198
    endloop
  endfacet
  facet normal 0.720352 0.4894 -0.491508
    outer loop
      vertex -19.8904 2.09057 4.71457
      vertex -19.1888 2.28895 5.94036
      vertex -19.9066 1.78218 4.38376
    endloop
  endfacet
  facet normal 0.342903 0.709327 -0.615851
    outer loop
      vertex -19.1888 2.28895 5.94036
      vertex -18.4638 1.93847 5.94036
      vertex -19.2947 1.07955 4.48843
    endloop
  endfacet
  facet normal -0.108526 0.79225 -0.600468
    outer loop
      vertex -17.6607 1.99745 5.94036
      vertex -17.7513 0.884582 4.48843
      vertex -18.5491 0.775296 4.48843
    endloop
  endfacet
  facet normal -0.987692 0.156412 0
    outer loop
      vertex -16.2458 2.05233 3.5022
      vertex -16.0849 3.06836 3.81532
      vertex -16.2458 2.05233 2.3634
    endloop
  endfacet
  facet normal -0.987692 0.156412 0
    outer loop
      vertex -16.0849 3.06836 3.81532
      vertex -16.2458 2.05233 3.5022
      vertex -16.0849 3.06836 4.95412
    endloop
  endfacet
  facet normal -0.913954 0.373044 -0.159767
    outer loop
      vertex -16.0849 3.06836 4.95412
      vertex -16.2458 2.05233 3.5022
      vertex -16.6615 1.03387 3.5022
    endloop
  endfacet
  facet normal -0.984509 -0.0723316 0.159719
    outer loop
      vertex -16.0849 3.06836 3.81532
      vertex -16.1655 4.16541 3.81532
      vertex -16.2458 2.05233 2.3634
    endloop
  endfacet
  facet normal -0.514966 0.703548 -0.489725
    outer loop
      vertex -16.5637 2.07801 4.95412
      vertex -17.2802 0.973145 4.12028
      vertex -17.7513 0.884582 4.48843
    endloop
  endfacet
  facet normal -0.515068 0.703541 -0.489628
    outer loop
      vertex -17.2802 0.973145 4.12028
      vertex -16.5637 2.07801 4.95412
      vertex -17.2244 0.903835 3.96199
    endloop
  endfacet
  facet normal -0.542132 0.699048 -0.466288
    outer loop
      vertex -16.5637 2.07801 4.95412
      vertex -17.2044 0.908533 3.94578
      vertex -17.2244 0.903835 3.96199
    endloop
  endfacet
  facet normal -0.542268 0.699021 -0.466171
    outer loop
      vertex -17.2044 0.908533 3.94578
      vertex -16.5637 2.07801 4.95412
      vertex -16.6615 1.03387 3.5022
    endloop
  endfacet
  facet normal -0.731697 -0.49729 0.466179
    outer loop
      vertex -16.3951 3.14215 2.3634
      vertex -16.1655 4.16541 3.81532
      vertex -16.6476 4.39776 3.30649
    endloop
  endfacet
  facet normal -0.707239 -0.509988 0.489618
    outer loop
      vertex -17.1558 4.64416 2.82909
      vertex -16.3951 3.14215 2.3634
      vertex -16.7303 4.34725 3.13445
    endloop
  endfacet
  facet normal -0.70718 -0.510011 0.489679
    outer loop
      vertex -16.6476 4.39776 3.30649
      vertex -16.7303 4.34725 3.13445
      vertex -16.3951 3.14215 2.3634
    endloop
  endfacet
  facet normal 0.544173 -0.682147 0.488418
    outer loop
      vertex -19.5932 3.2592 1.37716
      vertex -19.641 3.66539 1.99772
      vertex -19.6933 3.33517 1.59479
    endloop
  endfacet
  facet normal 0.713973 0.498605 -0.491564
    outer loop
      vertex -19.7882 1.71583 4.48843
      vertex -19.9066 1.78218 4.38376
      vertex -19.1888 2.28895 5.94036
    endloop
  endfacet
  facet normal 0.713962 0.498681 -0.491503
    outer loop
      vertex -19.9066 1.78218 4.38376
      vertex -19.7882 1.71583 4.48843
      vertex -19.9128 1.66345 4.25429
    endloop
  endfacet
  facet normal 0.687047 0.532875 -0.493975
    outer loop
      vertex -19.1888 2.28895 5.94036
      vertex -19.2947 1.07955 4.48843
      vertex -19.7882 1.71583 4.48843
    endloop
  endfacet
  facet normal -0.514667 0.70342 -0.490223
    outer loop
      vertex -17.085 2.05859 5.47349
      vertex -17.7513 0.884582 4.48843
      vertex -17.1458 2.13734 5.65032
    endloop
  endfacet
  facet normal -0.514637 0.703424 -0.490248
    outer loop
      vertex -17.7513 0.884582 4.48843
      vertex -17.085 2.05859 5.47349
      vertex -16.5637 2.07801 4.95412
    endloop
  endfacet
  facet normal -0.482196 0.709583 -0.513789
    outer loop
      vertex -17.6607 1.99745 5.94036
      vertex -17.1458 2.13734 5.65032
      vertex -17.7513 0.884582 4.48843
    endloop
  endfacet
  facet normal -0.677826 -0.525866 0.513826
    outer loop
      vertex -17.0695 3.40166 1.67132
      vertex -17.1558 4.64416 2.82909
      vertex -17.4136 3.55777 1.37716
    endloop
  endfacet
  facet normal -0.677878 -0.525835 0.513789
    outer loop
      vertex -17.1558 4.64416 2.82909
      vertex -17.0695 3.40166 1.67132
      vertex -16.9801 3.36064 1.74729
    endloop
  endfacet
  facet normal 0.0581931 -0.79252 0.607063
    outer loop
      vertex -18.1591 3.86203 1.37716
      vertex -17.8808 4.99463 2.82909
      vertex -18.6839 4.93566 2.82909
    endloop
  endfacet
  facet normal -0.295836 -0.724859 0.622142
    outer loop
      vertex -17.4136 3.55777 1.37716
      vertex -17.8808 4.99463 2.82909
      vertex -18.1591 3.86203 1.37716
    endloop
  endfacet
  facet normal -0.644898 -0.568528 0.510767
    outer loop
      vertex -17.2518 2.36071 0.249018
      vertex -17.4136 3.55777 1.37716
      vertex -17.6026 2.45735 -0.0863361
    endloop
  endfacet
  facet normal -0.644777 -0.56859 0.51085
    outer loop
      vertex -17.4136 3.55777 1.37716
      vertex -17.2518 2.36071 0.249018
      vertex -17.1672 2.33529 0.327504
    endloop
  endfacet
  facet normal 0.688946 0.534348 -0.489719
    outer loop
      vertex -19.2947 1.07955 4.48843
      vertex -19.9292 1.35055 3.8915
      vertex -19.7882 1.71583 4.48843
    endloop
  endfacet
  facet normal 0.688951 0.534329 -0.489733
    outer loop
      vertex -19.9292 1.35055 3.8915
      vertex -19.2947 1.07955 4.48843
      vertex -19.972 0.534539 2.94097
    endloop
  endfacet
  facet normal -0.555431 0.671901 -0.489944
    outer loop
      vertex -16.6615 1.03387 3.5022
      vertex -17.4112 -0.177802 2.69044
      vertex -17.2044 0.908533 3.94578
    endloop
  endfacet
  facet normal -0.555442 0.6719 -0.489932
    outer loop
      vertex -16.6615 1.03387 3.5022
      vertex -17.3242 -0.164332 2.61028
      vertex -17.4112 -0.177802 2.69044
    endloop
  endfacet
  facet normal -0.555649 0.671871 -0.489739
    outer loop
      vertex -17.3242 -0.164332 2.61028
      vertex -16.6615 1.03387 3.5022
      vertex -17.2693 -0.225227 2.46445
    endloop
  endfacet
  facet normal -0.898114 0.366579 -0.242922
    outer loop
      vertex -16.6615 1.03387 3.5022
      vertex -16.2458 2.05233 3.5022
      vertex -16.6935 -0.0143528 2.0387
    endloop
  endfacet
  facet normal -0.585378 0.664927 -0.463902
    outer loop
      vertex -16.6615 1.03387 3.5022
      vertex -17.2322 -0.210991 2.43804
      vertex -17.2693 -0.225227 2.46445
    endloop
  endfacet
  facet normal -0.586083 0.66473 -0.463294
    outer loop
      vertex -17.2322 -0.210991 2.43804
      vertex -16.6615 1.03387 3.5022
      vertex -16.6935 -0.0143528 2.0387
    endloop
  endfacet
  facet normal 0.535087 -0.689742 0.487789
    outer loop
      vertex -19.4084 3.06504 0.899896
      vertex -18.957 3.75275 1.37716
      vertex -19.5932 3.2592 1.37716
    endloop
  endfacet
  facet normal 0.69422 0.529226 -0.487831
    outer loop
      vertex -19.9128 1.66345 4.25429
      vertex -19.7882 1.71583 4.48843
      vertex -19.9292 1.35055 3.8915
    endloop
  endfacet
  facet normal -0.935819 0.314889 -0.158394
    outer loop
      vertex -16.2458 2.05233 3.5022
      vertex -16.3427 1.02819 2.0387
      vertex -16.6935 -0.0143528 2.0387
    endloop
  endfacet
  facet normal -0.106578 0.778032 -0.619118
    outer loop
      vertex -18.5491 0.775296 4.48843
      vertex -17.7513 0.884582 4.48843
      vertex -18.5612 -0.39094 3.02493
    endloop
  endfacet
  facet normal 0.582607 -0.650072 0.487827
    outer loop
      vertex -19.7952 2.22014 0.219913
      vertex -19.8351 2.43982 0.560308
      vertex -19.8669 2.23936 0.331156
    endloop
  endfacet
  facet normal 0.543008 -0.683196 0.488248
    outer loop
      vertex -19.6975 3.30887 1.56266
      vertex -19.5932 3.2592 1.37716
      vertex -19.6933 3.33517 1.59479
    endloop
  endfacet
  facet normal 0.542833 -0.683371 0.488197
    outer loop
      vertex -19.5932 3.2592 1.37716
      vertex -19.6975 3.30887 1.56266
      vertex -19.4084 3.06504 0.899896
    endloop
  endfacet
  facet normal 0.2542 0.755342 -0.60402
    outer loop
      vertex -18.5491 0.775296 4.48843
      vertex -18.5612 -0.39094 3.02493
      vertex -19.3244 -0.134096 3.02493
    endloop
  endfacet
  facet normal 0.298565 0.73166 -0.612807
    outer loop
      vertex -19.2947 1.07955 4.48843
      vertex -18.5491 0.775296 4.48843
      vertex -19.3244 -0.134096 3.02493
    endloop
  endfacet
  facet normal -0.158501 0.786107 -0.597422
    outer loop
      vertex -17.7513 0.884582 4.48843
      vertex -17.7718 -0.231775 3.02493
      vertex -18.5612 -0.39094 3.02493
    endloop
  endfacet
  facet normal -0.978215 -0.134011 0.158547
    outer loop
      vertex -16.3427 1.02819 0.899896
      vertex -16.2458 2.05233 2.3634
      vertex -16.3951 3.14215 2.3634
    endloop
  endfacet
  facet normal 0.576548 -0.654061 0.489691
    outer loop
      vertex -19.4797 2.49822 0.219873
      vertex -19.8351 2.43982 0.560308
      vertex -19.7952 2.22014 0.219913
    endloop
  endfacet
  facet normal 0.576589 -0.653981 0.489748
    outer loop
      vertex -19.8351 2.43982 0.560308
      vertex -19.4797 2.49822 0.219873
      vertex -19.713 3.21095 1.44628
    endloop
  endfacet
  facet normal 0.576623 -0.653957 0.48974
    outer loop
      vertex -19.713 3.21095 1.44628
      vertex -19.4797 2.49822 0.219873
      vertex -19.1552 2.55503 -0.0863361
    endloop
  endfacet
  facet normal 0.557442 -0.670353 0.48978
    outer loop
      vertex -19.713 3.21095 1.44628
      vertex -19.4084 3.06504 0.899896
      vertex -19.6975 3.30887 1.56266
    endloop
  endfacet
  facet normal 0.557432 -0.670364 0.489777
    outer loop
      vertex -19.4084 3.06504 0.899896
      vertex -19.713 3.21095 1.44628
      vertex -19.1552 2.55503 -0.0863361
    endloop
  endfacet
  facet normal 0.650019 0.578417 -0.492859
    outer loop
      vertex -19.2947 1.07955 4.48843
      vertex -19.3244 -0.134096 3.02493
      vertex -19.6389 0.626009 3.5022
    endloop
  endfacet
  facet normal 0.672995 0.55426 -0.489769
    outer loop
      vertex -19.6389 0.626009 3.5022
      vertex -19.972 0.534539 2.94097
      vertex -19.2947 1.07955 4.48843
    endloop
  endfacet
  facet normal 0.673189 0.553965 -0.489836
    outer loop
      vertex -19.972 0.534539 2.94097
      vertex -19.6389 0.626009 3.5022
      vertex -19.9772 0.435864 2.82223
    endloop
  endfacet
  facet normal -0.995554 0.0941953 0
    outer loop
      vertex -16.3427 1.02819 2.0387
      vertex -16.2458 2.05233 2.3634
      vertex -16.3427 1.02819 0.899896
    endloop
  endfacet
  facet normal -0.995554 0.0941953 0
    outer loop
      vertex -16.2458 2.05233 2.3634
      vertex -16.3427 1.02819 2.0387
      vertex -16.2458 2.05233 3.5022
    endloop
  endfacet
  facet normal -0.555288 0.671986 -0.489989
    outer loop
      vertex -17.2244 0.903835 3.96199
      vertex -17.7718 -0.231775 3.02493
      vertex -17.2802 0.973145 4.12028
    endloop
  endfacet
  facet normal -0.555114 0.672023 -0.490136
    outer loop
      vertex -17.2044 0.908533 3.94578
      vertex -17.7718 -0.231775 3.02493
      vertex -17.2244 0.903835 3.96199
    endloop
  endfacet
  facet normal -0.555179 0.67201 -0.49008
    outer loop
      vertex -17.7718 -0.231775 3.02493
      vertex -17.2044 0.908533 3.94578
      vertex -17.4112 -0.177802 2.69044
    endloop
  endfacet
  facet normal -0.526883 0.679319 -0.510803
    outer loop
      vertex -17.7513 0.884582 4.48843
      vertex -17.2802 0.973145 4.12028
      vertex -17.7718 -0.231775 3.02493
    endloop
  endfacet
  facet normal -0.671706 -0.555907 0.489673
    outer loop
      vertex -17.0699 2.37056 0.500834
      vertex -17.4136 3.55777 1.37716
      vertex -17.1052 2.38901 0.473357
    endloop
  endfacet
  facet normal -0.67118 -0.55613 0.49014
    outer loop
      vertex -17.1052 2.38901 0.473357
      vertex -17.4136 3.55777 1.37716
      vertex -17.1672 2.33529 0.327504
    endloop
  endfacet
  facet normal -0.671249 -0.556086 0.490095
    outer loop
      vertex -17.4136 3.55777 1.37716
      vertex -17.0699 2.37056 0.500834
      vertex -17.0695 3.40166 1.67132
    endloop
  endfacet
  facet normal -0.303027 -0.742478 0.597412
    outer loop
      vertex -17.6026 2.45735 -0.0863361
      vertex -17.4136 3.55777 1.37716
      vertex -18.1591 3.86203 1.37716
    endloop
  endfacet
  facet normal 0.6548 0.577258 -0.487862
    outer loop
      vertex -19.6389 0.626009 3.5022
      vertex -19.3244 -0.134096 3.02493
      vertex -19.8569 0.469934 3.02493
    endloop
  endfacet
  facet normal 0.661573 0.569115 -0.488293
    outer loop
      vertex -19.8569 0.469934 3.02493
      vertex -19.9772 0.435864 2.82223
      vertex -19.6389 0.626009 3.5022
    endloop
  endfacet
  facet normal 0.660661 0.570444 -0.487975
    outer loop
      vertex -19.9772 0.435864 2.82223
      vertex -19.8569 0.469934 3.02493
      vertex -19.9785 0.409551 2.78971
    endloop
  endfacet
  facet normal -0.700206 -0.543176 0.463326
    outer loop
      vertex -16.5601 2.10649 0.899896
      vertex -16.3951 3.14215 2.3634
      vertex -16.9096 3.41378 1.9043
    endloop
  endfacet
  facet normal -0.950922 -0.191719 0.242881
    outer loop
      vertex -16.3427 1.02819 0.899896
      vertex -16.3951 3.14215 2.3634
      vertex -16.5601 2.10649 0.899896
    endloop
  endfacet
  facet normal 0.156184 -0.774641 0.612811
    outer loop
      vertex -18.3658 2.71419 -0.0863361
      vertex -18.957 3.75275 1.37716
      vertex -19.1552 2.55503 -0.0863361
    endloop
  endfacet
  facet normal 0.530061 -0.689989 0.492899
    outer loop
      vertex -19.1552 2.55503 -0.0863361
      vertex -18.957 3.75275 1.37716
      vertex -19.4084 3.06504 0.899896
    endloop
  endfacet
  facet normal -0.250472 -0.744278 0.619123
    outer loop
      vertex -17.6026 2.45735 -0.0863361
      vertex -18.1591 3.86203 1.37716
      vertex -18.3658 2.71419 -0.0863361
    endloop
  endfacet
  facet normal -0.671487 -0.555924 0.489952
    outer loop
      vertex -16.5601 2.10649 0.899896
      vertex -17.0695 3.40166 1.67132
      vertex -17.0699 2.37056 0.500834
    endloop
  endfacet
  facet normal -0.671458 -0.555932 0.489984
    outer loop
      vertex -17.0695 3.40166 1.67132
      vertex -16.5601 2.10649 0.899896
      vertex -16.9801 3.36064 1.74729
    endloop
  endfacet
  facet normal -0.671709 -0.555848 0.489735
    outer loop
      vertex -16.9801 3.36064 1.74729
      vertex -16.5601 2.10649 0.899896
      vertex -16.9096 3.41378 1.9043
    endloop
  endfacet
  facet normal 0.108143 -0.789599 0.604019
    outer loop
      vertex -18.3658 2.71419 -0.0863361
      vertex -18.1591 3.86203 1.37716
      vertex -18.957 3.75275 1.37716
    endloop
  endfacet
  facet normal 0.658313 0.573515 -0.48755
    outer loop
      vertex -19.9785 0.409551 2.78971
      vertex -19.8569 0.469934 3.02493
      vertex -19.999 0.0195554 2.30327
    endloop
  endfacet
  facet normal 0.616906 -0.6168 0.488861
    outer loop
      vertex -19.8958 1.98768 0.0323145
      vertex -19.5934 1.34518 -1.15994
      vertex -19.2778 1.34722 -1.55563
    endloop
  endfacet
  facet normal 0.616762 -0.616921 0.488889
    outer loop
      vertex -19.9397 1.15115 -0.967906
      vertex -19.5934 1.34518 -1.15994
      vertex -19.8958 1.98768 0.0323145
    endloop
  endfacet
  facet normal 0.616761 -0.616936 0.488872
    outer loop
      vertex -19.5934 1.34518 -1.15994
      vertex -19.9397 1.15115 -0.967906
      vertex -19.9095 1.02917 -1.15994
    endloop
  endfacet
  facet normal -0.155449 0.770969 -0.61761
    outer loop
      vertex -17.7718 -0.231775 3.02493
      vertex -18.5 -1.55563 1.55563
      vertex -18.5612 -0.39094 3.02493
    endloop
  endfacet
  facet normal -0.608612 -0.608496 0.509239
    outer loop
      vertex -17.6026 2.45735 -0.0863361
      vertex -17.3676 1.28579 -1.20539
      vertex -17.2844 1.26924 -1.12573
    endloop
  endfacet
  facet normal -0.608485 -0.608552 0.509324
    outer loop
      vertex -17.3676 1.28579 -1.20539
      vertex -17.6026 2.45735 -0.0863361
      vertex -17.7222 1.34722 -1.55563
    endloop
  endfacet
  facet normal 0.204828 -0.764433 0.611299
    outer loop
      vertex -18.5 1.55563 -1.55563
      vertex -19.1552 2.55503 -0.0863361
      vertex -19.2778 1.34722 -1.55563
    endloop
  endfacet
  facet normal -0.937224 -0.251127 0.241964
    outer loop
      vertex -16.375 0 -0.569402
      vertex -16.5601 2.10649 0.899896
      vertex -16.6597 1.06252 -0.569402
    endloop
  endfacet
  facet normal 0.578172 -0.655454 0.485898
    outer loop
      vertex -19.8904 2.09057 0.158408
      vertex -19.7952 2.22014 0.219913
      vertex -19.8669 2.23936 0.331156
    endloop
  endfacet
  facet normal 0.579814 -0.655622 0.483711
    outer loop
      vertex -19.8908 2.08363 0.149481
      vertex -19.7952 2.22014 0.219913
      vertex -19.8904 2.09057 0.158408
    endloop
  endfacet
  facet normal 0.577836 -0.655523 0.486204
    outer loop
      vertex -19.7952 2.22014 0.219913
      vertex -19.8908 2.08363 0.149481
      vertex -19.4797 2.49822 0.219873
    endloop
  endfacet
  facet normal 0.578009 -0.655634 0.48585
    outer loop
      vertex -19.4797 2.49822 0.219873
      vertex -19.8908 2.08363 0.149481
      vertex -19.5625 1.84034 -0.569402
    endloop
  endfacet
  facet normal 0.157743 -0.782372 0.602504
    outer loop
      vertex -18.5 1.55563 -1.55563
      vertex -18.3658 2.71419 -0.0863361
      vertex -19.1552 2.55503 -0.0863361
    endloop
  endfacet
  facet normal 0.206568 0.770926 -0.602497
    outer loop
      vertex -18.5612 -0.39094 3.02493
      vertex -18.5 -1.55563 1.55563
      vertex -19.2778 -1.34722 1.55563
    endloop
  endfacet
  facet normal -0.919634 0.309443 -0.241906
    outer loop
      vertex -16.3427 1.02819 2.0387
      vertex -16.6597 -1.06252 0.569402
      vertex -16.6935 -0.0143528 2.0387
    endloop
  endfacet
  facet normal 0.604834 -0.628578 0.488944
    outer loop
      vertex -19.8958 1.98768 0.0323145
      vertex -19.5625 1.84034 -0.569402
      vertex -19.8908 2.08363 0.149481
    endloop
  endfacet
  facet normal 0.604744 -0.628683 0.48892
    outer loop
      vertex -19.5625 1.84034 -0.569402
      vertex -19.8958 1.98768 0.0323145
      vertex -19.2778 1.34722 -1.55563
    endloop
  endfacet
  facet normal 0.654375 0.576883 -0.488876
    outer loop
      vertex -19.3244 -0.134096 3.02493
      vertex -19.999 0.0195554 2.30327
      vertex -19.8569 0.469934 3.02493
    endloop
  endfacet
  facet normal 0.654156 0.577396 -0.488563
    outer loop
      vertex -19.999 0.0195554 2.30327
      vertex -19.3244 -0.134096 3.02493
      vertex -20 0 2.27882
    endloop
  endfacet
  facet normal 0.654376 0.576904 -0.48885
    outer loop
      vertex -20 0 2.27882
      vertex -19.3244 -0.134096 3.02493
      vertex -19.9624 -0.717162 1.48281
    endloop
  endfacet
  facet normal 0.252426 0.750071 -0.611289
    outer loop
      vertex -18.5612 -0.39094 3.02493
      vertex -19.2778 -1.34722 1.55563
      vertex -19.3244 -0.134096 3.02493
    endloop
  endfacet
  facet normal -0.207846 0.775696 -0.595899
    outer loop
      vertex -17.7718 -0.231775 3.02493
      vertex -17.7222 -1.34722 1.55563
      vertex -18.5 -1.55563 1.55563
    endloop
  endfacet
  facet normal -0.999507 0.0313989 0
    outer loop
      vertex -16.375 0 0.569402
      vertex -16.3427 1.02819 0.899896
      vertex -16.375 0 -0.569402
    endloop
  endfacet
  facet normal -0.999507 0.0313989 0
    outer loop
      vertex -16.3427 1.02819 0.899896
      vertex -16.375 0 0.569402
      vertex -16.3427 1.02819 2.0387
    endloop
  endfacet
  facet normal -0.953812 0.255572 -0.157877
    outer loop
      vertex -16.3427 1.02819 2.0387
      vertex -16.375 0 0.569402
      vertex -16.6597 -1.06252 0.569402
    endloop
  endfacet
  facet normal -0.967986 -0.195159 0.157849
    outer loop
      vertex -16.375 0 -0.569402
      vertex -16.3427 1.02819 0.899896
      vertex -16.5601 2.10649 0.899896
    endloop
  endfacet
  facet normal -0.595519 0.636754 -0.489798
    outer loop
      vertex -16.6935 -0.0143528 2.0387
      vertex -17.3676 -1.28579 1.20539
      vertex -17.2322 -0.210991 2.43804
    endloop
  endfacet
  facet normal -0.595569 0.636747 -0.489746
    outer loop
      vertex -16.6935 -0.0143528 2.0387
      vertex -17.2844 -1.26924 1.12573
      vertex -17.3676 -1.28579 1.20539
    endloop
  endfacet
  facet normal -0.595537 0.636753 -0.489776
    outer loop
      vertex -17.2844 -1.26924 1.12573
      vertex -16.6935 -0.0143528 2.0387
      vertex -17.2273 -1.32446 0.984509
    endloop
  endfacet
  facet normal -0.626913 0.627259 -0.462089
    outer loop
      vertex -16.6935 -0.0143528 2.0387
      vertex -17.1857 -1.30452 0.955138
      vertex -17.2273 -1.32446 0.984509
    endloop
  endfacet
  facet normal -0.627213 0.627153 -0.461826
    outer loop
      vertex -17.1857 -1.30452 0.955138
      vertex -16.6935 -0.0143528 2.0387
      vertex -16.6597 -1.06252 0.569402
    endloop
  endfacet
  facet normal -0.665341 -0.586532 0.461846
    outer loop
      vertex -17.0699 2.37056 0.500834
      vertex -16.6597 1.06252 -0.569402
      vertex -16.5601 2.10649 0.899896
    endloop
  endfacet
  facet normal -0.665711 -0.586375 0.461512
    outer loop
      vertex -16.6597 1.06252 -0.569402
      vertex -17.0699 2.37056 0.500834
      vertex -17.1052 2.38901 0.473357
    endloop
  endfacet
  facet normal 0.574984 -0.65713 0.487415
    outer loop
      vertex -19.1552 2.55503 -0.0863361
      vertex -19.4797 2.49822 0.219873
      vertex -19.5625 1.84034 -0.569402
    endloop
  endfacet
  facet normal 0.569247 -0.657789 0.493226
    outer loop
      vertex -19.2778 1.34722 -1.55563
      vertex -19.1552 2.55503 -0.0863361
      vertex -19.5625 1.84034 -0.569402
    endloop
  endfacet
  facet normal 0.643083 0.589417 -0.488909
    outer loop
      vertex -19.6395 -0.608363 2.0387
      vertex -19.9624 -0.717162 1.48281
      vertex -19.3244 -0.134096 3.02493
    endloop
  endfacet
  facet normal 0.643006 0.589522 -0.488884
    outer loop
      vertex -19.9624 -0.717162 1.48281
      vertex -19.6395 -0.608363 2.0387
      vertex -19.9573 -0.814328 1.37235
    endloop
  endfacet
  facet normal 0.618054 0.618063 -0.485806
    outer loop
      vertex -19.5934 -1.34518 1.15994
      vertex -19.9573 -0.814328 1.37235
      vertex -19.6395 -0.608363 2.0387
    endloop
  endfacet
  facet normal 0.617865 0.618041 -0.486075
    outer loop
      vertex -19.9095 -1.02917 1.15994
      vertex -19.9573 -0.814328 1.37235
      vertex -19.5934 -1.34518 1.15994
    endloop
  endfacet
  facet normal 0.6186 0.617703 -0.485568
    outer loop
      vertex -19.9573 -0.814328 1.37235
      vertex -19.9095 -1.02917 1.15994
      vertex -19.9459 -1.03199 1.10998
    endloop
  endfacet
  facet normal 0.60938 0.620792 -0.493228
    outer loop
      vertex -19.3244 -0.134096 3.02493
      vertex -19.2778 -1.34722 1.55563
      vertex -19.6395 -0.608363 2.0387
    endloop
  endfacet
  facet normal 0.615086 0.619771 -0.487394
    outer loop
      vertex -19.2778 -1.34722 1.55563
      vertex -19.5934 -1.34518 1.15994
      vertex -19.6395 -0.608363 2.0387
    endloop
  endfacet
  facet normal -0.594979 0.637087 -0.490021
    outer loop
      vertex -17.2693 -0.225227 2.46445
      vertex -17.7222 -1.34722 1.55563
      vertex -17.3242 -0.164332 2.61028
    endloop
  endfacet
  facet normal -0.593991 0.637365 -0.490857
    outer loop
      vertex -17.2322 -0.210991 2.43804
      vertex -17.7222 -1.34722 1.55563
      vertex -17.2693 -0.225227 2.46445
    endloop
  endfacet
  facet normal -0.594642 0.6372 -0.490283
    outer loop
      vertex -17.7222 -1.34722 1.55563
      vertex -17.2322 -0.210991 2.43804
      vertex -17.3676 -1.28579 1.20539
    endloop
  endfacet
  facet normal -0.569061 0.645578 -0.509312
    outer loop
      vertex -17.4112 -0.177802 2.69044
      vertex -17.7222 -1.34722 1.55563
      vertex -17.7718 -0.231775 3.02493
    endloop
  endfacet
  facet normal -0.569159 0.645542 -0.509248
    outer loop
      vertex -17.7222 -1.34722 1.55563
      vertex -17.4112 -0.177802 2.69044
      vertex -17.3242 -0.164332 2.61028
    endloop
  endfacet
  facet normal -0.634346 -0.598097 0.489782
    outer loop
      vertex -16.6597 1.06252 -0.569402
      vertex -17.2518 2.36071 0.249018
      vertex -17.1857 1.30452 -0.955138
    endloop
  endfacet
  facet normal -0.634223 -0.598122 0.48991
    outer loop
      vertex -17.2518 2.36071 0.249018
      vertex -16.6597 1.06252 -0.569402
      vertex -17.1672 2.33529 0.327504
    endloop
  endfacet
  facet normal -0.634233 -0.598119 0.4899
    outer loop
      vertex -17.1672 2.33529 0.327504
      vertex -16.6597 1.06252 -0.569402
      vertex -17.1052 2.38901 0.473357
    endloop
  endfacet
  facet normal -0.633261 -0.598659 0.490498
    outer loop
      vertex -17.1857 1.30452 -0.955138
      vertex -17.6026 2.45735 -0.0863361
      vertex -17.2273 1.32446 -0.984509
    endloop
  endfacet
  facet normal -0.633584 -0.598545 0.49022
    outer loop
      vertex -17.2273 1.32446 -0.984509
      vertex -17.6026 2.45735 -0.0863361
      vertex -17.2844 1.26924 -1.12573
    endloop
  endfacet
  facet normal -0.633549 -0.598567 0.490238
    outer loop
      vertex -17.6026 2.45735 -0.0863361
      vertex -17.1857 1.30452 -0.955138
      vertex -17.2518 2.36071 0.249018
    endloop
  endfacet
  facet normal 0.621418 -0.613434 0.48738
    outer loop
      vertex -19.9095 1.02917 -1.15994
      vertex -19.9397 1.15115 -0.967906
      vertex -19.9459 1.03199 -1.10998
    endloop
  endfacet
  facet normal -0.203556 -0.759683 0.617614
    outer loop
      vertex -17.7222 1.34722 -1.55563
      vertex -18.3658 2.71419 -0.0863361
      vertex -18.5 1.55563 -1.55563
    endloop
  endfacet
  facet normal -0.256136 -0.761109 0.595908
    outer loop
      vertex -17.7222 1.34722 -1.55563
      vertex -17.6026 2.45735 -0.0863361
      vertex -18.3658 2.71419 -0.0863361
    endloop
  endfacet
  facet normal 0.621418 0.613434 -0.48738
    outer loop
      vertex -19.9095 -1.02917 1.15994
      vertex -19.9397 -1.15115 0.967906
      vertex -19.9459 -1.03199 1.10998
    endloop
  endfacet
  facet normal -0.627213 -0.627153 0.461826
    outer loop
      vertex -17.1857 1.30452 -0.955138
      vertex -16.6935 0.0143528 -2.0387
      vertex -16.6597 1.06252 -0.569402
    endloop
  endfacet
  facet normal -0.626913 -0.627259 0.462089
    outer loop
      vertex -16.6935 0.0143528 -2.0387
      vertex -17.1857 1.30452 -0.955138
      vertex -17.2273 1.32446 -0.984509
    endloop
  endfacet
  facet normal 0.616761 0.616936 -0.488872
    outer loop
      vertex -19.5934 -1.34518 1.15994
      vertex -19.9397 -1.15115 0.967906
      vertex -19.9095 -1.02917 1.15994
    endloop
  endfacet
  facet normal 0.616762 0.616921 -0.488889
    outer loop
      vertex -19.5934 -1.34518 1.15994
      vertex -19.8958 -1.98768 -0.0323145
      vertex -19.9397 -1.15115 0.967906
    endloop
  endfacet
  facet normal 0.616906 0.6168 -0.488861
    outer loop
      vertex -19.8958 -1.98768 -0.0323145
      vertex -19.5934 -1.34518 1.15994
      vertex -19.2778 -1.34722 1.55563
    endloop
  endfacet
  facet normal -0.633549 0.598567 -0.490238
    outer loop
      vertex -17.6026 -2.45735 0.0863361
      vertex -17.1857 -1.30452 0.955138
      vertex -17.2518 -2.36071 -0.249018
    endloop
  endfacet
  facet normal -0.633261 0.598659 -0.490498
    outer loop
      vertex -17.1857 -1.30452 0.955138
      vertex -17.6026 -2.45735 0.0863361
      vertex -17.2273 -1.32446 0.984509
    endloop
  endfacet
  facet normal -0.633584 0.598545 -0.49022
    outer loop
      vertex -17.2273 -1.32446 0.984509
      vertex -17.6026 -2.45735 0.0863361
      vertex -17.2844 -1.26924 1.12573
    endloop
  endfacet
  facet normal -0.203556 0.759683 -0.617614
    outer loop
      vertex -17.7222 -1.34722 1.55563
      vertex -18.3658 -2.71419 0.0863361
      vertex -18.5 -1.55563 1.55563
    endloop
  endfacet
  facet normal -0.608485 0.608552 -0.509324
    outer loop
      vertex -17.3676 -1.28579 1.20539
      vertex -17.6026 -2.45735 0.0863361
      vertex -17.7222 -1.34722 1.55563
    endloop
  endfacet
  facet normal -0.608612 0.608496 -0.509239
    outer loop
      vertex -17.6026 -2.45735 0.0863361
      vertex -17.3676 -1.28579 1.20539
      vertex -17.2844 -1.26924 1.12573
    endloop
  endfacet
  facet normal 0.204828 0.764433 -0.611299
    outer loop
      vertex -18.5 -1.55563 1.55563
      vertex -19.1552 -2.55503 0.0863361
      vertex -19.2778 -1.34722 1.55563
    endloop
  endfacet
  facet normal 0.654376 -0.576904 0.48885
    outer loop
      vertex -20 0 -2.27882
      vertex -19.3244 0.134096 -3.02493
      vertex -19.9624 0.717162 -1.48281
    endloop
  endfacet
  facet normal 0.654156 -0.577396 0.488563
    outer loop
      vertex -19.999 -0.0195554 -2.30327
      vertex -19.3244 0.134096 -3.02493
      vertex -20 0 -2.27882
    endloop
  endfacet
  facet normal 0.654375 -0.576883 0.488876
    outer loop
      vertex -19.3244 0.134096 -3.02493
      vertex -19.999 -0.0195554 -2.30327
      vertex -19.8569 -0.469934 -3.02493
    endloop
  endfacet
  facet normal -0.595537 -0.636753 0.489776
    outer loop
      vertex -17.2844 1.26924 -1.12573
      vertex -16.6935 0.0143528 -2.0387
      vertex -17.2273 1.32446 -0.984509
    endloop
  endfacet
  facet normal -0.595569 -0.636747 0.489746
    outer loop
      vertex -17.3676 1.28579 -1.20539
      vertex -16.6935 0.0143528 -2.0387
      vertex -17.2844 1.26924 -1.12573
    endloop
  endfacet
  facet normal -0.595519 -0.636754 0.489798
    outer loop
      vertex -16.6935 0.0143528 -2.0387
      vertex -17.3676 1.28579 -1.20539
      vertex -17.2322 0.210991 -2.43804
    endloop
  endfacet
  facet normal -0.256136 0.761109 -0.595908
    outer loop
      vertex -17.7222 -1.34722 1.55563
      vertex -17.6026 -2.45735 0.0863361
      vertex -18.3658 -2.71419 0.0863361
    endloop
  endfacet
  facet normal -0.937224 0.251127 -0.241964
    outer loop
      vertex -16.375 0 0.569402
      vertex -16.5601 -2.10649 -0.899896
      vertex -16.6597 -1.06252 0.569402
    endloop
  endfacet
  facet normal 0.569247 0.657789 -0.493226
    outer loop
      vertex -19.2778 -1.34722 1.55563
      vertex -19.1552 -2.55503 0.0863361
      vertex -19.5625 -1.84034 0.569402
    endloop
  endfacet
  facet normal 0.604744 0.628683 -0.48892
    outer loop
      vertex -19.5625 -1.84034 0.569402
      vertex -19.8958 -1.98768 -0.0323145
      vertex -19.2778 -1.34722 1.55563
    endloop
  endfacet
  facet normal 0.604834 0.628578 -0.488944
    outer loop
      vertex -19.8958 -1.98768 -0.0323145
      vertex -19.5625 -1.84034 0.569402
      vertex -19.8908 -2.08363 -0.149481
    endloop
  endfacet
  facet normal 0.574984 0.65713 -0.487415
    outer loop
      vertex -19.1552 -2.55503 0.0863361
      vertex -19.4797 -2.49822 -0.219873
      vertex -19.5625 -1.84034 0.569402
    endloop
  endfacet
  facet normal 0.578009 0.655634 -0.48585
    outer loop
      vertex -19.4797 -2.49822 -0.219873
      vertex -19.8908 -2.08363 -0.149481
      vertex -19.5625 -1.84034 0.569402
    endloop
  endfacet
  facet normal 0.577836 0.655523 -0.486204
    outer loop
      vertex -19.7952 -2.22014 -0.219913
      vertex -19.8908 -2.08363 -0.149481
      vertex -19.4797 -2.49822 -0.219873
    endloop
  endfacet
  facet normal 0.579814 0.655622 -0.483711
    outer loop
      vertex -19.8908 -2.08363 -0.149481
      vertex -19.7952 -2.22014 -0.219913
      vertex -19.8904 -2.09057 -0.158408
    endloop
  endfacet
  facet normal 0.578172 0.655454 -0.485898
    outer loop
      vertex -19.8904 -2.09057 -0.158408
      vertex -19.7952 -2.22014 -0.219913
      vertex -19.8669 -2.23936 -0.331156
    endloop
  endfacet
  facet normal -0.594642 -0.6372 0.490283
    outer loop
      vertex -17.7222 1.34722 -1.55563
      vertex -17.2322 0.210991 -2.43804
      vertex -17.3676 1.28579 -1.20539
    endloop
  endfacet
  facet normal -0.593991 -0.637365 0.490857
    outer loop
      vertex -17.7222 1.34722 -1.55563
      vertex -17.2693 0.225227 -2.46445
      vertex -17.2322 0.210991 -2.43804
    endloop
  endfacet
  facet normal -0.594979 -0.637087 0.490021
    outer loop
      vertex -17.2693 0.225227 -2.46445
      vertex -17.7222 1.34722 -1.55563
      vertex -17.3242 0.164332 -2.61028
    endloop
  endfacet
  facet normal -0.999507 -0.0313989 -0
    outer loop
      vertex -16.3427 -1.02819 -0.899896
      vertex -16.375 0 -0.569402
      vertex -16.3427 -1.02819 -2.0387
    endloop
  endfacet
  facet normal -0.999507 -0.0313989 0
    outer loop
      vertex -16.375 0 -0.569402
      vertex -16.3427 -1.02819 -0.899896
      vertex -16.375 0 0.569402
    endloop
  endfacet
  facet normal -0.919634 -0.309443 0.241906
    outer loop
      vertex -16.3427 -1.02819 -2.0387
      vertex -16.6597 1.06252 -0.569402
      vertex -16.6935 0.0143528 -2.0387
    endloop
  endfacet
  facet normal 0.157743 0.782372 -0.602504
    outer loop
      vertex -18.5 -1.55563 1.55563
      vertex -18.3658 -2.71419 0.0863361
      vertex -19.1552 -2.55503 0.0863361
    endloop
  endfacet
  facet normal -0.967986 0.195159 -0.157849
    outer loop
      vertex -16.375 0 0.569402
      vertex -16.3427 -1.02819 -0.899896
      vertex -16.5601 -2.10649 -0.899896
    endloop
  endfacet
  facet normal -0.634223 0.598122 -0.48991
    outer loop
      vertex -17.2518 -2.36071 -0.249018
      vertex -16.6597 -1.06252 0.569402
      vertex -17.1672 -2.33529 -0.327504
    endloop
  endfacet
  facet normal -0.634233 0.598119 -0.4899
    outer loop
      vertex -17.1672 -2.33529 -0.327504
      vertex -16.6597 -1.06252 0.569402
      vertex -17.1052 -2.38901 -0.473357
    endloop
  endfacet
  facet normal -0.634346 0.598097 -0.489782
    outer loop
      vertex -16.6597 -1.06252 0.569402
      vertex -17.2518 -2.36071 -0.249018
      vertex -17.1857 -1.30452 0.955138
    endloop
  endfacet
  facet normal -0.665341 0.586532 -0.461846
    outer loop
      vertex -17.0699 -2.37056 -0.500834
      vertex -16.6597 -1.06252 0.569402
      vertex -16.5601 -2.10649 -0.899896
    endloop
  endfacet
  facet normal -0.665711 0.586375 -0.461512
    outer loop
      vertex -16.6597 -1.06252 0.569402
      vertex -17.0699 -2.37056 -0.500834
      vertex -17.1052 -2.38901 -0.473357
    endloop
  endfacet
  facet normal -0.953812 -0.255572 0.157877
    outer loop
      vertex -16.3427 -1.02819 -2.0387
      vertex -16.375 0 -0.569402
      vertex -16.6597 1.06252 -0.569402
    endloop
  endfacet
  facet normal 0.252426 -0.750071 0.611289
    outer loop
      vertex -18.5612 0.39094 -3.02493
      vertex -19.2778 1.34722 -1.55563
      vertex -19.3244 0.134096 -3.02493
    endloop
  endfacet
  facet normal 0.206568 -0.770926 0.602497
    outer loop
      vertex -18.5612 0.39094 -3.02493
      vertex -18.5 1.55563 -1.55563
      vertex -19.2778 1.34722 -1.55563
    endloop
  endfacet
  facet normal -0.569159 -0.645542 0.509248
    outer loop
      vertex -17.7222 1.34722 -1.55563
      vertex -17.4112 0.177802 -2.69044
      vertex -17.3242 0.164332 -2.61028
    endloop
  endfacet
  facet normal -0.569061 -0.645578 0.509312
    outer loop
      vertex -17.4112 0.177802 -2.69044
      vertex -17.7222 1.34722 -1.55563
      vertex -17.7718 0.231775 -3.02493
    endloop
  endfacet
  facet normal 0.658313 -0.573515 0.48755
    outer loop
      vertex -19.9785 -0.409551 -2.78971
      vertex -19.8569 -0.469934 -3.02493
      vertex -19.999 -0.0195554 -2.30327
    endloop
  endfacet
  facet normal 0.643006 -0.589522 0.488884
    outer loop
      vertex -19.9624 0.717162 -1.48281
      vertex -19.6395 0.608363 -2.0387
      vertex -19.9573 0.814328 -1.37235
    endloop
  endfacet
  facet normal 0.643083 -0.589417 0.488909
    outer loop
      vertex -19.6395 0.608363 -2.0387
      vertex -19.9624 0.717162 -1.48281
      vertex -19.3244 0.134096 -3.02493
    endloop
  endfacet
  facet normal 0.6186 -0.617703 0.485568
    outer loop
      vertex -19.9573 0.814328 -1.37235
      vertex -19.9095 1.02917 -1.15994
      vertex -19.9459 1.03199 -1.10998
    endloop
  endfacet
  facet normal 0.617865 -0.618041 0.486075
    outer loop
      vertex -19.9573 0.814328 -1.37235
      vertex -19.5934 1.34518 -1.15994
      vertex -19.9095 1.02917 -1.15994
    endloop
  endfacet
  facet normal 0.618054 -0.618063 0.485806
    outer loop
      vertex -19.5934 1.34518 -1.15994
      vertex -19.9573 0.814328 -1.37235
      vertex -19.6395 0.608363 -2.0387
    endloop
  endfacet
  facet normal -0.207846 -0.775696 0.595899
    outer loop
      vertex -17.7718 0.231775 -3.02493
      vertex -17.7222 1.34722 -1.55563
      vertex -18.5 1.55563 -1.55563
    endloop
  endfacet
  facet normal -0.155449 -0.770969 0.61761
    outer loop
      vertex -17.7718 0.231775 -3.02493
      vertex -18.5 1.55563 -1.55563
      vertex -18.5612 0.39094 -3.02493
    endloop
  endfacet
  facet normal 0.60938 -0.620792 0.493228
    outer loop
      vertex -19.3244 0.134096 -3.02493
      vertex -19.2778 1.34722 -1.55563
      vertex -19.6395 0.608363 -2.0387
    endloop
  endfacet
  facet normal 0.615086 -0.619771 0.487394
    outer loop
      vertex -19.2778 1.34722 -1.55563
      vertex -19.5934 1.34518 -1.15994
      vertex -19.6395 0.608363 -2.0387
    endloop
  endfacet
  facet normal 0.582607 0.650072 -0.487827
    outer loop
      vertex -19.7952 -2.22014 -0.219913
      vertex -19.8351 -2.43982 -0.560308
      vertex -19.8669 -2.23936 -0.331156
    endloop
  endfacet
  facet normal -0.671249 0.556086 -0.490095
    outer loop
      vertex -17.4136 -3.55777 -1.37716
      vertex -17.0699 -2.37056 -0.500834
      vertex -17.0695 -3.40166 -1.67132
    endloop
  endfacet
  facet normal -0.671706 0.555907 -0.489673
    outer loop
      vertex -17.0699 -2.37056 -0.500834
      vertex -17.4136 -3.55777 -1.37716
      vertex -17.1052 -2.38901 -0.473357
    endloop
  endfacet
  facet normal -0.67118 0.55613 -0.49014
    outer loop
      vertex -17.1052 -2.38901 -0.473357
      vertex -17.4136 -3.55777 -1.37716
      vertex -17.1672 -2.33529 -0.327504
    endloop
  endfacet
  facet normal -0.950922 0.191719 -0.242881
    outer loop
      vertex -16.3427 -1.02819 -0.899896
      vertex -16.3951 -3.14215 -2.3634
      vertex -16.5601 -2.10649 -0.899896
    endloop
  endfacet
  facet normal -0.586083 -0.66473 0.463294
    outer loop
      vertex -17.2322 0.210991 -2.43804
      vertex -16.6615 -1.03387 -3.5022
      vertex -16.6935 0.0143528 -2.0387
    endloop
  endfacet
  facet normal -0.585378 -0.664927 0.463902
    outer loop
      vertex -16.6615 -1.03387 -3.5022
      vertex -17.2322 0.210991 -2.43804
      vertex -17.2693 0.225227 -2.46445
    endloop
  endfacet
  facet normal -0.898114 -0.366579 0.242922
    outer loop
      vertex -16.6615 -1.03387 -3.5022
      vertex -16.2458 -2.05233 -3.5022
      vertex -16.6935 0.0143528 -2.0387
    endloop
  endfacet
  facet normal 0.576548 0.654061 -0.489691
    outer loop
      vertex -19.4797 -2.49822 -0.219873
      vertex -19.8351 -2.43982 -0.560308
      vertex -19.7952 -2.22014 -0.219913
    endloop
  endfacet
  facet normal 0.576623 0.653957 -0.48974
    outer loop
      vertex -19.713 -3.21095 -1.44628
      vertex -19.4797 -2.49822 -0.219873
      vertex -19.1552 -2.55503 0.0863361
    endloop
  endfacet
  facet normal 0.576589 0.653981 -0.489748
    outer loop
      vertex -19.4797 -2.49822 -0.219873
      vertex -19.713 -3.21095 -1.44628
      vertex -19.8351 -2.43982 -0.560308
    endloop
  endfacet
  facet normal -0.644898 0.568528 -0.510767
    outer loop
      vertex -17.2518 -2.36071 -0.249018
      vertex -17.4136 -3.55777 -1.37716
      vertex -17.6026 -2.45735 0.0863361
    endloop
  endfacet
  facet normal -0.644777 0.56859 -0.51085
    outer loop
      vertex -17.4136 -3.55777 -1.37716
      vertex -17.2518 -2.36071 -0.249018
      vertex -17.1672 -2.33529 -0.327504
    endloop
  endfacet
  facet normal -0.700206 0.543176 -0.463326
    outer loop
      vertex -16.5601 -2.10649 -0.899896
      vertex -16.3951 -3.14215 -2.3634
      vertex -16.9096 -3.41378 -1.9043
    endloop
  endfacet
  facet normal -0.158501 -0.786107 0.597422
    outer loop
      vertex -17.7513 -0.884582 -4.48843
      vertex -17.7718 0.231775 -3.02493
      vertex -18.5612 0.39094 -3.02493
    endloop
  endfacet
  facet normal -0.555179 -0.67201 0.49008
    outer loop
      vertex -17.7718 0.231775 -3.02493
      vertex -17.2044 -0.908533 -3.94578
      vertex -17.4112 0.177802 -2.69044
    endloop
  endfacet
  facet normal -0.555114 -0.672023 0.490136
    outer loop
      vertex -17.7718 0.231775 -3.02493
      vertex -17.2244 -0.903835 -3.96199
      vertex -17.2044 -0.908533 -3.94578
    endloop
  endfacet
  facet normal -0.555288 -0.671986 0.489989
    outer loop
      vertex -17.2244 -0.903835 -3.96199
      vertex -17.7718 0.231775 -3.02493
      vertex -17.2802 -0.973145 -4.12028
    endloop
  endfacet
  facet normal 0.156184 0.774641 -0.612811
    outer loop
      vertex -18.3658 -2.71419 0.0863361
      vertex -18.957 -3.75275 -1.37716
      vertex -19.1552 -2.55503 0.0863361
    endloop
  endfacet
  facet normal -0.303027 0.742478 -0.597412
    outer loop
      vertex -17.6026 -2.45735 0.0863361
      vertex -17.4136 -3.55777 -1.37716
      vertex -18.1591 -3.86203 -1.37716
    endloop
  endfacet
  facet normal 0.2542 -0.755342 0.60402
    outer loop
      vertex -18.5491 -0.775296 -4.48843
      vertex -18.5612 0.39094 -3.02493
      vertex -19.3244 0.134096 -3.02493
    endloop
  endfacet
  facet normal -0.555649 -0.671871 0.489739
    outer loop
      vertex -17.3242 0.164332 -2.61028
      vertex -16.6615 -1.03387 -3.5022
      vertex -17.2693 0.225227 -2.46445
    endloop
  endfacet
  facet normal -0.555442 -0.6719 0.489932
    outer loop
      vertex -17.4112 0.177802 -2.69044
      vertex -16.6615 -1.03387 -3.5022
      vertex -17.3242 0.164332 -2.61028
    endloop
  endfacet
  facet normal -0.555431 -0.671901 0.489944
    outer loop
      vertex -16.6615 -1.03387 -3.5022
      vertex -17.4112 0.177802 -2.69044
      vertex -17.2044 -0.908533 -3.94578
    endloop
  endfacet
  facet normal 0.557432 0.670364 -0.489777
    outer loop
      vertex -19.4084 -3.06504 -0.899896
      vertex -19.713 -3.21095 -1.44628
      vertex -19.1552 -2.55503 0.0863361
    endloop
  endfacet
  facet normal 0.557442 0.670353 -0.48978
    outer loop
      vertex -19.713 -3.21095 -1.44628
      vertex -19.4084 -3.06504 -0.899896
      vertex -19.6975 -3.30887 -1.56266
    endloop
  endfacet
  facet normal 0.673189 -0.553965 0.489836
    outer loop
      vertex -19.972 -0.534539 -2.94097
      vertex -19.6389 -0.626009 -3.5022
      vertex -19.9772 -0.435864 -2.82223
    endloop
  endfacet
  facet normal 0.672995 -0.55426 0.489769
    outer loop
      vertex -19.6389 -0.626009 -3.5022
      vertex -19.972 -0.534539 -2.94097
      vertex -19.2947 -1.07955 -4.48843
    endloop
  endfacet
  facet normal 0.660661 -0.570444 0.487975
    outer loop
      vertex -19.9772 -0.435864 -2.82223
      vertex -19.8569 -0.469934 -3.02493
      vertex -19.9785 -0.409551 -2.78971
    endloop
  endfacet
  facet normal 0.661573 -0.569115 0.488293
    outer loop
      vertex -19.8569 -0.469934 -3.02493
      vertex -19.9772 -0.435864 -2.82223
      vertex -19.6389 -0.626009 -3.5022
    endloop
  endfacet
  facet normal 0.298565 -0.73166 0.612807
    outer loop
      vertex -19.2947 -1.07955 -4.48843
      vertex -18.5491 -0.775296 -4.48843
      vertex -19.3244 0.134096 -3.02493
    endloop
  endfacet
  facet normal -0.106578 -0.778032 0.619118
    outer loop
      vertex -18.5491 -0.775296 -4.48843
      vertex -17.7513 -0.884582 -4.48843
      vertex -18.5612 0.39094 -3.02493
    endloop
  endfacet
  facet normal 0.530061 0.689989 -0.492899
    outer loop
      vertex -19.1552 -2.55503 0.0863361
      vertex -18.957 -3.75275 -1.37716
      vertex -19.4084 -3.06504 -0.899896
    endloop
  endfacet
  facet normal -0.671458 0.555932 -0.489984
    outer loop
      vertex -17.0695 -3.40166 -1.67132
      vertex -16.5601 -2.10649 -0.899896
      vertex -16.9801 -3.36064 -1.74729
    endloop
  endfacet
  facet normal -0.671709 0.555848 -0.489735
    outer loop
      vertex -16.9801 -3.36064 -1.74729
      vertex -16.5601 -2.10649 -0.899896
      vertex -16.9096 -3.41378 -1.9043
    endloop
  endfacet
  facet normal -0.671487 0.555924 -0.489952
    outer loop
      vertex -16.5601 -2.10649 -0.899896
      vertex -17.0695 -3.40166 -1.67132
      vertex -17.0699 -2.37056 -0.500834
    endloop
  endfacet
  facet normal -0.978215 0.134011 -0.158547
    outer loop
      vertex -16.3427 -1.02819 -0.899896
      vertex -16.2458 -2.05233 -2.3634
      vertex -16.3951 -3.14215 -2.3634
    endloop
  endfacet
  facet normal -0.995554 -0.0941953 -0
    outer loop
      vertex -16.2458 -2.05233 -2.3634
      vertex -16.3427 -1.02819 -2.0387
      vertex -16.2458 -2.05233 -3.5022
    endloop
  endfacet
  facet normal -0.995554 -0.0941953 0
    outer loop
      vertex -16.3427 -1.02819 -2.0387
      vertex -16.2458 -2.05233 -2.3634
      vertex -16.3427 -1.02819 -0.899896
    endloop
  endfacet
  facet normal -0.935819 -0.314889 0.158394
    outer loop
      vertex -16.2458 -2.05233 -3.5022
      vertex -16.3427 -1.02819 -2.0387
      vertex -16.6935 0.0143528 -2.0387
    endloop
  endfacet
  facet normal 0.650019 -0.578417 0.492859
    outer loop
      vertex -19.2947 -1.07955 -4.48843
      vertex -19.3244 0.134096 -3.02493
      vertex -19.6389 -0.626009 -3.5022
    endloop
  endfacet
  facet normal 0.6548 -0.577258 0.487862
    outer loop
      vertex -19.6389 -0.626009 -3.5022
      vertex -19.3244 0.134096 -3.02493
      vertex -19.8569 -0.469934 -3.02493
    endloop
  endfacet
  facet normal -0.526883 -0.679319 0.510803
    outer loop
      vertex -17.7513 -0.884582 -4.48843
      vertex -17.2802 -0.973145 -4.12028
      vertex -17.7718 0.231775 -3.02493
    endloop
  endfacet
  facet normal 0.69422 -0.529226 0.487831
    outer loop
      vertex -19.9128 -1.66345 -4.25429
      vertex -19.7882 -1.71583 -4.48843
      vertex -19.9292 -1.35055 -3.8915
    endloop
  endfacet
  facet normal 0.688951 -0.534329 0.489733
    outer loop
      vertex -19.9292 -1.35055 -3.8915
      vertex -19.2947 -1.07955 -4.48843
      vertex -19.972 -0.534539 -2.94097
    endloop
  endfacet
  facet normal 0.688946 -0.534348 0.489719
    outer loop
      vertex -19.2947 -1.07955 -4.48843
      vertex -19.9292 -1.35055 -3.8915
      vertex -19.7882 -1.71583 -4.48843
    endloop
  endfacet
  facet normal 0.535087 0.689742 -0.487789
    outer loop
      vertex -19.4084 -3.06504 -0.899896
      vertex -18.957 -3.75275 -1.37716
      vertex -19.5932 -3.2592 -1.37716
    endloop
  endfacet
  facet normal 0.542833 0.683371 -0.488197
    outer loop
      vertex -19.5932 -3.2592 -1.37716
      vertex -19.6975 -3.30887 -1.56266
      vertex -19.4084 -3.06504 -0.899896
    endloop
  endfacet
  facet normal 0.543008 0.683196 -0.488248
    outer loop
      vertex -19.6975 -3.30887 -1.56266
      vertex -19.5932 -3.2592 -1.37716
      vertex -19.6933 -3.33517 -1.59479
    endloop
  endfacet
  facet normal -0.250472 0.744278 -0.619123
    outer loop
      vertex -17.6026 -2.45735 0.0863361
      vertex -18.1591 -3.86203 -1.37716
      vertex -18.3658 -2.71419 0.0863361
    endloop
  endfacet
  facet normal 0.108143 0.789599 -0.604019
    outer loop
      vertex -18.3658 -2.71419 0.0863361
      vertex -18.1591 -3.86203 -1.37716
      vertex -18.957 -3.75275 -1.37716
    endloop
  endfacet
  facet normal -0.987692 -0.156412 -0
    outer loop
      vertex -16.0849 -3.06836 -3.81532
      vertex -16.2458 -2.05233 -3.5022
      vertex -16.0849 -3.06836 -4.95412
    endloop
  endfacet
  facet normal -0.987692 -0.156412 0
    outer loop
      vertex -16.2458 -2.05233 -3.5022
      vertex -16.0849 -3.06836 -3.81532
      vertex -16.2458 -2.05233 -2.3634
    endloop
  endfacet
  facet normal -0.70718 0.510011 -0.489679
    outer loop
      vertex -16.3951 -3.14215 -2.3634
      vertex -16.6476 -4.39776 -3.30649
      vertex -16.7303 -4.34725 -3.13445
    endloop
  endfacet
  facet normal -0.707239 0.509988 -0.489618
    outer loop
      vertex -16.3951 -3.14215 -2.3634
      vertex -16.7303 -4.34725 -3.13445
      vertex -17.1558 -4.64416 -2.82909
    endloop
  endfacet
  facet normal 0.300235 -0.735751 0.607066
    outer loop
      vertex -18.4638 -1.93847 -5.94036
      vertex -18.5491 -0.775296 -4.48843
      vertex -19.2947 -1.07955 -4.48843
    endloop
  endfacet
  facet normal 0.533806 0.688091 -0.49151
    outer loop
      vertex -18.957 -3.75275 -1.37716
      vertex -19.641 -3.66539 -1.99772
      vertex -19.5932 -3.2592 -1.37716
    endloop
  endfacet
  facet normal 0.533809 0.688086 -0.491514
    outer loop
      vertex -18.957 -3.75275 -1.37716
      vertex -19.563 -4.15823 -2.60295
      vertex -19.641 -3.66539 -1.99772
    endloop
  endfacet
  facet normal 0.53368 0.688203 -0.491489
    outer loop
      vertex -19.563 -4.15823 -2.60295
      vertex -18.957 -3.75275 -1.37716
      vertex -19.483 -4.45652 -2.93376
    endloop
  endfacet
  facet normal -0.514637 -0.703424 0.490248
    outer loop
      vertex -17.7513 -0.884582 -4.48843
      vertex -17.085 -2.05859 -5.47349
      vertex -16.5637 -2.07801 -4.95412
    endloop
  endfacet
  facet normal -0.514667 -0.70342 0.490223
    outer loop
      vertex -17.085 -2.05859 -5.47349
      vertex -17.7513 -0.884582 -4.48843
      vertex -17.1458 -2.13734 -5.65032
    endloop
  endfacet
  facet normal -0.731697 0.49729 -0.466179
    outer loop
      vertex -16.3951 -3.14215 -2.3634
      vertex -16.1655 -4.16541 -3.81532
      vertex -16.6476 -4.39776 -3.30649
    endloop
  endfacet
  facet normal 0.720352 -0.4894 0.491508
    outer loop
      vertex -19.8904 -2.09057 -4.71457
      vertex -19.1888 -2.28895 -5.94036
      vertex -19.9066 -1.78218 -4.38376
    endloop
  endfacet
  facet normal 0.720261 -0.48956 0.491482
    outer loop
      vertex -19.8124 -2.58342 -5.3198
      vertex -19.1888 -2.28895 -5.94036
      vertex -19.8904 -2.09057 -4.71457
    endloop
  endfacet
  facet normal 0.720278 -0.489479 0.491538
    outer loop
      vertex -19.1888 -2.28895 -5.94036
      vertex -19.8124 -2.58342 -5.3198
      vertex -19.6414 -2.95496 -5.94036
    endloop
  endfacet
  facet normal -0.515068 -0.703541 0.489628
    outer loop
      vertex -17.2802 -0.973145 -4.12028
      vertex -16.5637 -2.07801 -4.95412
      vertex -17.2244 -0.903835 -3.96199
    endloop
  endfacet
  facet normal -0.514966 -0.703548 0.489725
    outer loop
      vertex -16.5637 -2.07801 -4.95412
      vertex -17.2802 -0.973145 -4.12028
      vertex -17.7513 -0.884582 -4.48843
    endloop
  endfacet
  facet normal 0.713962 -0.498681 0.491503
    outer loop
      vertex -19.9066 -1.78218 -4.38376
      vertex -19.7882 -1.71583 -4.48843
      vertex -19.9128 -1.66345 -4.25429
    endloop
  endfacet
  facet normal 0.713973 -0.498605 0.491564
    outer loop
      vertex -19.7882 -1.71583 -4.48843
      vertex -19.9066 -1.78218 -4.38376
      vertex -19.1888 -2.28895 -5.94036
    endloop
  endfacet
  facet normal 0.488728 0.71913 -0.49396
    outer loop
      vertex -18.957 -3.75275 -1.37716
      vertex -18.6839 -4.93566 -2.82909
      vertex -19.3499 -4.48304 -2.82909
    endloop
  endfacet
  facet normal -0.706764 0.509967 -0.490325
    outer loop
      vertex -16.3951 -3.14215 -2.3634
      vertex -17.1558 -4.64416 -2.82909
      vertex -16.9096 -3.41378 -1.9043
    endloop
  endfacet
  facet normal -0.707077 0.509811 -0.490035
    outer loop
      vertex -16.9801 -3.36064 -1.74729
      vertex -16.9096 -3.41378 -1.9043
      vertex -17.1558 -4.64416 -2.82909
    endloop
  endfacet
  facet normal 0.106908 0.780582 -0.615843
    outer loop
      vertex -18.1591 -3.86203 -1.37716
      vertex -18.6839 -4.93566 -2.82909
      vertex -18.957 -3.75275 -1.37716
    endloop
  endfacet
  facet normal 0.544173 0.682147 -0.488418
    outer loop
      vertex -19.5932 -3.2592 -1.37716
      vertex -19.641 -3.66539 -1.99772
      vertex -19.6933 -3.33517 -1.59479
    endloop
  endfacet
  facet normal -0.0573421 -0.780798 0.622146
    outer loop
      vertex -18.4638 -1.93847 -5.94036
      vertex -17.6607 -1.99745 -5.94036
      vertex -18.5491 -0.775296 -4.48843
    endloop
  endfacet
  facet normal -0.960637 0.131603 -0.244659
    outer loop
      vertex -16.2458 -2.05233 -2.3634
      vertex -16.1655 -4.16541 -3.81532
      vertex -16.3951 -3.14215 -2.3634
    endloop
  endfacet
  facet normal -0.677826 0.525866 -0.513826
    outer loop
      vertex -17.0695 -3.40166 -1.67132
      vertex -17.1558 -4.64416 -2.82909
      vertex -17.4136 -3.55777 -1.37716
    endloop
  endfacet
  facet normal -0.677878 0.525835 -0.513789
    outer loop
      vertex -17.1558 -4.64416 -2.82909
      vertex -17.0695 -3.40166 -1.67132
      vertex -16.9801 -3.36064 -1.74729
    endloop
  endfacet
  facet normal -0.984509 0.0723316 -0.159719
    outer loop
      vertex -16.0849 -3.06836 -3.81532
      vertex -16.1655 -4.16541 -3.81532
      vertex -16.2458 -2.05233 -2.3634
    endloop
  endfacet
  facet normal -0.913954 -0.373044 0.159767
    outer loop
      vertex -16.0849 -3.06836 -4.95412
      vertex -16.2458 -2.05233 -3.5022
      vertex -16.6615 -1.03387 -3.5022
    endloop
  endfacet
  facet normal -0.482196 -0.709583 0.513789
    outer loop
      vertex -17.6607 -1.99745 -5.94036
      vertex -17.1458 -2.13734 -5.65032
      vertex -17.7513 -0.884582 -4.48843
    endloop
  endfacet
  facet normal -0.108526 -0.79225 0.600468
    outer loop
      vertex -17.6607 -1.99745 -5.94036
      vertex -17.7513 -0.884582 -4.48843
      vertex -18.5491 -0.775296 -4.48843
    endloop
  endfacet
  facet normal 0.342903 -0.709327 0.615851
    outer loop
      vertex -19.1888 -2.28895 -5.94036
      vertex -18.4638 -1.93847 -5.94036
      vertex -19.2947 -1.07955 -4.48843
    endloop
  endfacet
  facet normal 0.728249 -0.48068 0.488466
    outer loop
      vertex -19.7601 -2.91364 -5.72273
      vertex -19.6414 -2.95496 -5.94036
      vertex -19.8124 -2.58342 -5.3198
    endloop
  endfacet
  facet normal -0.348022 0.719936 -0.600477
    outer loop
      vertex -17.4136 -3.55777 -1.37716
      vertex -17.1558 -4.64416 -2.82909
      vertex -17.8808 -4.99463 -2.82909
    endloop
  endfacet
  facet normal 0.0581931 0.79252 -0.607063
    outer loop
      vertex -18.1591 -3.86203 -1.37716
      vertex -17.8808 -4.99463 -2.82909
      vertex -18.6839 -4.93566 -2.82909
    endloop
  endfacet
  facet normal -0.295836 0.724859 -0.622142
    outer loop
      vertex -17.4136 -3.55777 -1.37716
      vertex -17.8808 -4.99463 -2.82909
      vertex -18.1591 -3.86203 -1.37716
    endloop
  endfacet
  facet normal 0.687047 -0.532875 0.493975
    outer loop
      vertex -19.1888 -2.28895 -5.94036
      vertex -19.2947 -1.07955 -4.48843
      vertex -19.7882 -1.71583 -4.48843
    endloop
  endfacet
  facet normal 0.524991 0.694816 -0.491543
    outer loop
      vertex -19.3499 -4.48304 -2.82909
      vertex -19.483 -4.45652 -2.93376
      vertex -18.957 -3.75275 -1.37716
    endloop
  endfacet
  facet normal 0.525077 0.694643 -0.491696
    outer loop
      vertex -19.483 -4.45652 -2.93376
      vertex -19.3499 -4.48304 -2.82909
      vertex -19.4523 -4.57137 -3.06323
    endloop
  endfacet
  facet normal -0.542268 -0.699021 0.466171
    outer loop
      vertex -17.2044 -0.908533 -3.94578
      vertex -16.5637 -2.07801 -4.95412
      vertex -16.6615 -1.03387 -3.5022
    endloop
  endfacet
  facet normal -0.542132 -0.699048 0.466288
    outer loop
      vertex -16.5637 -2.07801 -4.95412
      vertex -17.2044 -0.908533 -3.94578
      vertex -17.2244 -0.903835 -3.96199
    endloop
  endfacet
  facet normal -0.872932 -0.422032 0.244702
    outer loop
      vertex -16.5637 -2.07801 -4.95412
      vertex -16.0849 -3.06836 -4.95412
      vertex -16.6615 -1.03387 -3.5022
    endloop
  endfacet
  facet normal -0.495993 -0.729777 0.470549
    outer loop
      vertex -16.4005 -3.11395 -6.38874
      vertex -16.5637 -2.07801 -4.95412
      vertex -17.085 -2.05859 -5.47349
    endloop
  endfacet
  facet normal -0.0583142 -0.794034 0.605069
    outer loop
      vertex -17.5004 -3.10243 -7.37498
      vertex -17.6607 -1.99745 -5.94036
      vertex -18.4638 -1.93847 -5.94036
    endloop
  endfacet
  facet normal 0.38502 -0.683256 0.62042
    outer loop
      vertex -19.0072 -3.4893 -7.37498
      vertex -18.3057 -3.094 -7.37498
      vertex -19.1888 -2.28895 -5.94036
    endloop
  endfacet
  facet normal -0.339145 0.701573 -0.626718
    outer loop
      vertex -17.1558 -4.64416 -2.82909
      vertex -17.5319 -6.10752 -4.26371
      vertex -17.8808 -4.99463 -2.82909
    endloop
  endfacet
  facet normal 0.00828217 0.79108 -0.611657
    outer loop
      vertex -17.8808 -4.99463 -2.82909
      vertex -17.5319 -6.10752 -4.26371
      vertex -18.3371 -6.09909 -4.26371
    endloop
  endfacet
  facet normal -0.70735 0.480661 -0.518288
    outer loop
      vertex -16.7303 -4.34725 -3.13445
      vertex -16.8304 -5.71222 -4.26371
      vertex -17.1558 -4.64416 -2.82909
    endloop
  endfacet
  facet normal 0.0574325 0.782161 -0.620424
    outer loop
      vertex -17.8808 -4.99463 -2.82909
      vertex -18.3371 -6.09909 -4.26371
      vertex -18.6839 -4.93566 -2.82909
    endloop
  endfacet
  facet normal 0.751136 -0.43899 0.493034
    outer loop
      vertex -19.6183 -3.80898 -6.73596
      vertex -19.6414 -2.95496 -5.94036
      vertex -19.7601 -2.91364 -5.72273
    endloop
  endfacet
  facet normal 0.751121 -0.439002 0.493046
    outer loop
      vertex -19.6414 -2.95496 -5.94036
      vertex -19.6183 -3.80898 -6.73596
      vertex -19.4171 -4.18242 -7.37498
    endloop
  endfacet
  facet normal 0.505698 0.710578 -0.489232
    outer loop
      vertex -19.3499 -4.48304 -2.82909
      vertex -19.3712 -4.87402 -3.41898
      vertex -19.4523 -4.57137 -3.06323
    endloop
  endfacet
  facet normal 0.48831 0.718516 -0.495266
    outer loop
      vertex -18.6839 -4.93566 -2.82909
      vertex -19.0302 -5.68918 -4.26371
      vertex -19.3499 -4.48304 -2.82909
    endloop
  endfacet
  facet normal 0.492704 0.717041 -0.493047
    outer loop
      vertex -19.0302 -5.68918 -4.26371
      vertex -19.3712 -4.87402 -3.41898
      vertex -19.3499 -4.48304 -2.82909
    endloop
  endfacet
  facet normal 0.492702 0.717042 -0.493048
    outer loop
      vertex -19.3712 -4.87402 -3.41898
      vertex -19.0302 -5.68918 -4.26371
      vertex -19.1273 -5.7842 -4.49893
    endloop
  endfacet
  facet normal -0.390867 0.693633 -0.605059
    outer loop
      vertex -17.1558 -4.64416 -2.82909
      vertex -16.8304 -5.71222 -4.26371
      vertex -17.5319 -6.10752 -4.26371
    endloop
  endfacet
  facet normal -0.739801 0.460268 -0.490763
    outer loop
      vertex -16.1655 -4.16541 -3.81532
      vertex -16.8304 -5.71222 -4.26371
      vertex -16.6476 -4.39776 -3.30649
    endloop
  endfacet
  facet normal -0.739806 0.460265 -0.490758
    outer loop
      vertex -16.7303 -4.34725 -3.13445
      vertex -16.6476 -4.39776 -3.30649
      vertex -16.8304 -5.71222 -4.26371
    endloop
  endfacet
  facet normal -0.740938 0.460215 -0.489094
    outer loop
      vertex -16.1655 -4.16541 -3.81532
      vertex -16.3258 -5.34073 -4.6784
      vertex -16.4233 -5.29543 -4.48807
    endloop
  endfacet
  facet normal -0.740831 0.460261 -0.489213
    outer loop
      vertex -16.1655 -4.16541 -3.81532
      vertex -16.4233 -5.29543 -4.48807
      vertex -16.8304 -5.71222 -4.26371
    endloop
  endfacet
  facet normal 0.760222 -0.427499 0.48919
    outer loop
      vertex -19.5657 -4.14094 -7.1078
      vertex -19.4171 -4.18242 -7.37498
      vertex -19.6183 -3.80898 -6.73596
    endloop
  endfacet
  facet normal -0.844122 -0.475641 0.247435
    outer loop
      vertex -16.4005 -3.11395 -6.38874
      vertex -15.8605 -4.07229 -6.38874
      vertex -16.5637 -2.07801 -4.95412
    endloop
  endfacet
  facet normal 0.441306 0.746186 -0.498453
    outer loop
      vertex -18.6839 -4.93566 -2.82909
      vertex -18.3371 -6.09909 -4.26371
      vertex -19.0302 -5.68918 -4.26371
    endloop
  endfacet
  facet normal -0.966281 0.0709925 -0.247508
    outer loop
      vertex -16.0849 -3.06836 -3.81532
      vertex -15.872 -5.17223 -5.24994
      vertex -16.1655 -4.16541 -3.81532
    endloop
  endfacet
  facet normal -0.759471 0.449159 -0.470596
    outer loop
      vertex -16.1655 -4.16541 -3.81532
      vertex -15.872 -5.17223 -5.24994
      vertex -16.3258 -5.34073 -4.6784
    endloop
  endfacet
  facet normal -0.474475 -0.731895 0.489084
    outer loop
      vertex -17.1458 -2.13734 -5.65032
      vertex -16.4005 -3.11395 -6.38874
      vertex -17.085 -2.05859 -5.47349
    endloop
  endfacet
  facet normal -0.47439 -0.731894 0.489169
    outer loop
      vertex -16.4005 -3.11395 -6.38874
      vertex -17.1458 -2.13734 -5.65032
      vertex -17.6607 -1.99745 -5.94036
    endloop
  endfacet
  facet normal 0.344325 -0.712268 0.611649
    outer loop
      vertex -18.3057 -3.094 -7.37498
      vertex -18.4638 -1.93847 -5.94036
      vertex -19.1888 -2.28895 -5.94036
    endloop
  endfacet
  facet normal -0.00815681 -0.779203 0.626719
    outer loop
      vertex -18.3057 -3.094 -7.37498
      vertex -17.5004 -3.10243 -7.37498
      vertex -18.4638 -1.93847 -5.94036
    endloop
  endfacet
  facet normal 0.717018 -0.487263 0.498457
    outer loop
      vertex -19.0072 -3.4893 -7.37498
      vertex -19.1888 -2.28895 -5.94036
      vertex -19.6414 -2.95496 -5.94036
    endloop
  endfacet
  facet normal -0.473441 -0.731455 0.490741
    outer loop
      vertex -17.6607 -1.99745 -5.94036
      vertex -16.8458 -3.23005 -6.99139
      vertex -16.4005 -3.11395 -6.38874
    endloop
  endfacet
  facet normal -0.473391 -0.731458 0.490784
    outer loop
      vertex -16.8458 -3.23005 -6.99139
      vertex -17.6607 -1.99745 -5.94036
      vertex -16.9159 -3.31958 -7.19244
    endloop
  endfacet
  facet normal -0.435338 -0.736092 0.518313
    outer loop
      vertex -17.5004 -3.10243 -7.37498
      vertex -16.9159 -3.31958 -7.19244
      vertex -17.6607 -1.99745 -5.94036
    endloop
  endfacet
  facet normal -0.975918 -0.218139 -0
    outer loop
      vertex -15.8605 -4.07229 -5.24994
      vertex -16.0849 -3.06836 -4.95412
      vertex -15.8605 -4.07229 -6.38874
    endloop
  endfacet
  facet normal -0.975918 -0.218139 0
    outer loop
      vertex -16.0849 -3.06836 -4.95412
      vertex -15.8605 -4.07229 -5.24994
      vertex -16.0849 -3.06836 -3.81532
    endloop
  endfacet
  facet normal -0.888467 -0.429543 0.161617
    outer loop
      vertex -15.8605 -4.07229 -6.38874
      vertex -16.0849 -3.06836 -4.95412
      vertex -16.5637 -2.07801 -4.95412
    endloop
  endfacet
  facet normal -0.986807 0.0103172 -0.161574
    outer loop
      vertex -15.8605 -4.07229 -5.24994
      vertex -15.872 -5.17223 -5.24994
      vertex -16.0849 -3.06836 -3.81532
    endloop
  endfacet
  facet normal 0.747764 -0.442216 0.495271
    outer loop
      vertex -19.4171 -4.18242 -7.37498
      vertex -19.0072 -3.4893 -7.37498
      vertex -19.6414 -2.95496 -5.94036
    endloop
  endfacet
  facet normal -0.386571 -0.758627 0.524451
    outer loop
      vertex -17.2711 -4.19517 -8.78663
      vertex -16.5875 -4.50864 -8.73619
      vertex -17.5004 -3.10243 -7.37498
    endloop
  endfacet
  facet normal 0.440458 0.744752 -0.501339
    outer loop
      vertex -18.3371 -6.09909 -4.26371
      vertex -18.6355 -6.87288 -5.67536
      vertex -19.0302 -5.68918 -4.26371
    endloop
  endfacet
  facet normal 0.424489 -0.653618 0.626572
    outer loop
      vertex -18.7506 -4.67589 -8.78663
      vertex -18.0753 -4.23732 -8.78663
      vertex -19.0072 -3.4893 -7.37498
    endloop
  endfacet
  facet normal -0.771815 0.406948 -0.488564
    outer loop
      vertex -15.872 -5.17223 -5.24994
      vertex -15.95 -6.24284 -6.01848
      vertex -16.0642 -6.20633 -5.80766
    endloop
  endfacet
  facet normal -0.771995 0.406865 -0.488348
    outer loop
      vertex -15.872 -5.17223 -5.24994
      vertex -16.0642 -6.20633 -5.80766
      vertex -16.4385 -6.75774 -5.67536
    endloop
  endfacet
  facet normal -0.967876 0.0101193 -0.251224
    outer loop
      vertex -15.8605 -4.07229 -5.24994
      vertex -15.5159 -6.15863 -6.6616
      vertex -15.872 -5.17223 -5.24994
    endloop
  endfacet
  facet normal 0.386023 -0.685037 0.617827
    outer loop
      vertex -18.0753 -4.23732 -8.78663
      vertex -18.3057 -3.094 -7.37498
      vertex -19.0072 -3.4893 -7.37498
    endloop
  endfacet
  facet normal -0.380112 0.674547 -0.632852
    outer loop
      vertex -16.8304 -5.71222 -4.26371
      vertex -17.1138 -7.19631 -5.67536
      vertex -17.5319 -6.10752 -4.26371
    endloop
  endfacet
  facet normal 0.00815903 0.779318 -0.626575
    outer loop
      vertex -17.5319 -6.10752 -4.26371
      vertex -17.918 -7.23845 -5.67536
      vertex -18.3371 -6.09909 -4.26371
    endloop
  endfacet
  facet normal -0.783357 0.399127 -0.476497
    outer loop
      vertex -15.872 -5.17223 -5.24994
      vertex -15.5159 -6.15863 -6.6616
      vertex -15.95 -6.24284 -6.01848
    endloop
  endfacet
  facet normal -0.811777 -0.52717 0.251218
    outer loop
      vertex -16.1726 -4.1376 -7.8004
      vertex -15.5735 -5.06014 -7.8004
      vertex -16.4005 -3.11395 -6.38874
    endloop
  endfacet
  facet normal -0.859396 -0.484247 0.164145
    outer loop
      vertex -15.5735 -5.06014 -7.8004
      vertex -15.8605 -4.07229 -6.38874
      vertex -16.4005 -3.11395 -6.38874
    endloop
  endfacet
  facet normal -0.0411462 0.785235 -0.61783
    outer loop
      vertex -17.5319 -6.10752 -4.26371
      vertex -17.1138 -7.19631 -5.67536
      vertex -17.918 -7.23845 -5.67536
    endloop
  endfacet
  facet normal -0.770003 0.406971 -0.491396
    outer loop
      vertex -15.872 -5.17223 -5.24994
      vertex -16.4385 -6.75774 -5.67536
      vertex -16.3258 -5.34073 -4.6784
    endloop
  endfacet
  facet normal -0.770065 0.406931 -0.491332
    outer loop
      vertex -16.4233 -5.29543 -4.48807
      vertex -16.3258 -5.34073 -4.6784
      vertex -16.4385 -6.75774 -5.67536
    endloop
  endfacet
  facet normal 0.391958 0.769292 -0.504538
    outer loop
      vertex -18.3371 -6.09909 -4.26371
      vertex -17.918 -7.23845 -5.67536
      vertex -18.6355 -6.87288 -5.67536
    endloop
  endfacet
  facet normal -0.432086 -0.756185 0.491411
    outer loop
      vertex -17.5004 -3.10243 -7.37498
      vertex -16.5033 -4.40763 -8.5067
      vertex -16.1726 -4.1376 -7.8004
    endloop
  endfacet
  facet normal -0.432121 -0.756185 0.49138
    outer loop
      vertex -16.5033 -4.40763 -8.5067
      vertex -17.5004 -3.10243 -7.37498
      vertex -16.5875 -4.50864 -8.73619
    endloop
  endfacet
  facet normal -0.732826 0.433458 -0.524481
    outer loop
      vertex -16.4233 -5.29543 -4.48807
      vertex -16.4385 -6.75774 -5.67536
      vertex -16.8304 -5.71222 -4.26371
    endloop
  endfacet
  facet normal -0.985086 -0.0516536 -0.164128
    outer loop
      vertex -15.5735 -5.06014 -6.6616
      vertex -15.5159 -6.15863 -6.6616
      vertex -15.8605 -4.07229 -5.24994
    endloop
  endfacet
  facet normal -0.960293 -0.278994 -0
    outer loop
      vertex -15.5735 -5.06014 -6.6616
      vertex -15.8605 -4.07229 -6.38874
      vertex -15.5735 -5.06014 -7.8004
    endloop
  endfacet
  facet normal -0.960293 -0.278994 0
    outer loop
      vertex -15.8605 -4.07229 -6.38874
      vertex -15.5735 -5.06014 -6.6616
      vertex -15.8605 -4.07229 -5.24994
    endloop
  endfacet
  facet normal 0.0405258 -0.773212 0.632852
    outer loop
      vertex -18.0753 -4.23732 -8.78663
      vertex -17.2711 -4.19517 -8.78663
      vertex -18.3057 -3.094 -7.37498
    endloop
  endfacet
  facet normal 0.46775 0.735473 -0.490193
    outer loop
      vertex -19.0302 -5.68918 -4.26371
      vertex -19.0262 -6.16142 -4.96843
      vertex -19.1273 -5.7842 -4.49893
    endloop
  endfacet
  facet normal -0.431061 0.663738 -0.611259
    outer loop
      vertex -16.8304 -5.71222 -4.26371
      vertex -16.4385 -6.75774 -5.67536
      vertex -17.1138 -7.19631 -5.67536
    endloop
  endfacet
  facet normal 0.45543 0.740766 -0.49381
    outer loop
      vertex -18.6355 -6.87288 -5.67536
      vertex -19.0262 -6.16142 -4.96843
      vertex -19.0302 -5.68918 -4.26371
    endloop
  endfacet
  facet normal 0.457219 0.740501 -0.492554
    outer loop
      vertex -19.0262 -6.16142 -4.96843
      vertex -18.6355 -6.87288 -5.67536
      vertex -19.0211 -6.18034 -4.99214
    endloop
  endfacet
  facet normal 0.455511 0.740746 -0.493767
    outer loop
      vertex -19.0211 -6.18034 -4.99214
      vertex -18.6355 -6.87288 -5.67536
      vertex -18.7195 -6.96618 -5.89282
    endloop
  endfacet
  facet normal -0.447557 -0.756738 0.476487
    outer loop
      vertex -16.1726 -4.1376 -7.8004
      vertex -16.4005 -3.11395 -6.38874
      vertex -16.8458 -3.23005 -6.99139
    endloop
  endfacet
  facet normal -0.433782 -0.757154 0.488416
    outer loop
      vertex -16.9159 -3.31958 -7.19244
      vertex -16.1726 -4.1376 -7.8004
      vertex -16.8458 -3.23005 -6.99139
    endloop
  endfacet
  facet normal -0.433816 -0.757159 0.488379
    outer loop
      vertex -16.1726 -4.1376 -7.8004
      vertex -16.9159 -3.31958 -7.19244
      vertex -17.5004 -3.10243 -7.37498
    endloop
  endfacet
  facet normal 0.789184 -0.370123 0.490099
    outer loop
      vertex -19.239 -5.36728 -8.56918
      vertex -19.1162 -5.39338 -8.78663
      vertex -19.3195 -5.06689 -8.2127
    endloop
  endfacet
  facet normal -0.00828437 -0.791388 0.611258
    outer loop
      vertex -17.2711 -4.19517 -8.78663
      vertex -17.5004 -3.10243 -7.37498
      vertex -18.3057 -3.094 -7.37498
    endloop
  endfacet
  facet normal 0.74317 -0.439499 0.504518
    outer loop
      vertex -18.7506 -4.67589 -8.78663
      vertex -19.0072 -3.4893 -7.37498
      vertex -19.4171 -4.18242 -7.37498
    endloop
  endfacet
  facet normal 0.770945 -0.392838 0.50132
    outer loop
      vertex -19.1162 -5.39338 -8.78663
      vertex -18.7506 -4.67589 -8.78663
      vertex -19.4171 -4.18242 -7.37498
    endloop
  endfacet
  facet normal 0.780666 -0.383195 0.493682
    outer loop
      vertex -19.563 -4.15823 -7.12549
      vertex -19.4171 -4.18242 -7.37498
      vertex -19.5657 -4.14094 -7.1078
    endloop
  endfacet
  facet normal 0.781315 -0.381582 0.493905
    outer loop
      vertex -19.3195 -5.06689 -8.2127
      vertex -19.4171 -4.18242 -7.37498
      vertex -19.563 -4.15823 -7.12549
    endloop
  endfacet
  facet normal 0.781423 -0.381481 0.493811
    outer loop
      vertex -19.4171 -4.18242 -7.37498
      vertex -19.3195 -5.06689 -8.2127
      vertex -19.1162 -5.39338 -8.78663
    endloop
  endfacet
  facet normal -0.965339 -0.0506182 -0.256043
    outer loop
      vertex -15.0986 -7.12074 -8.04471
      vertex -15.5159 -6.15863 -6.6616
      vertex -15.5735 -5.06014 -6.6616
    endloop
  endfacet
  facet normal 0.460896 -0.620628 0.634347
    outer loop
      vertex -18.42 -5.84402 -10.1697
      vertex -17.7735 -5.36391 -10.1697
      vertex -18.7506 -4.67589 -8.78663
    endloop
  endfacet
  facet normal 0.41912 0.761331 -0.494685
    outer loop
      vertex -18.1671 -8.02944 -7.05848
      vertex -18.608 -7.2565 -6.24246
      vertex -18.6355 -6.87288 -5.67536
    endloop
  endfacet
  facet normal 0.41895 0.761352 -0.494797
    outer loop
      vertex -18.1671 -8.02944 -7.05848
      vertex -18.2709 -8.13473 -7.30838
      vertex -18.608 -7.2565 -6.24246
    endloop
  endfacet
  facet normal 0.419796 0.760807 -0.494919
    outer loop
      vertex -18.2709 -8.13473 -7.30838
      vertex -18.1671 -8.02944 -7.05848
      vertex -18.263 -8.15033 -7.32566
    endloop
  endfacet
  facet normal -0.796829 0.350289 -0.492301
    outer loop
      vertex -16.0642 -6.20633 -5.80766
      vertex -15.95 -6.24284 -6.01848
      vertex -15.9817 -7.77658 -7.05848
    endloop
  endfacet
  facet normal -0.796998 0.350167 -0.492115
    outer loop
      vertex -15.5159 -6.15863 -6.6616
      vertex -15.9817 -7.77658 -7.05848
      vertex -15.95 -6.24284 -6.01848
    endloop
  endfacet
  facet normal 0.34111 0.788218 -0.512207
    outer loop
      vertex -17.918 -7.23845 -5.67536
      vertex -17.4281 -8.34925 -7.05848
      vertex -18.1671 -8.02944 -7.05848
    endloop
  endfacet
  facet normal -0.800227 0.349783 -0.487123
    outer loop
      vertex -15.5159 -6.15863 -6.6616
      vertex -15.6404 -7.08168 -7.11988
      vertex -15.6568 -7.08164 -7.09291
    endloop
  endfacet
  facet normal -0.800004 0.349895 -0.487409
    outer loop
      vertex -15.6404 -7.08168 -7.11988
      vertex -15.5159 -6.15863 -6.6616
      vertex -15.5253 -7.1017 -7.32317
    endloop
  endfacet
  facet normal -0.800018 0.349879 -0.487397
    outer loop
      vertex -15.5159 -6.15863 -6.6616
      vertex -15.6568 -7.08164 -7.09291
      vertex -15.9817 -7.77658 -7.05848
    endloop
  endfacet
  facet normal -0.803036 0.34758 -0.484067
    outer loop
      vertex -15.5159 -6.15863 -6.6616
      vertex -15.0986 -7.12074 -8.04471
      vertex -15.5253 -7.1017 -7.32317
    endloop
  endfacet
  facet normal 0.430809 0.75704 -0.491216
    outer loop
      vertex -18.6355 -6.87288 -5.67536
      vertex -18.608 -7.2565 -6.24246
      vertex -18.7195 -6.96618 -5.89282
    endloop
  endfacet
  facet normal 0.0411044 -0.784251 0.619081
    outer loop
      vertex -16.9736 -5.27136 -10.1697
      vertex -17.2711 -4.19517 -8.78663
      vertex -18.0753 -4.23732 -8.78663
    endloop
  endfacet
  facet normal -0.336227 -0.776961 0.532243
    outer loop
      vertex -16.9736 -5.27136 -10.1697
      vertex -16.2346 -5.59116 -10.1697
      vertex -17.2711 -4.19517 -8.78663
    endloop
  endfacet
  facet normal -0.826827 -0.536944 0.167474
    outer loop
      vertex -15.2251 -6.02803 -9.18352
      vertex -15.5735 -5.06014 -7.8004
      vertex -16.1726 -4.1376 -7.8004
    endloop
  endfacet
  facet normal -0.0404528 0.772002 -0.634332
    outer loop
      vertex -17.1138 -7.19631 -5.67536
      vertex -17.4281 -8.34925 -7.05848
      vertex -17.918 -7.23845 -5.67536
    endloop
  endfacet
  facet normal 0.39077 0.766959 -0.508992
    outer loop
      vertex -17.918 -7.23845 -5.67536
      vertex -18.1671 -8.02944 -7.05848
      vertex -18.6355 -6.87288 -5.67536
    endloop
  endfacet
  facet normal 0.765225 -0.389924 0.512241
    outer loop
      vertex -18.42 -5.84402 -10.1697
      vertex -18.7506 -4.67589 -8.78663
      vertex -19.1162 -5.39338 -8.78663
    endloop
  endfacet
  facet normal 0.789961 -0.34184 0.509025
    outer loop
      vertex -18.7398 -6.58305 -10.1697
      vertex -18.42 -5.84402 -10.1697
      vertex -19.1162 -5.39338 -8.78663
    endloop
  endfacet
  facet normal -0.393375 -0.779526 0.487438
    outer loop
      vertex -16.5875 -4.50864 -8.73619
      vertex -15.8809 -5.14493 -9.18352
      vertex -16.5033 -4.40763 -8.5067
    endloop
  endfacet
  facet normal -0.393425 -0.779538 0.487377
    outer loop
      vertex -15.8809 -5.14493 -9.18352
      vertex -16.5875 -4.50864 -8.73619
      vertex -17.2711 -4.19517 -8.78663
    endloop
  endfacet
  facet normal -0.754323 0.384338 -0.532241
    outer loop
      vertex -16.0642 -6.20633 -5.80766
      vertex -15.9817 -7.77658 -7.05848
      vertex -16.4385 -6.75774 -5.67536
    endloop
  endfacet
  facet normal -0.979356 -0.113377 -0.167355
    outer loop
      vertex -15.2251 -6.02803 -8.04471
      vertex -15.0986 -7.12074 -8.04471
      vertex -15.5735 -5.06014 -6.6616
    endloop
  endfacet
  facet normal -0.9409 -0.338685 -0
    outer loop
      vertex -15.2251 -6.02803 -8.04471
      vertex -15.5735 -5.06014 -7.8004
      vertex -15.2251 -6.02803 -9.18352
    endloop
  endfacet
  facet normal -0.9409 -0.338685 0
    outer loop
      vertex -15.5735 -5.06014 -7.8004
      vertex -15.2251 -6.02803 -8.04471
      vertex -15.5735 -5.06014 -6.6616
    endloop
  endfacet
  facet normal -0.418243 0.644001 -0.640574
    outer loop
      vertex -16.4385 -6.75774 -5.67536
      vertex -16.6282 -8.2567 -7.05848
      vertex -17.1138 -7.19631 -5.67536
    endloop
  endfacet
  facet normal -0.468227 0.630486 -0.619072
    outer loop
      vertex -16.4385 -6.75774 -5.67536
      vertex -15.9817 -7.77658 -7.05848
      vertex -16.6282 -8.2567 -7.05848
    endloop
  endfacet
  facet normal -0.0896645 0.774961 -0.625616
    outer loop
      vertex -17.1138 -7.19631 -5.67536
      vertex -16.6282 -8.2567 -7.05848
      vertex -17.4281 -8.34925 -7.05848
    endloop
  endfacet
  facet normal 0.814236 -0.309083 0.491413
    outer loop
      vertex -18.8742 -6.56321 -9.93453
      vertex -18.7398 -6.58305 -10.1697
      vertex -19.0141 -6.19862 -9.47341
    endloop
  endfacet
  facet normal -0.390888 -0.777818 0.492144
    outer loop
      vertex -16.2346 -5.59116 -10.1697
      vertex -15.8809 -5.14493 -9.18352
      vertex -17.2711 -4.19517 -8.78663
    endloop
  endfacet
  facet normal 0.424897 -0.654247 0.625639
    outer loop
      vertex -17.7735 -5.36391 -10.1697
      vertex -18.0753 -4.23732 -8.78663
      vertex -18.7506 -4.67589 -8.78663
    endloop
  endfacet
  facet normal -0.397219 -0.779677 0.484067
    outer loop
      vertex -15.8809 -5.14493 -9.18352
      vertex -16.1726 -4.1376 -7.8004
      vertex -16.5033 -4.40763 -8.5067
    endloop
  endfacet
  facet normal -0.776072 -0.57632 0.256062
    outer loop
      vertex -15.8809 -5.14493 -9.18352
      vertex -15.2251 -6.02803 -9.18352
      vertex -16.1726 -4.1376 -7.8004
    endloop
  endfacet
  facet normal 0.808183 -0.319473 0.494749
    outer loop
      vertex -19.0211 -6.18034 -9.45014
      vertex -19.1162 -5.39338 -8.78663
      vertex -19.239 -5.36728 -8.56918
    endloop
  endfacet
  facet normal 0.809406 -0.318285 0.493515
    outer loop
      vertex -19.0141 -6.19862 -9.47341
      vertex -19.1162 -5.39338 -8.78663
      vertex -19.0211 -6.18034 -9.45014
    endloop
  endfacet
  facet normal 0.808147 -0.319521 0.494777
    outer loop
      vertex -19.1162 -5.39338 -8.78663
      vertex -19.0141 -6.19862 -9.47341
      vertex -18.7398 -6.58305 -10.1697
    endloop
  endfacet
  facet normal 0.0882563 -0.76279 0.640595
    outer loop
      vertex -17.7735 -5.36391 -10.1697
      vertex -16.9736 -5.27136 -10.1697
      vertex -18.0753 -4.23732 -8.78663
    endloop
  endfacet
  facet normal -0.771425 0.333819 -0.541726
    outer loop
      vertex -15.6568 -7.08164 -7.09291
      vertex -15.4619 -8.76474 -8.4076
      vertex -15.9817 -7.77658 -7.05848
    endloop
  endfacet
  facet normal 0.383821 0.778971 -0.495868
    outer loop
      vertex -17.6271 -9.15432 -8.4076
      vertex -18.1104 -8.44979 -7.67493
      vertex -18.1671 -8.02944 -7.05848
    endloop
  endfacet
  facet normal 0.383919 0.778967 -0.495799
    outer loop
      vertex -18.1104 -8.44979 -7.67493
      vertex -17.6271 -9.15432 -8.4076
      vertex -17.6988 -9.2575 -8.62523
    endloop
  endfacet
  facet normal -0.790946 -0.587365 0.171484
    outer loop
      vertex -14.8165 -6.97212 -10.5326
      vertex -15.2251 -6.02803 -9.18352
      vertex -15.8809 -5.14493 -9.18352
    endloop
  endfacet
  facet normal 0.83045 -0.253644 0.496002
    outer loop
      vertex -18.5365 -7.44292 -10.9498
      vertex -18.7398 -6.58305 -10.1697
      vertex -18.8742 -6.56321 -9.93453
    endloop
  endfacet
  facet normal 0.830638 -0.253418 0.495802
    outer loop
      vertex -18.7398 -6.58305 -10.1697
      vertex -18.5365 -7.44292 -10.9498
      vertex -18.2895 -7.74674 -11.5189
    endloop
  endfacet
  facet normal -0.917735 -0.397194 -0
    outer loop
      vertex -14.8165 -6.97212 -9.39383
      vertex -15.2251 -6.02803 -9.18352
      vertex -14.8165 -6.97212 -10.5326
    endloop
  endfacet
  facet normal -0.917735 -0.397194 0
    outer loop
      vertex -15.2251 -6.02803 -9.18352
      vertex -14.8165 -6.97212 -9.39383
      vertex -15.2251 -6.02803 -8.04471
    endloop
  endfacet
  facet normal -0.821571 0.285781 -0.493306
    outer loop
      vertex -15.5253 -7.1017 -7.32317
      vertex -15.1891 -8.00709 -8.4076
      vertex -15.6404 -7.08168 -7.11988
    endloop
  endfacet
  facet normal -0.821506 0.285871 -0.493361
    outer loop
      vertex -15.1891 -8.00709 -8.4076
      vertex -15.5253 -7.1017 -7.32317
      vertex -15.0986 -7.12074 -8.04471
    endloop
  endfacet
  facet normal 0.394638 0.775634 -0.492598
    outer loop
      vertex -18.1671 -8.02944 -7.05848
      vertex -18.1104 -8.44979 -7.67493
      vertex -18.263 -8.15033 -7.32566
    endloop
  endfacet
  facet normal -0.136779 0.760247 -0.635072
    outer loop
      vertex -16.6282 -8.2567 -7.05848
      vertex -16.0769 -9.2845 -8.4076
      vertex -16.8695 -9.4271 -8.4076
    endloop
  endfacet
  facet normal 0.460558 -0.620172 0.635037
    outer loop
      vertex -17.4017 -6.46934 -11.5189
      vertex -17.7735 -5.36391 -10.1697
      vertex -18.42 -5.84402 -10.1697
    endloop
  endfacet
  facet normal -0.958654 -0.110981 -0.262042
    outer loop
      vertex -14.6217 -8.05474 -9.39383
      vertex -15.0986 -7.12074 -8.04471
      vertex -15.2251 -6.02803 -8.04471
    endloop
  endfacet
  facet normal -0.816281 0.293911 -0.497294
    outer loop
      vertex -15.4619 -8.76474 -8.4076
      vertex -15.6404 -7.08168 -7.11988
      vertex -15.1891 -8.00709 -8.4076
    endloop
  endfacet
  facet normal -0.816571 0.293639 -0.496979
    outer loop
      vertex -15.6404 -7.08168 -7.11988
      vertex -15.4619 -8.76474 -8.4076
      vertex -15.6568 -7.08164 -7.09291
    endloop
  endfacet
  facet normal 0.339628 0.784794 -0.518412
    outer loop
      vertex -17.4281 -8.34925 -7.05848
      vertex -17.6271 -9.15432 -8.4076
      vertex -18.1671 -8.02944 -7.05848
    endloop
  endfacet
  facet normal 0.783009 -0.338831 0.521622
    outer loop
      vertex -18.0167 -6.98909 -11.5189
      vertex -18.42 -5.84402 -10.1697
      vertex -18.7398 -6.58305 -10.1697
    endloop
  endfacet
  facet normal -0.353987 -0.794563 0.493318
    outer loop
      vertex -15.8515 -6.59951 -11.5189
      vertex -15.5265 -6.13194 -10.5326
      vertex -16.2346 -5.59116 -10.1697
    endloop
  endfacet
  facet normal 0.493966 -0.584491 0.643714
    outer loop
      vertex -18.0167 -6.98909 -11.5189
      vertex -17.4017 -6.46934 -11.5189
      vertex -18.42 -5.84402 -10.1697
    endloop
  endfacet
  facet normal -0.825044 0.2842 -0.488397
    outer loop
      vertex -15.0986 -7.12074 -8.04471
      vertex -14.6217 -8.05474 -9.39383
      vertex -15.1891 -8.00709 -8.4076
    endloop
  endfacet
  facet normal -0.969601 -0.174464 -0.17157
    outer loop
      vertex -14.8165 -6.97212 -9.39383
      vertex -14.6217 -8.05474 -9.39383
      vertex -15.2251 -6.02803 -8.04471
    endloop
  endfacet
  facet normal -0.737101 -0.622892 0.262084
    outer loop
      vertex -15.5265 -6.13194 -10.5326
      vertex -14.8165 -6.97212 -10.5326
      vertex -15.8809 -5.14493 -9.18352
    endloop
  endfacet
  facet normal -0.453103 0.61012 -0.649962
    outer loop
      vertex -15.9817 -7.77658 -7.05848
      vertex -16.0769 -9.2845 -8.4076
      vertex -16.6282 -8.2567 -7.05848
    endloop
  endfacet
  facet normal -0.0879535 0.760173 -0.64374
    outer loop
      vertex -16.6282 -8.2567 -7.05848
      vertex -16.8695 -9.4271 -8.4076
      vertex -17.4281 -8.34925 -7.05848
    endloop
  endfacet
  facet normal -0.502048 0.594043 -0.628539
    outer loop
      vertex -15.9817 -7.77658 -7.05848
      vertex -15.4619 -8.76474 -8.4076
      vertex -16.0769 -9.2845 -8.4076
    endloop
  endfacet
  facet normal 0.804577 -0.289696 0.518394
    outer loop
      vertex -18.2895 -7.74674 -11.5189
      vertex -18.0167 -6.98909 -11.5189
      vertex -18.7398 -6.58305 -10.1697
    endloop
  endfacet
  facet normal -0.357582 -0.79598 0.488417
    outer loop
      vertex -15.5265 -6.13194 -10.5326
      vertex -15.8809 -5.14493 -9.18352
      vertex -16.2346 -5.59116 -10.1697
    endloop
  endfacet
  facet normal 0.835769 -0.242917 0.492423
    outer loop
      vertex -18.4242 -7.73543 -11.2847
      vertex -18.2895 -7.74674 -11.5189
      vertex -18.5365 -7.44292 -10.9498
    endloop
  endfacet
  facet normal 0.289025 0.802716 -0.521643
    outer loop
      vertex -17.4281 -8.34925 -7.05848
      vertex -16.8695 -9.4271 -8.4076
      vertex -17.6271 -9.15432 -8.4076
    endloop
  endfacet
  facet normal 0.0893953 -0.772634 0.628526
    outer loop
      vertex -16.6091 -6.32674 -11.5189
      vertex -16.9736 -5.27136 -10.1697
      vertex -17.7735 -5.36391 -10.1697
    endloop
  endfacet
  facet normal -0.284747 -0.790867 0.541709
    outer loop
      vertex -16.6091 -6.32674 -11.5189
      vertex -15.8515 -6.59951 -11.5189
      vertex -16.9736 -5.27136 -10.1697
    endloop
  endfacet
  facet normal 0.134573 -0.747987 0.649927
    outer loop
      vertex -17.4017 -6.46934 -11.5189
      vertex -16.6091 -6.32674 -11.5189
      vertex -17.7735 -5.36391 -10.1697
    endloop
  endfacet
  facet normal -0.344574 -0.796248 0.49725
    outer loop
      vertex -15.8515 -6.59951 -11.5189
      vertex -16.2346 -5.59116 -10.1697
      vertex -16.9736 -5.27136 -10.1697
    endloop
  endfacet
  facet normal 0.287347 0.798058 -0.529655
    outer loop
      vertex -16.8695 -9.4271 -8.4076
      vertex -17.0175 -10.2431 -9.7174
      vertex -17.6271 -9.15432 -8.4076
    endloop
  endfacet
  facet normal 0.81451 -0.236681 0.529675
    outer loop
      vertex -17.767 -8.87986 -12.8287
      vertex -17.5423 -8.10658 -12.8287
      vertex -18.2895 -7.74674 -11.5189
    endloop
  endfacet
  facet normal 0.848364 -0.183012 0.496774
    outer loop
      vertex -18.2709 -8.13473 -11.6936
      vertex -18.2895 -7.74674 -11.5189
      vertex -18.4242 -7.73543 -11.2847
    endloop
  endfacet
  facet normal 0.848434 -0.182963 0.496673
    outer loop
      vertex -18.0444 -8.57934 -12.2443
      vertex -18.2895 -7.74674 -11.5189
      vertex -18.2709 -8.13473 -11.6936
    endloop
  endfacet
  facet normal 0.848289 -0.183159 0.496849
    outer loop
      vertex -18.2895 -7.74674 -11.5189
      vertex -18.0444 -8.57934 -12.2443
      vertex -17.767 -8.87986 -12.8287
    endloop
  endfacet
  facet normal -0.842468 0.212731 -0.494968
    outer loop
      vertex -14.6217 -8.05474 -9.39383
      vertex -14.6564 -8.94502 -9.7174
      vertex -15.1891 -8.00709 -8.4076
    endloop
  endfacet
  facet normal -0.23243 -0.800046 0.553085
    outer loop
      vertex -16.1791 -7.35715 -12.8287
      vertex -15.4058 -7.58181 -12.8287
      vertex -16.6091 -6.32674 -11.5189
    endloop
  endfacet
  facet normal 0.796131 -0.286655 0.53292
    outer loop
      vertex -17.5423 -8.10658 -12.8287
      vertex -18.0167 -6.98909 -11.5189
      vertex -18.2895 -7.74674 -11.5189
    endloop
  endfacet
  facet normal -0.783847 0.282232 -0.553109
    outer loop
      vertex -15.1891 -8.00709 -8.4076
      vertex -14.881 -9.7183 -9.7174
      vertex -15.4619 -8.76474 -8.4076
    endloop
  endfacet
  facet normal -0.845403 0.21125 -0.490578
    outer loop
      vertex -14.6217 -8.05474 -9.39383
      vertex -14.0871 -8.95695 -10.7036
      vertex -14.6564 -8.94502 -9.7174
    endloop
  endfacet
  facet normal -0.291717 -0.810223 0.508371
    outer loop
      vertex -15.4058 -7.58181 -12.8287
      vertex -15.8515 -6.59951 -11.5189
      vertex -16.6091 -6.32674 -11.5189
    endloop
  endfacet
  facet normal -0.891015 -0.453974 -0
    outer loop
      vertex -14.3495 -7.8887 -10.7036
      vertex -14.8165 -6.97212 -10.5326
      vertex -14.3495 -7.8887 -11.8424
    endloop
  endfacet
  facet normal -0.891015 -0.453974 0
    outer loop
      vertex -14.8165 -6.97212 -10.5326
      vertex -14.3495 -7.8887 -10.7036
      vertex -14.8165 -6.97212 -9.39383
    endloop
  endfacet
  facet normal 0.523094 -0.545478 0.654849
    outer loop
      vertex -17.5423 -8.10658 -12.8287
      vertex -16.9611 -7.54923 -12.8287
      vertex -18.0167 -6.98909 -11.5189
    endloop
  endfacet
  facet normal -0.181942 0.741128 -0.64624
    outer loop
      vertex -16.0769 -9.2845 -8.4076
      vertex -15.4622 -10.2757 -9.7174
      vertex -16.2443 -10.4677 -9.7174
    endloop
  endfacet
  facet normal -0.133826 0.743832 -0.654832
    outer loop
      vertex -16.0769 -9.2845 -8.4076
      vertex -16.2443 -10.4677 -9.7174
      vertex -16.8695 -9.4271 -8.4076
    endloop
  endfacet
  facet normal 0.350443 0.793929 -0.496857
    outer loop
      vertex -17.0175 -10.2431 -9.7174
      vertex -17.547 -9.5554 -8.99199
      vertex -17.6271 -9.15432 -8.4076
    endloop
  endfacet
  facet normal 0.350409 0.793928 -0.496882
    outer loop
      vertex -17.547 -9.5554 -8.99199
      vertex -17.0175 -10.2431 -9.7174
      vertex -17.3205 -10 -9.54265
    endloop
  endfacet
  facet normal 0.350404 0.793927 -0.496888
    outer loop
      vertex -17.3205 -10 -9.54265
      vertex -17.0175 -10.2431 -9.7174
      vertex -17.0876 -10.3587 -9.95154
    endloop
  endfacet
  facet normal -0.947811 -0.170543 -0.269386
    outer loop
      vertex -14.0871 -8.95695 -10.7036
      vertex -14.6217 -8.05474 -9.39383
      vertex -14.8165 -6.97212 -9.39383
    endloop
  endfacet
  facet normal -0.955884 -0.234799 -0.176509
    outer loop
      vertex -14.3495 -7.8887 -10.7036
      vertex -14.0871 -8.95695 -10.7036
      vertex -14.8165 -6.97212 -9.39383
    endloop
  endfacet
  facet normal 0.852128 -0.173539 0.493724
    outer loop
      vertex -17.8926 -8.87723 -12.611
      vertex -17.767 -8.87986 -12.8287
      vertex -18.0444 -8.57934 -12.2443
    endloop
  endfacet
  facet normal -0.323137 -0.806596 0.494959
    outer loop
      vertex -15.4058 -7.58181 -12.8287
      vertex -15.1108 -7.09476 -11.8424
      vertex -15.8515 -6.59951 -11.5189
    endloop
  endfacet
  facet normal 0.136093 -0.756432 0.639758
    outer loop
      vertex -16.1791 -7.35715 -12.8287
      vertex -16.6091 -6.32674 -11.5189
      vertex -17.4017 -6.46934 -11.5189
    endloop
  endfacet
  facet normal -0.826981 0.240198 -0.508338
    outer loop
      vertex -14.6564 -8.94502 -9.7174
      vertex -14.881 -9.7183 -9.7174
      vertex -15.1891 -8.00709 -8.4076
    endloop
  endfacet
  facet normal -0.531984 0.554699 -0.639768
    outer loop
      vertex -15.4619 -8.76474 -8.4076
      vertex -14.881 -9.7183 -9.7174
      vertex -15.4622 -10.2757 -9.7174
    endloop
  endfacet
  facet normal -0.484357 0.57311 -0.661017
    outer loop
      vertex -15.4619 -8.76474 -8.4076
      vertex -15.4622 -10.2757 -9.7174
      vertex -16.0769 -9.2845 -8.4076
    endloop
  endfacet
  facet normal 0.23604 0.812585 -0.532908
    outer loop
      vertex -16.8695 -9.4271 -8.4076
      vertex -16.2443 -10.4677 -9.7174
      vertex -17.0175 -10.2431 -9.7174
    endloop
  endfacet
  facet normal 0.360039 0.791494 -0.493871
    outer loop
      vertex -17.6271 -9.15432 -8.4076
      vertex -17.547 -9.5554 -8.99199
      vertex -17.6988 -9.2575 -8.62523
    endloop
  endfacet
  facet normal 0.492586 -0.582858 0.646248
    outer loop
      vertex -16.9611 -7.54923 -12.8287
      vertex -17.4017 -6.46934 -11.5189
      vertex -18.0167 -6.98909 -11.5189
    endloop
  endfacet
  facet normal 0.178992 -0.728714 0.661013
    outer loop
      vertex -16.9611 -7.54923 -12.8287
      vertex -16.1791 -7.35715 -12.8287
      vertex -17.4017 -6.46934 -11.5189
    endloop
  endfacet
  facet normal -0.751803 -0.635317 0.176536
    outer loop
      vertex -14.3495 -7.8887 -11.8424
      vertex -14.8165 -6.97212 -10.5326
      vertex -15.5265 -6.13194 -10.5326
    endloop
  endfacet
  facet normal -0.695112 -0.666535 0.26935
    outer loop
      vertex -15.1108 -7.09476 -11.8424
      vertex -14.3495 -7.8887 -11.8424
      vertex -15.5265 -6.13194 -10.5326
    endloop
  endfacet
  facet normal -0.326077 -0.808109 0.490543
    outer loop
      vertex -15.1108 -7.09476 -11.8424
      vertex -15.5265 -6.13194 -10.5326
      vertex -15.8515 -6.59951 -11.5189
    endloop
  endfacet
  facet normal -0.8327 0.186175 -0.521488
    outer loop
      vertex -14.0658 -9.84765 -10.9827
      vertex -14.2415 -10.6335 -10.9827
      vertex -14.6564 -8.94502 -9.7174
    endloop
  endfacet
  facet normal 0.234266 0.806477 -0.542876
    outer loop
      vertex -16.2443 -10.4677 -9.7174
      vertex -16.3408 -11.2914 -10.9827
      vertex -17.0175 -10.2431 -9.7174
    endloop
  endfacet
  facet normal 0.31844 0.806611 -0.49797
    outer loop
      vertex -16.3408 -11.2914 -10.9827
      vertex -16.9169 -10.6215 -10.266
      vertex -17.0175 -10.2431 -9.7174
    endloop
  endfacet
  facet normal 0.318346 0.806605 -0.498041
    outer loop
      vertex -16.9169 -10.6215 -10.266
      vertex -16.3408 -11.2914 -10.9827
      vertex -16.4037 -11.4118 -11.2179
    endloop
  endfacet
  facet normal 0.182768 0.817516 -0.546135
    outer loop
      vertex -16.2443 -10.4677 -9.7174
      vertex -15.5549 -11.4671 -10.9827
      vertex -16.3408 -11.2914 -10.9827
    endloop
  endfacet
  facet normal 0.86043 -0.109179 0.497736
    outer loop
      vertex -17.481 -9.68494 -13.4997
      vertex -17.767 -8.87986 -12.8287
      vertex -17.8926 -8.87723 -12.611
    endloop
  endfacet
  facet normal 0.860315 -0.109352 0.497895
    outer loop
      vertex -17.767 -8.87986 -12.8287
      vertex -17.481 -9.68494 -13.4997
      vertex -17.1743 -9.97794 -14.094
    endloop
  endfacet
  facet normal 0.326845 0.804916 -0.49526
    outer loop
      vertex -17.0175 -10.2431 -9.7174
      vertex -16.9169 -10.6215 -10.266
      vertex -17.0876 -10.3587 -9.95154
    endloop
  endfacet
  facet normal -0.857408 0.135101 -0.496587
    outer loop
      vertex -14.0871 -8.95695 -10.7036
      vertex -14.0658 -9.84765 -10.9827
      vertex -14.6564 -8.94502 -9.7174
    endloop
  endfacet
  facet normal -0.511462 0.533301 -0.673793
    outer loop
      vertex -14.881 -9.7183 -9.7174
      vertex -14.7865 -11.2263 -10.9827
      vertex -15.4622 -10.2757 -9.7174
    endloop
  endfacet
  facet normal -0.29699 -0.81793 0.492735
    outer loop
      vertex -14.6355 -8.02958 -13.1077
      vertex -15.1108 -7.09476 -11.8424
      vertex -15.4058 -7.58181 -12.8287
    endloop
  endfacet
  facet normal -0.557706 0.512736 -0.652737
    outer loop
      vertex -14.2415 -10.6335 -10.9827
      vertex -14.7865 -11.2263 -10.9827
      vertex -14.881 -9.7183 -9.7174
    endloop
  endfacet
  facet normal -0.791485 0.229888 -0.566307
    outer loop
      vertex -14.6564 -8.94502 -9.7174
      vertex -14.2415 -10.6335 -10.9827
      vertex -14.881 -9.7183 -9.7174
    endloop
  endfacet
  facet normal -0.932813 -0.229132 -0.278133
    outer loop
      vertex -13.4969 -9.82381 -11.9689
      vertex -14.0871 -8.95695 -10.7036
      vertex -14.3495 -7.8887 -10.7036
    endloop
  endfacet
  facet normal -0.859812 0.133843 -0.492756
    outer loop
      vertex -13.4969 -9.82381 -11.9689
      vertex -14.0658 -9.84765 -10.9827
      vertex -14.0871 -8.95695 -10.7036
    endloop
  endfacet
  facet normal -0.86072 -0.509079 -0
    outer loop
      vertex -13.8258 -8.77414 -11.9689
      vertex -14.3495 -7.8887 -11.8424
      vertex -13.8258 -8.77414 -13.1077
    endloop
  endfacet
  facet normal -0.86072 -0.509079 0
    outer loop
      vertex -14.3495 -7.8887 -11.8424
      vertex -13.8258 -8.77414 -11.9689
      vertex -14.3495 -7.8887 -10.7036
    endloop
  endfacet
  facet normal -0.70967 -0.680494 0.182473
    outer loop
      vertex -13.8258 -8.77414 -13.1077
      vertex -14.3495 -7.8887 -11.8424
      vertex -15.1108 -7.09476 -11.8424
    endloop
  endfacet
  facet normal 0.862685 -0.101793 0.495391
    outer loop
      vertex -17.3285 -9.9844 -13.8268
      vertex -17.1743 -9.97794 -14.094
      vertex -17.481 -9.68494 -13.4997
    endloop
  endfacet
  facet normal -0.650167 -0.707049 0.278147
    outer loop
      vertex -14.6355 -8.02958 -13.1077
      vertex -13.8258 -8.77414 -13.1077
      vertex -15.1108 -7.09476 -11.8424
    endloop
  endfacet
  facet normal -0.224871 0.71757 -0.659186
    outer loop
      vertex -15.4622 -10.2757 -9.7174
      vertex -14.7865 -11.2263 -10.9827
      vertex -15.5549 -11.4671 -10.9827
    endloop
  endfacet
  facet normal -0.177478 0.722946 -0.66772
    outer loop
      vertex -15.4622 -10.2757 -9.7174
      vertex -15.5549 -11.4671 -10.9827
      vertex -16.2443 -10.4677 -9.7174
    endloop
  endfacet
  facet normal -0.938209 -0.293975 -0.182599
    outer loop
      vertex -13.8258 -8.77414 -11.9689
      vertex -13.4969 -9.82381 -11.9689
      vertex -14.3495 -7.8887 -10.7036
    endloop
  endfacet
  facet normal 0.520473 -0.542745 0.659193
    outer loop
      vertex -16.4536 -8.59933 -14.094
      vertex -16.9611 -7.54923 -12.8287
      vertex -17.5423 -8.10658 -12.8287
    endloop
  endfacet
  facet normal -0.179774 -0.804306 0.566368
    outer loop
      vertex -15.6852 -8.35853 -14.094
      vertex -14.8993 -8.53419 -14.094
      vertex -16.1791 -7.35715 -12.8287
    endloop
  endfacet
  facet normal 0.819609 -0.183141 0.542864
    outer loop
      vertex -17.1743 -9.97794 -14.094
      vertex -16.9987 -9.19208 -14.094
      vertex -17.767 -8.87986 -12.8287
    endloop
  endfacet
  facet normal -0.294745 -0.816439 0.49654
    outer loop
      vertex -14.8993 -8.53419 -14.094
      vertex -14.6355 -8.02958 -13.1077
      vertex -15.4058 -7.58181 -12.8287
    endloop
  endfacet
  facet normal -0.238052 -0.819396 0.52146
    outer loop
      vertex -14.8993 -8.53419 -14.094
      vertex -15.4058 -7.58181 -12.8287
      vertex -16.1791 -7.35715 -12.8287
    endloop
  endfacet
  facet normal 0.804425 -0.23375 0.546133
    outer loop
      vertex -16.9987 -9.19208 -14.094
      vertex -17.5423 -8.10658 -12.8287
      vertex -17.767 -8.87986 -12.8287
    endloop
  endfacet
  facet normal 0.54795 -0.503902 0.667708
    outer loop
      vertex -16.9987 -9.19208 -14.094
      vertex -16.4536 -8.59933 -14.094
      vertex -17.5423 -8.10658 -12.8287
    endloop
  endfacet
  facet normal 0.220963 -0.705099 0.673803
    outer loop
      vertex -16.4536 -8.59933 -14.094
      vertex -15.6852 -8.35853 -14.094
      vertex -16.9611 -7.54923 -12.8287
    endloop
  endfacet
  facet normal 0.180704 -0.735687 0.652772
    outer loop
      vertex -15.6852 -8.35853 -14.094
      vertex -16.1791 -7.35715 -12.8287
      vertex -16.9611 -7.54923 -12.8287
    endloop
  endfacet
  facet normal 0.568086 -0.460053 0.682371
    outer loop
      vertex -16.388 -10.2413 -15.3098
      vertex -15.8812 -9.61549 -15.3098
      vertex -16.9987 -9.19208 -14.094
    endloop
  endfacet
  facet normal -0.833397 0.132019 -0.536675
    outer loop
      vertex -13.4197 -10.7114 -12.1985
      vertex -13.5457 -11.5068 -12.1985
      vertex -14.0658 -9.84765 -10.9827
    endloop
  endfacet
  facet normal 0.18103 0.80974 -0.558167
    outer loop
      vertex -15.5549 -11.4671 -10.9827
      vertex -15.5995 -12.2952 -12.1985
      vertex -16.3408 -11.2914 -10.9827
    endloop
  endfacet
  facet normal 0.288589 0.817263 -0.498797
    outer loop
      vertex -15.5995 -12.2952 -12.1985
      vertex -16.191 -11.7393 -11.6299
      vertex -16.3408 -11.2914 -10.9827
    endloop
  endfacet
  facet normal 0.289563 0.817434 -0.497951
    outer loop
      vertex -16.191 -11.7393 -11.6299
      vertex -15.5995 -12.2952 -12.1985
      vertex -16.1803 -11.7557 -11.6506
    endloop
  endfacet
  facet normal 0.288607 0.817259 -0.498793
    outer loop
      vertex -16.1803 -11.7557 -11.6506
      vertex -15.5995 -12.2952 -12.1985
      vertex -15.6506 -12.4099 -12.416
    endloop
  endfacet
  facet normal 0.29478 0.816322 -0.496713
    outer loop
      vertex -16.3408 -11.2914 -10.9827
      vertex -16.191 -11.7393 -11.6299
      vertex -16.4037 -11.4118 -11.2179
    endloop
  endfacet
  facet normal 0.819546 -0.129738 0.558132
    outer loop
      vertex -16.5139 -11.0366 -15.3098
      vertex -16.388 -10.2413 -15.3098
      vertex -17.1743 -9.97794 -14.094
    endloop
  endfacet
  facet normal 0.129388 0.817335 -0.561446
    outer loop
      vertex -15.5549 -11.4671 -10.9827
      vertex -14.8042 -12.4211 -12.1985
      vertex -15.5995 -12.2952 -12.1985
    endloop
  endfacet
  facet normal -0.533982 0.490925 -0.688371
    outer loop
      vertex -14.2415 -10.6335 -10.9827
      vertex -14.0524 -12.1326 -12.1985
      vertex -14.7865 -11.2263 -10.9827
    endloop
  endfacet
  facet normal -0.865526 0.0535391 -0.497994
    outer loop
      vertex -13.4969 -9.82381 -11.9689
      vertex -13.4197 -10.7114 -12.1985
      vertex -14.0658 -9.84765 -10.9827
    endloop
  endfacet
  facet normal 0.222633 -0.710427 0.667629
    outer loop
      vertex -15.1294 -9.32691 -15.3098
      vertex -15.6852 -8.35853 -14.094
      vertex -16.4536 -8.59933 -14.094
    endloop
  endfacet
  facet normal 0.543782 -0.500068 0.673968
    outer loop
      vertex -15.8812 -9.61549 -15.3098
      vertex -16.4536 -8.59933 -14.094
      vertex -16.9987 -9.19208 -14.094
    endloop
  endfacet
  facet normal 0.259939 -0.677186 0.688368
    outer loop
      vertex -15.8812 -9.61549 -15.3098
      vertex -15.1294 -9.32691 -15.3098
      vertex -16.4536 -8.59933 -14.094
    endloop
  endfacet
  facet normal -0.578601 0.468484 -0.667641
    outer loop
      vertex -13.5457 -11.5068 -12.1985
      vertex -14.0524 -12.1326 -12.1985
      vertex -14.2415 -10.6335 -10.9827
    endloop
  endfacet
  facet normal -0.793771 0.177471 -0.581749
    outer loop
      vertex -14.0658 -9.84765 -10.9827
      vertex -13.5457 -11.5068 -12.1985
      vertex -14.2415 -10.6335 -10.9827
    endloop
  endfacet
  facet normal -0.867386 0.0525647 -0.494852
    outer loop
      vertex -12.8534 -10.6519 -13.1848
      vertex -13.4197 -10.7114 -12.1985
      vertex -13.4969 -9.82381 -11.9689
    endloop
  endfacet
  facet normal 0.807622 -0.180463 0.561408
    outer loop
      vertex -16.388 -10.2413 -15.3098
      vertex -16.9987 -9.19208 -14.094
      vertex -17.1743 -9.97794 -14.094
    endloop
  endfacet
  facet normal -0.184058 -0.823472 0.536672
    outer loop
      vertex -14.3341 -9.45288 -15.3098
      vertex -14.8993 -8.53419 -14.094
      vertex -15.6852 -8.35853 -14.094
    endloop
  endfacet
  facet normal -0.268852 -0.824452 0.497994
    outer loop
      vertex -14.3341 -9.45288 -15.3098
      vertex -14.1025 -8.93271 -14.3236
      vertex -14.8993 -8.53419 -14.094
    endloop
  endfacet
  facet normal -0.827088 -0.562072 -0
    outer loop
      vertex -13.2476 -9.62496 -13.1848
      vertex -13.8258 -8.77414 -13.1077
      vertex -13.2476 -9.62496 -14.3236
    endloop
  endfacet
  facet normal -0.827088 -0.562072 0
    outer loop
      vertex -13.8258 -8.77414 -13.1077
      vertex -13.2476 -9.62496 -13.1848
      vertex -13.8258 -8.77414 -11.9689
    endloop
  endfacet
  facet normal 0.866055 -0.0293619 0.499087
    outer loop
      vertex -17.3205 -10 -13.8416
      vertex -17.1743 -9.97794 -14.094
      vertex -17.3285 -9.9844 -13.8268
    endloop
  endfacet
  facet normal 0.86609 -0.0326314 0.498821
    outer loop
      vertex -16.8082 -10.7889 -14.7827
      vertex -17.1743 -9.97794 -14.094
      vertex -17.3205 -10 -13.8416
    endloop
  endfacet
  facet normal 0.866026 -0.0327478 0.498925
    outer loop
      vertex -17.1743 -9.97794 -14.094
      vertex -16.8082 -10.7889 -14.7827
      vertex -16.5139 -11.0366 -15.3098
    endloop
  endfacet
  facet normal -0.26468 0.689727 -0.67396
    outer loop
      vertex -14.7865 -11.2263 -10.9827
      vertex -14.0524 -12.1326 -12.1985
      vertex -14.8042 -12.4211 -12.1985
    endloop
  endfacet
  facet normal -0.218606 0.697578 -0.682346
    outer loop
      vertex -14.7865 -11.2263 -10.9827
      vertex -14.8042 -12.4211 -12.1985
      vertex -15.5549 -11.4671 -10.9827
    endloop
  endfacet
  facet normal -0.913658 -0.286282 -0.288569
    outer loop
      vertex -12.8534 -10.6519 -13.1848
      vertex -13.4969 -9.82381 -11.9689
      vertex -13.8258 -8.77414 -11.9689
    endloop
  endfacet
  facet normal -0.916634 -0.351858 -0.189678
    outer loop
      vertex -13.2476 -9.62496 -13.1848
      vertex -12.8534 -10.6519 -13.1848
      vertex -13.8258 -8.77414 -11.9689
    endloop
  endfacet
  facet normal -0.270447 -0.825826 0.494843
    outer loop
      vertex -14.1025 -8.93271 -14.3236
      vertex -14.6355 -8.02958 -13.1077
      vertex -14.8993 -8.53419 -14.094
    endloop
  endfacet
  facet normal -0.127249 -0.803377 0.581715
    outer loop
      vertex -15.1294 -9.32691 -15.3098
      vertex -14.3341 -9.45288 -15.3098
      vertex -15.6852 -8.35853 -14.094
    endloop
  endfacet
  facet normal 0.867477 -0.0264486 0.496774
    outer loop
      vertex -16.6388 -11.0498 -15.0924
      vertex -16.5139 -11.0366 -15.3098
      vertex -16.8082 -10.7889 -14.7827
    endloop
  endfacet
  facet normal -0.664587 -0.722731 0.189694
    outer loop
      vertex -13.2476 -9.62496 -14.3236
      vertex -13.8258 -8.77414 -13.1077
      vertex -14.6355 -8.02958 -13.1077
    endloop
  endfacet
  facet normal -0.602531 -0.7441 0.288569
    outer loop
      vertex -14.1025 -8.93271 -14.3236
      vertex -13.2476 -9.62496 -14.3236
      vertex -14.6355 -8.02958 -13.1077
    endloop
  endfacet
  facet normal 0.265077 0.825807 -0.497772
    outer loop
      vertex -15.5995 -12.2952 -12.1985
      vertex -15.4549 -12.6515 -12.7126
      vertex -15.6506 -12.4099 -12.416
    endloop
  endfacet
  facet normal -0.890337 -0.341764 -0.300828
    outer loop
      vertex -12.1592 -11.438 -14.3463
      vertex -12.8534 -10.6519 -13.1848
      vertex -13.2476 -9.62496 -13.1848
    endloop
  endfacet
  facet normal -0.790673 0.125251 -0.599289
    outer loop
      vertex -13.4197 -10.7114 -12.1985
      vertex -12.7964 -12.3346 -13.3601
      vertex -13.5457 -11.5068 -12.1985
    endloop
  endfacet
  facet normal -0.865981 -0.0312258 -0.499101
    outer loop
      vertex -12.8534 -10.6519 -13.1848
      vertex -12.7206 -11.5329 -13.3601
      vertex -13.4197 -10.7114 -12.1985
    endloop
  endfacet
  facet normal 0.562048 -0.455163 0.690601
    outer loop
      vertex -15.2461 -10.5937 -16.4714
      vertex -15.8812 -9.61549 -15.3098
      vertex -16.388 -10.2413 -15.3098
    endloop
  endfacet
  facet normal 0.814053 -0.0768664 0.575682
    outer loop
      vertex -15.7883 -12.0518 -16.4714
      vertex -15.7126 -11.2501 -16.4714
      vertex -16.5139 -11.0366 -15.3098
    endloop
  endfacet
  facet normal 0.127844 0.807582 -0.575731
    outer loop
      vertex -14.8042 -12.4211 -12.1985
      vertex -14.7967 -13.2504 -13.3601
      vertex -15.5995 -12.2952 -12.1985
    endloop
  endfacet
  facet normal 0.260592 0.826276 -0.499359
    outer loop
      vertex -14.7967 -13.2504 -13.3601
      vertex -15.4549 -12.6515 -12.7126
      vertex -15.5995 -12.2952 -12.1985
    endloop
  endfacet
  facet normal 0.260273 0.826215 -0.499627
    outer loop
      vertex -14.7967 -13.2504 -13.3601
      vertex -14.8629 -13.3826 -13.6132
      vertex -15.4549 -12.6515 -12.7126
    endloop
  endfacet
  facet normal 0.25876 0.826757 -0.499515
    outer loop
      vertex -14.8629 -13.3826 -13.6132
      vertex -14.7967 -13.2504 -13.3601
      vertex -14.8505 -13.395 -13.6273
    endloop
  endfacet
  facet normal -0.82871 0.0783538 -0.554166
    outer loop
      vertex -12.7206 -11.5329 -13.3601
      vertex -12.7964 -12.3346 -13.3601
      vertex -13.4197 -10.7114 -12.1985
    endloop
  endfacet
  facet normal -0.256265 0.667799 -0.698837
    outer loop
      vertex -14.0524 -12.1326 -12.1985
      vertex -13.9951 -13.3262 -13.3601
      vertex -14.8042 -12.4211 -12.1985
    endloop
  endfacet
  facet normal -0.790157 -0.612905 -0
    outer loop
      vertex -12.6171 -10.4378 -14.3463
      vertex -13.2476 -9.62496 -14.3236
      vertex -12.6171 -10.4378 -15.4851
    endloop
  endfacet
  facet normal -0.790157 -0.612905 0
    outer loop
      vertex -13.2476 -9.62496 -14.3236
      vertex -12.6171 -10.4378 -14.3463
      vertex -13.2476 -9.62496 -13.1848
    endloop
  endfacet
  facet normal -0.301056 0.657617 -0.690584
    outer loop
      vertex -13.2629 -12.991 -13.3601
      vertex -13.9951 -13.3262 -13.3601
      vertex -14.0524 -12.1326 -12.1985
    endloop
  endfacet
  facet normal -0.616811 -0.761735 0.198252
    outer loop
      vertex -12.6171 -10.4378 -15.4851
      vertex -13.2476 -9.62496 -14.3236
      vertex -14.1025 -8.93271 -14.3236
    endloop
  endfacet
  facet normal 0.261291 -0.680708 0.684371
    outer loop
      vertex -14.5139 -10.2585 -16.4714
      vertex -15.1294 -9.32691 -15.3098
      vertex -15.8812 -9.61549 -15.3098
    endloop
  endfacet
  facet normal 0.0767554 0.811704 -0.579004
    outer loop
      vertex -13.9951 -13.3262 -13.3601
      vertex -14.7967 -13.2504 -13.3601
      vertex -14.8042 -12.4211 -12.1985
    endloop
  endfacet
  facet normal -0.594323 0.422382 -0.684378
    outer loop
      vertex -12.7964 -12.3346 -13.3601
      vertex -13.2629 -12.991 -13.3601
      vertex -13.5457 -11.5068 -12.1985
    endloop
  endfacet
  facet normal -0.551411 0.446468 -0.704707
    outer loop
      vertex -13.5457 -11.5068 -12.1985
      vertex -13.2629 -12.991 -13.3601
      vertex -14.0524 -12.1326 -12.1985
    endloop
  endfacet
  facet normal -0.867291 -0.0318853 -0.496779
    outer loop
      vertex -12.1592 -11.438 -14.3463
      vertex -12.7206 -11.5329 -13.3601
      vertex -12.8534 -10.6519 -13.1848
    endloop
  endfacet
  facet normal -0.891199 -0.407998 -0.198247
    outer loop
      vertex -12.6171 -10.4378 -14.3463
      vertex -12.1592 -11.438 -14.3463
      vertex -13.2476 -9.62496 -13.1848
    endloop
  endfacet
  facet normal -0.552424 -0.777375 0.300859
    outer loop
      vertex -13.5138 -9.80058 -15.4851
      vertex -12.6171 -10.4378 -15.4851
      vertex -14.1025 -8.93271 -14.3236
    endloop
  endfacet
  facet normal 0.865811 0.0518468 0.497679
    outer loop
      vertex -15.9222 -12.0744 -16.2361
      vertex -15.7883 -12.0518 -16.4714
      vertex -16.168 -11.7709 -15.8401
    endloop
  endfacet
  facet normal 0.864924 0.0465464 0.49974
    outer loop
      vertex -16.1803 -11.7557 -15.8202
      vertex -16.5139 -11.0366 -15.3098
      vertex -16.6388 -11.0498 -15.0924
    endloop
  endfacet
  facet normal 0.865533 0.0476518 0.49858
    outer loop
      vertex -16.168 -11.7709 -15.8401
      vertex -16.5139 -11.0366 -15.3098
      vertex -16.1803 -11.7557 -15.8202
    endloop
  endfacet
  facet normal 0.86506 0.0467771 0.499483
    outer loop
      vertex -16.5139 -11.0366 -15.3098
      vertex -16.168 -11.7709 -15.8401
      vertex -15.7883 -12.0518 -16.4714
    endloop
  endfacet
  facet normal -0.245586 -0.831019 0.499094
    outer loop
      vertex -13.7122 -10.3343 -16.4714
      vertex -13.5138 -9.80058 -15.4851
      vertex -14.3341 -9.45288 -15.3098
    endloop
  endfacet
  facet normal 0.583029 -0.414356 0.698846
    outer loop
      vertex -15.7126 -11.2501 -16.4714
      vertex -15.2461 -10.5937 -16.4714
      vertex -16.388 -10.2413 -15.3098
    endloop
  endfacet
  facet normal 0.805324 -0.127487 0.578964
    outer loop
      vertex -15.7126 -11.2501 -16.4714
      vertex -16.388 -10.2413 -15.3098
      vertex -16.5139 -11.0366 -15.3098
    endloop
  endfacet
  facet normal 0.295325 -0.645099 0.70472
    outer loop
      vertex -15.2461 -10.5937 -16.4714
      vertex -14.5139 -10.2585 -16.4714
      vertex -15.8812 -9.61549 -15.3098
    endloop
  endfacet
  facet normal -0.246541 -0.832113 0.496795
    outer loop
      vertex -13.5138 -9.80058 -15.4851
      vertex -14.1025 -8.93271 -14.3236
      vertex -14.3341 -9.45288 -15.3098
    endloop
  endfacet
  facet normal -0.0753558 -0.797002 0.599257
    outer loop
      vertex -14.5139 -10.2585 -16.4714
      vertex -13.7122 -10.3343 -16.4714
      vertex -15.1294 -9.32691 -15.3098
    endloop
  endfacet
  facet normal -0.130226 -0.822172 0.554142
    outer loop
      vertex -13.7122 -10.3343 -16.4714
      vertex -14.3341 -9.45288 -15.3098
      vertex -15.1294 -9.32691 -15.3098
    endloop
  endfacet
  facet normal -0.0770669 -0.815099 0.574173
    outer loop
      vertex -13.0363 -11.1749 -17.574
      vertex -13.7122 -10.3343 -16.4714
      vertex -14.5139 -10.2585 -16.4714
    endloop
  endfacet
  facet normal -0.333208 0.621329 -0.709171
    outer loop
      vertex -12.421 -13.7981 -14.4628
      vertex -13.1307 -14.1787 -14.4628
      vertex -13.2629 -12.991 -13.3601
    endloop
  endfacet
  facet normal -0.290064 0.633606 -0.717221
    outer loop
      vertex -13.2629 -12.991 -13.3601
      vertex -13.1307 -14.1787 -14.4628
      vertex -13.9951 -13.3262 -13.3601
    endloop
  endfacet
  facet normal -0.563178 0.400247 -0.722934
    outer loop
      vertex -12.7964 -12.3346 -13.3601
      vertex -12.421 -13.7981 -14.4628
      vertex -13.2629 -12.991 -13.3601
    endloop
  endfacet
  facet normal -0.500029 -0.806551 0.315353
    outer loop
      vertex -12.8717 -10.6298 -16.5878
      vertex -11.9368 -11.2094 -16.5878
      vertex -13.5138 -9.80058 -15.4851
    endloop
  endfacet
  facet normal 0.236959 0.83366 -0.498861
    outer loop
      vertex -14.7967 -13.2504 -13.3601
      vertex -14.6129 -13.6326 -13.9115
      vertex -14.8505 -13.395 -13.6273
    endloop
  endfacet
  facet normal -0.75009 -0.661335 -0
    outer loop
      vertex -11.9368 -11.2094 -15.449
      vertex -12.6171 -10.4378 -15.4851
      vertex -11.9368 -11.2094 -16.5878
    endloop
  endfacet
  facet normal -0.75009 -0.661335 0
    outer loop
      vertex -12.6171 -10.4378 -15.4851
      vertex -11.9368 -11.2094 -15.449
      vertex -12.6171 -10.4378 -14.3463
    endloop
  endfacet
  facet normal -0.224844 -0.836423 0.499841
    outer loop
      vertex -13.0363 -11.1749 -17.574
      vertex -12.8717 -10.6298 -16.5878
      vertex -13.7122 -10.3343 -16.4714
    endloop
  endfacet
  facet normal -0.858035 -0.118166 -0.499812
    outer loop
      vertex -12.1592 -11.438 -14.3463
      vertex -11.9714 -12.3089 -14.4628
      vertex -12.7206 -11.5329 -13.3601
    endloop
  endfacet
  facet normal 0.802788 -0.0252336 0.59573
    outer loop
      vertex -15.0005 -13.0194 -17.574
      vertex -14.9752 -12.2145 -17.574
      vertex -15.7883 -12.0518 -16.4714
    endloop
  endfacet
  facet normal 0.326451 -0.608889 0.722969
    outer loop
      vertex -14.5508 -11.5301 -17.574
      vertex -13.8411 -11.1496 -17.574
      vertex -15.2461 -10.5937 -16.4714
    endloop
  endfacet
  facet normal 0.856646 0.127989 0.499777
    outer loop
      vertex -15.3292 -12.8067 -17.065
      vertex -15.7883 -12.0518 -16.4714
      vertex -15.9222 -12.0744 -16.2361
    endloop
  endfacet
  facet normal 0.856676 0.128062 0.499706
    outer loop
      vertex -15.7883 -12.0518 -16.4714
      vertex -15.3292 -12.8067 -17.065
      vertex -15.0005 -13.0194 -17.574
    endloop
  endfacet
  facet normal -0.604399 0.374703 -0.703064
    outer loop
      vertex -11.9967 -13.1137 -14.4628
      vertex -12.421 -13.7981 -14.4628
      vertex -12.7964 -12.3346 -13.3601
    endloop
  endfacet
  facet normal -0.225318 -0.837184 0.498352
    outer loop
      vertex -12.8717 -10.6298 -16.5878
      vertex -13.5138 -9.80058 -15.4851
      vertex -13.7122 -10.3343 -16.4714
    endloop
  endfacet
  facet normal -0.566551 -0.797254 0.20834
    outer loop
      vertex -11.9368 -11.2094 -16.5878
      vertex -12.6171 -10.4378 -15.4851
      vertex -13.5138 -9.80058 -15.4851
    endloop
  endfacet
  facet normal -0.862851 -0.395021 -0.315351
    outer loop
      vertex -11.417 -12.1789 -15.449
      vertex -12.1592 -11.438 -14.3463
      vertex -12.6171 -10.4378 -14.3463
    endloop
  endfacet
  facet normal -0.781766 0.0739152 -0.619176
    outer loop
      vertex -12.7206 -11.5329 -13.3601
      vertex -11.9967 -13.1137 -14.4628
      vertex -12.7964 -12.3346 -13.3601
    endloop
  endfacet
  facet normal 0.57465 -0.408401 0.709215
    outer loop
      vertex -14.5508 -11.5301 -17.574
      vertex -15.2461 -10.5937 -16.4714
      vertex -15.7126 -11.2501 -16.4714
    endloop
  endfacet
  facet normal 0.856834 0.130406 0.498829
    outer loop
      vertex -15.1321 -13.0502 -17.3399
      vertex -15.0005 -13.0194 -17.574
      vertex -15.3292 -12.8067 -17.065
    endloop
  endfacet
  facet normal 0.592198 -0.367225 0.717249
    outer loop
      vertex -14.9752 -12.2145 -17.574
      vertex -14.5508 -11.5301 -17.574
      vertex -15.7126 -11.2501 -16.4714
    endloop
  endfacet
  facet normal 0.234233 0.83382 -0.49988
    outer loop
      vertex -13.9355 -14.1534 -14.4628
      vertex -14.6129 -13.6326 -13.9115
      vertex -14.7967 -13.2504 -13.3601
    endloop
  endfacet
  facet normal 0.234314 0.833843 -0.499802
    outer loop
      vertex -14.6129 -13.6326 -13.9115
      vertex -13.9355 -14.1534 -14.4628
      vertex -13.9719 -14.2736 -14.6804
    endloop
  endfacet
  facet normal -0.858804 -0.11852 -0.498406
    outer loop
      vertex -11.417 -12.1789 -15.449
      vertex -11.9714 -12.3089 -14.4628
      vertex -12.1592 -11.438 -14.3463
    endloop
  endfacet
  facet normal -0.818366 0.0257265 -0.574121
    outer loop
      vertex -11.9714 -12.3089 -14.4628
      vertex -11.9967 -13.1137 -14.4628
      vertex -12.7206 -11.5329 -13.3601
    endloop
  endfacet
  facet normal -0.861968 -0.462147 -0.208402
    outer loop
      vertex -11.9368 -11.2094 -15.449
      vertex -11.417 -12.1789 -15.449
      vertex -12.6171 -10.4378 -14.3463
    endloop
  endfacet
  facet normal 0.797205 -0.0752756 0.598997
    outer loop
      vertex -14.9752 -12.2145 -17.574
      vertex -15.7126 -11.2501 -16.4714
      vertex -15.7883 -12.0518 -16.4714
    endloop
  endfacet
  facet normal 0.0251597 0.800338 -0.599021
    outer loop
      vertex -13.1307 -14.1787 -14.4628
      vertex -13.9355 -14.1534 -14.4628
      vertex -13.9951 -13.3262 -13.3601
    endloop
  endfacet
  facet normal 0.0756115 0.799607 -0.595745
    outer loop
      vertex -13.9951 -13.3262 -13.3601
      vertex -13.9355 -14.1534 -14.4628
      vertex -14.7967 -13.2504 -13.3601
    endloop
  endfacet
  facet normal 0.295983 -0.646536 0.703125
    outer loop
      vertex -13.8411 -11.1496 -17.574
      vertex -14.5139 -10.2585 -16.4714
      vertex -15.2461 -10.5937 -16.4714
    endloop
  endfacet
  facet normal -0.0246721 -0.784825 0.619226
    outer loop
      vertex -13.8411 -11.1496 -17.574
      vertex -13.0363 -11.1749 -17.574
      vertex -14.5139 -10.2585 -16.4714
    endloop
  endfacet
  facet normal -0.0252107 -0.801959 0.596847
    outer loop
      vertex -12.3089 -11.9714 -18.6135
      vertex -13.0363 -11.1749 -17.574
      vertex -13.8411 -11.1496 -17.574
    endloop
  endfacet
  facet normal 0.211182 0.84021 -0.49945
    outer loop
      vertex -13.9355 -14.1534 -14.4628
      vertex -13.7355 -14.5101 -14.9783
      vertex -13.9719 -14.2736 -14.6804
    endloop
  endfacet
  facet normal -0.319194 0.595198 -0.737465
    outer loop
      vertex -12.421 -13.7981 -14.4628
      vertex -12.2145 -14.9752 -15.5022
      vertex -13.1307 -14.1787 -14.4628
    endloop
  endfacet
  facet normal -0.445647 -0.831194 0.33244
    outer loop
      vertex -12.1789 -11.417 -17.6273
      vertex -11.2094 -11.9368 -17.6273
      vertex -12.8717 -10.6298 -16.5878
    endloop
  endfacet
  facet normal -0.841047 -0.206457 -0.500016
    outer loop
      vertex -11.417 -12.1789 -15.449
      vertex -11.1749 -13.0363 -15.5022
      vertex -11.9714 -12.3089 -14.4628
    endloop
  endfacet
  facet normal -0.568861 0.352671 -0.74298
    outer loop
      vertex -11.9967 -13.1137 -14.4628
      vertex -11.5301 -14.5508 -15.5022
      vertex -12.421 -13.7981 -14.4628
    endloop
  endfacet
  facet normal -0.360352 0.581115 -0.729693
    outer loop
      vertex -11.5301 -14.5508 -15.5022
      vertex -12.2145 -14.9752 -15.5022
      vertex -12.421 -13.7981 -14.4628
    endloop
  endfacet
  facet normal -0.707107 -0.707107 -0
    outer loop
      vertex -11.2094 -11.9368 -16.4885
      vertex -11.9368 -11.2094 -16.5878
      vertex -11.2094 -11.9368 -17.6273
    endloop
  endfacet
  facet normal -0.707107 -0.707107 0
    outer loop
      vertex -11.9368 -11.2094 -16.5878
      vertex -11.2094 -11.9368 -16.4885
      vertex -11.9368 -11.2094 -15.449
    endloop
  endfacet
  facet normal -0.206403 -0.84106 0.500016
    outer loop
      vertex -12.3089 -11.9714 -18.6135
      vertex -12.1789 -11.417 -17.6273
      vertex -13.0363 -11.1749 -17.574
    endloop
  endfacet
  facet normal -0.829006 -0.51395 -0.220463
    outer loop
      vertex -11.2094 -11.9368 -16.4885
      vertex -10.6298 -12.8717 -16.4885
      vertex -11.9368 -11.2094 -15.449
    endloop
  endfacet
  facet normal -0.608129 0.326043 -0.723792
    outer loop
      vertex -11.1496 -13.8411 -15.5022
      vertex -11.5301 -14.5508 -15.5022
      vertex -11.9967 -13.1137 -14.4628
    endloop
  endfacet
  facet normal 0.785509 0.0246936 0.618358
    outer loop
      vertex -14.1534 -13.9355 -18.6135
      vertex -14.1787 -13.1307 -18.6135
      vertex -15.0005 -13.0194 -17.574
    endloop
  endfacet
  facet normal 0.840272 0.209733 0.499955
    outer loop
      vertex -14.8629 -13.3826 -17.6529
      vertex -15.0005 -13.0194 -17.574
      vertex -15.1321 -13.0502 -17.3399
    endloop
  endfacet
  facet normal 0.84032 0.209773 0.499857
    outer loop
      vertex -14.5101 -13.7355 -18.0979
      vertex -15.0005 -13.0194 -17.574
      vertex -14.8629 -13.3826 -17.6529
    endloop
  endfacet
  facet normal 0.840272 0.209638 0.499995
    outer loop
      vertex -15.0005 -13.0194 -17.574
      vertex -14.5101 -13.7355 -18.0979
      vertex -14.1534 -13.9355 -18.6135
    endloop
  endfacet
  facet normal -0.206514 -0.84134 0.499499
    outer loop
      vertex -12.1789 -11.417 -17.6273
      vertex -12.8717 -10.6298 -16.5878
      vertex -13.0363 -11.1749 -17.574
    endloop
  endfacet
  facet normal -0.51395 -0.829006 0.220463
    outer loop
      vertex -11.2094 -11.9368 -17.6273
      vertex -11.9368 -11.2094 -16.5878
      vertex -12.8717 -10.6298 -16.5878
    endloop
  endfacet
  facet normal -0.766618 0.0240997 -0.641651
    outer loop
      vertex -11.9714 -12.3089 -14.4628
      vertex -11.1496 -13.8411 -15.5022
      vertex -11.9967 -13.1137 -14.4628
    endloop
  endfacet
  facet normal -0.801932 -0.0252098 -0.596884
    outer loop
      vertex -11.1749 -13.0363 -15.5022
      vertex -11.1496 -13.8411 -15.5022
      vertex -11.9714 -12.3089 -14.4628
    endloop
  endfacet
  facet normal 0.581145 -0.360371 0.72966
    outer loop
      vertex -13.7981 -12.421 -18.6135
      vertex -14.5508 -11.5301 -17.574
      vertex -14.9752 -12.2145 -17.574
    endloop
  endfacet
  facet normal 0.35269 -0.568892 0.742948
    outer loop
      vertex -13.7981 -12.421 -18.6135
      vertex -13.1137 -11.9967 -18.6135
      vertex -14.5508 -11.5301 -17.574
    endloop
  endfacet
  facet normal 0.840253 0.211019 0.499446
    outer loop
      vertex -14.2736 -13.9719 -18.3959
      vertex -14.1534 -13.9355 -18.6135
      vertex -14.5101 -13.7355 -18.0979
    endloop
  endfacet
  facet normal 0.595229 -0.319211 0.737433
    outer loop
      vertex -14.1787 -13.1307 -18.6135
      vertex -13.7981 -12.421 -18.6135
      vertex -14.9752 -12.2145 -17.574
    endloop
  endfacet
  facet normal 0.20953 0.840232 -0.500107
    outer loop
      vertex -13.0194 -15.0005 -15.5022
      vertex -13.7355 -14.5101 -14.9783
      vertex -13.9355 -14.1534 -14.4628
    endloop
  endfacet
  facet normal 0.209988 0.840398 -0.499636
    outer loop
      vertex -13.7355 -14.5101 -14.9783
      vertex -13.0194 -15.0005 -15.5022
      vertex -13.3826 -14.8629 -15.4234
    endloop
  endfacet
  facet normal 0.209924 0.84032 -0.499794
    outer loop
      vertex -13.3826 -14.8629 -15.4234
      vertex -13.0194 -15.0005 -15.5022
      vertex -13.0502 -15.1321 -15.7364
    endloop
  endfacet
  facet normal 0.782942 -0.0246098 0.621607
    outer loop
      vertex -14.1787 -13.1307 -18.6135
      vertex -14.9752 -12.2145 -17.574
      vertex -15.0005 -13.0194 -17.574
    endloop
  endfacet
  facet normal -0.0246089 0.782913 -0.621644
    outer loop
      vertex -12.2145 -14.9752 -15.5022
      vertex -13.0194 -15.0005 -15.5022
      vertex -13.1307 -14.1787 -14.4628
    endloop
  endfacet
  facet normal 0.0246926 0.78548 -0.618394
    outer loop
      vertex -13.1307 -14.1787 -14.4628
      vertex -13.0194 -15.0005 -15.5022
      vertex -13.9355 -14.1534 -14.4628
    endloop
  endfacet
  facet normal -0.841346 -0.206576 -0.499463
    outer loop
      vertex -10.6298 -12.8717 -16.4885
      vertex -11.1749 -13.0363 -15.5022
      vertex -11.417 -12.1789 -15.449
    endloop
  endfacet
  facet normal -0.831194 -0.445647 -0.33244
    outer loop
      vertex -10.6298 -12.8717 -16.4885
      vertex -11.417 -12.1789 -15.449
      vertex -11.9368 -11.2094 -15.449
    endloop
  endfacet
  facet normal 0.32606 -0.608159 0.723759
    outer loop
      vertex -13.1137 -11.9967 -18.6135
      vertex -13.8411 -11.1496 -17.574
      vertex -14.5508 -11.5301 -17.574
    endloop
  endfacet
  facet normal 0.0241006 -0.766648 0.641615
    outer loop
      vertex -13.1137 -11.9967 -18.6135
      vertex -12.3089 -11.9714 -18.6135
      vertex -13.8411 -11.1496 -17.574
    endloop
  endfacet
  facet normal 0.186098 0.846062 -0.499547
    outer loop
      vertex -12.0518 -15.7883 -16.4744
      vertex -12.0744 -15.9222 -16.7096
      vertex -12.3068 -15.7341 -16.4776
    endloop
  endfacet
  facet normal -0.0716843 0.759172 -0.646931
    outer loop
      vertex -11.2501 -15.7126 -16.4744
      vertex -12.0518 -15.7883 -16.4744
      vertex -12.2145 -14.9752 -15.5022
    endloop
  endfacet
  facet normal -0.661335 -0.75009 0
    outer loop
      vertex -11.2094 -11.9368 -17.6273
      vertex -10.4378 -12.6171 -17.4606
      vertex -11.2094 -11.9368 -16.4885
    endloop
  endfacet
  facet normal -0.661335 -0.75009 -0
    outer loop
      vertex -10.4378 -12.6171 -17.4606
      vertex -11.2094 -11.9368 -17.6273
      vertex -10.4378 -12.6171 -18.5994
    endloop
  endfacet
  facet normal 0.0701594 -0.742042 0.666672
    outer loop
      vertex -12.3346 -12.7964 -19.5856
      vertex -11.5329 -12.7206 -19.5856
      vertex -13.1137 -11.9967 -18.6135
    endloop
  endfacet
  facet normal -0.814619 -0.293938 -0.499996
    outer loop
      vertex -9.80058 -13.5138 -17.4606
      vertex -10.3343 -13.7122 -16.4744
      vertex -11.1749 -13.0363 -15.5022
    endloop
  endfacet
  facet normal -0.779163 -0.0736692 -0.622477
    outer loop
      vertex -10.3343 -13.7122 -16.4744
      vertex -10.2585 -14.5139 -16.4744
      vertex -11.1749 -13.0363 -15.5022
    endloop
  endfacet
  facet normal -0.567887 0.304468 -0.764725
    outer loop
      vertex -11.1496 -13.8411 -15.5022
      vertex -10.5937 -15.2461 -16.4744
      vertex -11.5301 -14.5508 -15.5022
    endloop
  endfacet
  facet normal -0.745004 -0.0234202 -0.666649
    outer loop
      vertex -10.2585 -14.5139 -16.4744
      vertex -11.1496 -13.8411 -15.5022
      vertex -11.1749 -13.0363 -15.5022
    endloop
  endfacet
  facet normal -0.191214 -0.844996 0.499419
    outer loop
      vertex -11.5329 -12.7206 -19.5856
      vertex -11.438 -12.1592 -18.5994
      vertex -12.1789 -11.417 -17.6273
    endloop
  endfacet
  facet normal -0.024042 0.764876 -0.643728
    outer loop
      vertex -12.2145 -14.9752 -15.5022
      vertex -12.0518 -15.7883 -16.4744
      vertex -13.0194 -15.0005 -15.5022
    endloop
  endfacet
  facet normal 0.186033 0.845717 -0.500155
    outer loop
      vertex -12.3068 -15.7341 -16.4776
      vertex -13.0194 -15.0005 -15.5022
      vertex -12.0518 -15.7883 -16.4744
    endloop
  endfacet
  facet normal 0.186596 0.845799 -0.499805
    outer loop
      vertex -13.0194 -15.0005 -15.5022
      vertex -12.3068 -15.7341 -16.4776
      vertex -13.0502 -15.1321 -15.7364
    endloop
  endfacet
  facet normal -0.605134 0.277029 -0.746369
    outer loop
      vertex -10.2585 -14.5139 -16.4744
      vertex -10.5937 -15.2461 -16.4744
      vertex -11.1496 -13.8411 -15.5022
    endloop
  endfacet
  facet normal -0.795291 -0.493048 -0.352726
    outer loop
      vertex -9.80058 -13.5138 -17.4606
      vertex -10.6298 -12.8717 -16.4885
      vertex -11.2094 -11.9368 -16.4885
    endloop
  endfacet
  facet normal -0.189473 -0.845033 0.500018
    outer loop
      vertex -11.5329 -12.7206 -19.5856
      vertex -12.1789 -11.417 -17.6273
      vertex -12.3089 -11.9714 -18.6135
    endloop
  endfacet
  facet normal 0.0245906 -0.782234 0.6225
    outer loop
      vertex -11.5329 -12.7206 -19.5856
      vertex -12.3089 -11.9714 -18.6135
      vertex -13.1137 -11.9967 -18.6135
    endloop
  endfacet
  facet normal -0.389506 -0.850806 0.352724
    outer loop
      vertex -11.438 -12.1592 -18.5994
      vertex -10.4378 -12.6171 -18.5994
      vertex -12.1789 -11.417 -17.6273
    endloop
  endfacet
  facet normal 0.815715 0.291001 0.499928
    outer loop
      vertex -14.0696 -14.1759 -18.6103
      vertex -13.2504 -14.7967 -19.5856
      vertex -14.1534 -13.9355 -18.6135
    endloop
  endfacet
  facet normal 0.815707 0.290653 0.500143
    outer loop
      vertex -13.2504 -14.7967 -19.5856
      vertex -14.0696 -14.1759 -18.6103
      vertex -13.395 -14.8505 -19.3185
    endloop
  endfacet
  facet normal 0.591483 -0.27078 0.759491
    outer loop
      vertex -13.3262 -13.9951 -19.5856
      vertex -12.991 -13.2629 -19.5856
      vertex -14.1787 -13.1307 -18.6135
    endloop
  endfacet
  facet normal 0.373255 -0.525197 0.764754
    outer loop
      vertex -12.991 -13.2629 -19.5856
      vertex -12.3346 -12.7964 -19.5856
      vertex -13.7981 -12.421 -18.6135
    endloop
  endfacet
  facet normal -0.792339 -0.563058 -0.234873
    outer loop
      vertex -10.4378 -12.6171 -17.4606
      vertex -9.80058 -13.5138 -17.4606
      vertex -11.2094 -11.9368 -16.4885
    endloop
  endfacet
  facet normal -0.459295 -0.85665 0.234942
    outer loop
      vertex -10.4378 -12.6171 -18.5994
      vertex -11.2094 -11.9368 -17.6273
      vertex -12.1789 -11.417 -17.6273
    endloop
  endfacet
  facet normal -0.814371 -0.295613 -0.499413
    outer loop
      vertex -10.6298 -12.8717 -16.4885
      vertex -9.80058 -13.5138 -17.4606
      vertex -11.1749 -13.0363 -15.5022
    endloop
  endfacet
  facet normal 0.580856 -0.311503 0.752045
    outer loop
      vertex -12.991 -13.2629 -19.5856
      vertex -13.7981 -12.421 -18.6135
      vertex -14.1787 -13.1307 -18.6135
    endloop
  endfacet
  facet normal -0.381837 0.537272 -0.752023
    outer loop
      vertex -10.5937 -15.2461 -16.4744
      vertex -11.2501 -15.7126 -16.4744
      vertex -11.5301 -14.5508 -15.5022
    endloop
  endfacet
  facet normal -0.342848 0.552887 -0.759454
    outer loop
      vertex -11.5301 -14.5508 -15.5022
      vertex -11.2501 -15.7126 -16.4744
      vertex -12.2145 -14.9752 -15.5022
    endloop
  endfacet
  facet normal 0.761782 0.0720348 0.643816
    outer loop
      vertex -13.2504 -14.7967 -19.5856
      vertex -13.3262 -13.9951 -19.5856
      vertex -14.1534 -13.9355 -18.6135
    endloop
  endfacet
  facet normal 0.350674 -0.565641 0.746377
    outer loop
      vertex -12.3346 -12.7964 -19.5856
      vertex -13.1137 -11.9967 -18.6135
      vertex -13.7981 -12.421 -18.6135
    endloop
  endfacet
  facet normal 0.815985 0.291089 0.499435
    outer loop
      vertex -14.0696 -14.1759 -18.6103
      vertex -14.1534 -13.9355 -18.6135
      vertex -14.2736 -13.9719 -18.3959
    endloop
  endfacet
  facet normal 0.762091 0.0239574 0.647026
    outer loop
      vertex -14.1534 -13.9355 -18.6135
      vertex -13.3262 -13.9951 -19.5856
      vertex -14.1787 -13.1307 -18.6135
    endloop
  endfacet
  facet normal 0.164159 0.850384 -0.499899
    outer loop
      vertex -12.0518 -15.7883 -16.4744
      vertex -11.7557 -16.1803 -17.044
      vertex -12.0744 -15.9222 -16.7096
    endloop
  endfacet
  facet normal 0.164112 0.85038 -0.499922
    outer loop
      vertex -11.0366 -16.5139 -17.3754
      vertex -11.7557 -16.1803 -17.044
      vertex -12.0518 -15.7883 -16.4744
    endloop
  endfacet
  facet normal 0.16398 0.850291 -0.500116
    outer loop
      vertex -11.7557 -16.1803 -17.044
      vertex -11.0366 -16.5139 -17.3754
      vertex -11.3026 -16.4746 -17.3958
    endloop
  endfacet
  facet normal -0.178531 -0.848575 0.498044
    outer loop
      vertex -10.7114 -13.4197 -20.4866
      vertex -10.6519 -12.8534 -19.5004
      vertex -11.438 -12.1592 -18.5994
    endloop
  endfacet
  facet normal -0.612905 -0.790157 0
    outer loop
      vertex -10.4378 -12.6171 -18.5994
      vertex -9.62496 -13.2476 -18.3616
      vertex -10.4378 -12.6171 -17.4606
    endloop
  endfacet
  facet normal -0.612905 -0.790157 -0
    outer loop
      vertex -9.62496 -13.2476 -18.3616
      vertex -10.4378 -12.6171 -18.5994
      vertex -9.62496 -13.2476 -19.5004
    endloop
  endfacet
  facet normal -0.778611 -0.379444 -0.499787
    outer loop
      vertex -8.93271 -14.1025 -18.3616
      vertex -9.45288 -14.3341 -17.3754
      vertex -10.3343 -13.7122 -16.4744
    endloop
  endfacet
  facet normal 0.731309 0.11577 0.672149
    outer loop
      vertex -12.2952 -15.5995 -20.4866
      vertex -12.4211 -14.8042 -20.4866
      vertex -13.2504 -14.7967 -19.5856
    endloop
  endfacet
  facet normal 0.36902 -0.519238 0.770854
    outer loop
      vertex -11.5068 -13.5457 -20.4866
      vertex -12.3346 -12.7964 -19.5856
      vertex -12.991 -13.2629 -19.5856
    endloop
  endfacet
  facet normal -0.594711 0.228281 -0.770848
    outer loop
      vertex -9.32691 -15.1294 -17.3754
      vertex -9.61549 -15.8812 -17.3754
      vertex -10.2585 -14.5139 -16.4744
    endloop
  endfacet
  facet normal 0.163993 0.851014 -0.49888
    outer loop
      vertex -11.0366 -16.5139 -17.3754
      vertex -11.0498 -16.6388 -17.5928
      vertex -11.3026 -16.4746 -17.3958
    endloop
  endfacet
  facet normal -0.749501 -0.118716 -0.651272
    outer loop
      vertex -9.45288 -14.3341 -17.3754
      vertex -9.32691 -15.1294 -17.3754
      vertex -10.3343 -13.7122 -16.4744
    endloop
  endfacet
  facet normal 0.782864 0.370403 0.499925
    outer loop
      vertex -13.1399 -15.0594 -19.564
      vertex -12.2952 -15.5995 -20.4866
      vertex -13.2504 -14.7967 -19.5856
    endloop
  endfacet
  facet normal 0.782877 0.370194 0.50006
    outer loop
      vertex -12.2952 -15.5995 -20.4866
      vertex -13.1399 -15.0594 -19.564
      vertex -12.4099 -15.6506 -20.2692
    endloop
  endfacet
  facet normal -0.115329 0.728526 -0.67524
    outer loop
      vertex -10.2413 -16.388 -17.3754
      vertex -11.0366 -16.5139 -17.3754
      vertex -11.2501 -15.7126 -16.4744
    endloop
  endfacet
  facet normal -0.0696077 0.73718 -0.672102
    outer loop
      vertex -11.2501 -15.7126 -16.4744
      vertex -11.0366 -16.5139 -17.3754
      vertex -12.0518 -15.7883 -16.4744
    endloop
  endfacet
  facet normal -0.396803 0.489982 -0.776186
    outer loop
      vertex -9.61549 -15.8812 -17.3754
      vertex -10.2413 -16.388 -17.3754
      vertex -10.5937 -15.2461 -16.4744
    endloop
  endfacet
  facet normal 0.580505 -0.222766 0.783191
    outer loop
      vertex -12.4211 -14.8042 -20.4866
      vertex -12.1326 -14.0524 -20.4866
      vertex -13.3262 -13.9951 -19.5856
    endloop
  endfacet
  facet normal -0.755086 -0.536585 -0.376725
    outer loop
      vertex -8.93271 -14.1025 -18.3616
      vertex -9.80058 -13.5138 -17.4606
      vertex -10.4378 -12.6171 -17.4606
    endloop
  endfacet
  facet normal 0.0714276 -0.755455 0.651295
    outer loop
      vertex -10.7114 -13.4197 -20.4866
      vertex -11.5329 -12.7206 -19.5856
      vertex -12.3346 -12.7964 -19.5856
    endloop
  endfacet
  facet normal 0.112579 -0.710676 0.694453
    outer loop
      vertex -11.5068 -13.5457 -20.4866
      vertex -10.7114 -13.4197 -20.4866
      vertex -12.3346 -12.7964 -19.5856
    endloop
  endfacet
  facet normal -0.331967 -0.864815 0.376687
    outer loop
      vertex -10.6519 -12.8534 -19.5004
      vertex -9.62496 -13.2476 -19.5004
      vertex -11.438 -12.1592 -18.5994
    endloop
  endfacet
  facet normal -0.716372 -0.0677323 -0.694423
    outer loop
      vertex -9.32691 -15.1294 -17.3754
      vertex -10.2585 -14.5139 -16.4744
      vertex -10.3343 -13.7122 -16.4744
    endloop
  endfacet
  facet normal -0.559617 0.256192 -0.788159
    outer loop
      vertex -10.2585 -14.5139 -16.4744
      vertex -9.61549 -15.8812 -17.3754
      vertex -10.5937 -15.2461 -16.4744
    endloop
  endfacet
  facet normal -0.752017 -0.608941 -0.252311
    outer loop
      vertex -9.62496 -13.2476 -18.3616
      vertex -8.93271 -14.1025 -18.3616
      vertex -10.4378 -12.6171 -17.4606
    endloop
  endfacet
  facet normal -0.402793 -0.87983 0.252304
    outer loop
      vertex -9.62496 -13.2476 -19.5004
      vertex -10.4378 -12.6171 -18.5994
      vertex -11.438 -12.1592 -18.5994
    endloop
  endfacet
  facet normal -0.77751 -0.383988 -0.498028
    outer loop
      vertex -9.80058 -13.5138 -17.4606
      vertex -8.93271 -14.1025 -18.3616
      vertex -10.3343 -13.7122 -16.4744
    endloop
  endfacet
  facet normal 0.734288 0.069435 0.675277
    outer loop
      vertex -13.2504 -14.7967 -19.5856
      vertex -12.4211 -14.8042 -20.4866
      vertex -13.3262 -13.9951 -19.5856
    endloop
  endfacet
  facet normal 0.782669 0.372424 0.498728
    outer loop
      vertex -13.3826 -14.8629 -19.3287
      vertex -13.2504 -14.7967 -19.5856
      vertex -13.395 -14.8505 -19.3185
    endloop
  endfacet
  facet normal 0.78355 0.370592 0.49871
    outer loop
      vertex -13.2504 -14.7967 -19.5856
      vertex -13.3826 -14.8629 -19.3287
      vertex -13.1399 -15.0594 -19.564
    endloop
  endfacet
  facet normal -0.173963 -0.848514 0.499761
    outer loop
      vertex -10.7114 -13.4197 -20.4866
      vertex -11.438 -12.1592 -18.5994
      vertex -11.5329 -12.7206 -19.5856
    endloop
  endfacet
  facet normal -0.360191 0.506815 -0.7832
    outer loop
      vertex -10.5937 -15.2461 -16.4744
      vertex -10.2413 -16.388 -17.3754
      vertex -11.2501 -15.7126 -16.4744
    endloop
  endfacet
  facet normal 0.573301 -0.262456 0.776172
    outer loop
      vertex -12.1326 -14.0524 -20.4866
      vertex -12.991 -13.2629 -19.5856
      vertex -13.3262 -13.9951 -19.5856
    endloop
  endfacet
  facet normal 0.387309 -0.478346 0.788147
    outer loop
      vertex -12.1326 -14.0524 -20.4866
      vertex -11.5068 -13.5457 -20.4866
      vertex -12.991 -13.2629 -19.5856
    endloop
  endfacet
  facet normal -0.273328 -0.872314 0.405414
    outer loop
      vertex -9.82381 -13.4969 -20.3267
      vertex -8.77414 -13.8258 -20.3267
      vertex -10.6519 -12.8534 -19.5004
    endloop
  endfacet
  facet normal -0.160013 -0.851823 0.498792
    outer loop
      vertex -9.84765 -14.0658 -21.3129
      vertex -10.6519 -12.8534 -19.5004
      vertex -10.7114 -13.4197 -20.4866
    endloop
  endfacet
  facet normal 0.143284 0.85574 -0.497171
    outer loop
      vertex -9.97794 -17.1743 -18.2016
      vertex -10 -17.3205 -18.4596
      vertex -10.2619 -17.1504 -18.2423
    endloop
  endfacet
  facet normal 0.145464 0.855382 -0.497154
    outer loop
      vertex -10 -17.3205 -18.4596
      vertex -9.97794 -17.1743 -18.2016
      vertex -9.9844 -17.3285 -18.4688
    endloop
  endfacet
  facet normal -0.111125 0.701966 -0.703488
    outer loop
      vertex -10.2413 -16.388 -17.3754
      vertex -9.97794 -17.1743 -18.2016
      vertex -11.0366 -16.5139 -17.3754
    endloop
  endfacet
  facet normal 0.150299 -0.672239 0.724918
    outer loop
      vertex -10.6335 -14.2415 -21.3129
      vertex -9.84765 -14.0658 -21.3129
      vertex -11.5068 -13.5457 -20.4866
    endloop
  endfacet
  facet normal -0.404361 0.439708 -0.801966
    outer loop
      vertex -8.59933 -16.4536 -18.2016
      vertex -9.19208 -16.9987 -18.2016
      vertex -9.61549 -15.8812 -17.3754
    endloop
  endfacet
  facet normal 0.143473 0.854526 -0.499201
    outer loop
      vertex -10.2619 -17.1504 -18.2423
      vertex -11.0366 -16.5139 -17.3754
      vertex -9.97794 -17.1743 -18.2016
    endloop
  endfacet
  facet normal 0.142981 0.854404 -0.499551
    outer loop
      vertex -11.0366 -16.5139 -17.3754
      vertex -10.2619 -17.1504 -18.2423
      vertex -11.0498 -16.6388 -17.5928
    endloop
  endfacet
  facet normal -0.730624 -0.469597 -0.495648
    outer loop
      vertex -8.93271 -14.1025 -18.3616
      vertex -8.02958 -14.6355 -19.1879
      vertex -9.45288 -14.3341 -17.3754
    endloop
  endfacet
  facet normal 0.561687 -0.176021 0.808409
    outer loop
      vertex -11.4671 -15.5549 -21.3129
      vertex -11.2263 -14.7865 -21.3129
      vertex -12.4211 -14.8042 -20.4866
    endloop
  endfacet
  facet normal 0.693596 0.155064 0.703477
    outer loop
      vertex -11.2914 -16.3408 -21.3129
      vertex -11.4671 -15.5549 -21.3129
      vertex -12.2952 -15.5995 -20.4866
    endloop
  endfacet
  facet normal -0.370399 0.457378 -0.808461
    outer loop
      vertex -9.61549 -15.8812 -17.3754
      vertex -9.19208 -16.9987 -18.2016
      vertex -10.2413 -16.388 -17.3754
    endloop
  endfacet
  facet normal -0.733057 -0.462476 -0.498742
    outer loop
      vertex -8.02958 -14.6355 -19.1879
      vertex -8.53419 -14.8993 -18.2016
      vertex -9.45288 -14.3341 -17.3754
    endloop
  endfacet
  facet normal 0.114238 -0.721149 0.683296
    outer loop
      vertex -9.84765 -14.0658 -21.3129
      vertex -10.7114 -13.4197 -20.4866
      vertex -11.5068 -13.5457 -20.4866
    endloop
  endfacet
  facet normal -0.167651 -0.852189 0.495647
    outer loop
      vertex -9.84765 -14.0658 -21.3129
      vertex -9.82381 -13.4969 -20.3267
      vertex -10.6519 -12.8534 -19.5004
    endloop
  endfacet
  facet normal 0.741708 0.447811 0.499334
    outer loop
      vertex -11.7557 -16.1803 -20.7671
      vertex -12.2952 -15.5995 -20.4866
      vertex -12.1756 -15.8403 -20.4483
    endloop
  endfacet
  facet normal 0.741724 0.447856 0.49927
    outer loop
      vertex -11.7557 -16.1803 -20.7671
      vertex -11.2914 -16.3408 -21.3129
      vertex -12.2952 -15.5995 -20.4866
    endloop
  endfacet
  facet normal 0.741801 0.447558 0.499423
    outer loop
      vertex -11.2914 -16.3408 -21.3129
      vertex -11.7557 -16.1803 -20.7671
      vertex -11.4118 -16.4037 -21.0777
    endloop
  endfacet
  facet normal -0.15433 0.690671 -0.70651
    outer loop
      vertex -9.19208 -16.9987 -18.2016
      vertex -9.97794 -17.1743 -18.2016
      vertex -10.2413 -16.388 -17.3754
    endloop
  endfacet
  facet normal -0.543532 0.208636 -0.813046
    outer loop
      vertex -9.32691 -15.1294 -17.3754
      vertex -8.59933 -16.4536 -18.2016
      vertex -9.61549 -15.8812 -17.3754
    endloop
  endfacet
  facet normal -0.710429 -0.575266 -0.405414
    outer loop
      vertex -8.02958 -14.6355 -19.1879
      vertex -8.93271 -14.1025 -18.3616
      vertex -9.62496 -13.2476 -18.3616
    endloop
  endfacet
  facet normal -0.708038 -0.651077 -0.273461
    outer loop
      vertex -8.77414 -13.8258 -19.1879
      vertex -8.02958 -14.6355 -19.1879
      vertex -9.62496 -13.2476 -18.3616
    endloop
  endfacet
  facet normal -0.562072 -0.827088 0
    outer loop
      vertex -9.62496 -13.2476 -19.5004
      vertex -8.77414 -13.8258 -19.1879
      vertex -9.62496 -13.2476 -18.3616
    endloop
  endfacet
  facet normal -0.562072 -0.827088 -0
    outer loop
      vertex -8.77414 -13.8258 -19.1879
      vertex -9.62496 -13.2476 -19.5004
      vertex -8.77414 -13.8258 -20.3267
    endloop
  endfacet
  facet normal -0.344706 -0.898003 0.273438
    outer loop
      vertex -8.77414 -13.8258 -20.3267
      vertex -9.62496 -13.2476 -19.5004
      vertex -10.6519 -12.8534 -19.5004
    endloop
  endfacet
  facet normal 0.380082 -0.46942 0.796984
    outer loop
      vertex -10.6335 -14.2415 -21.3129
      vertex -11.5068 -13.5457 -20.4866
      vertex -12.1326 -14.0524 -20.4866
    endloop
  endfacet
  facet normal 0.699007 0.110656 0.706502
    outer loop
      vertex -12.2952 -15.5995 -20.4866
      vertex -11.4671 -15.5549 -21.3129
      vertex -12.4211 -14.8042 -20.4866
    endloop
  endfacet
  facet normal 0.742918 0.448085 0.497285
    outer loop
      vertex -12.1756 -15.8403 -20.4483
      vertex -12.2952 -15.5995 -20.4866
      vertex -12.4099 -15.6506 -20.2692
    endloop
  endfacet
  facet normal -0.712521 -0.159259 -0.683337
    outer loop
      vertex -8.53419 -14.8993 -18.2016
      vertex -8.35853 -15.6852 -18.2016
      vertex -9.45288 -14.3341 -17.3754
    endloop
  endfacet
  facet normal -0.57633 0.180609 -0.797009
    outer loop
      vertex -8.35853 -15.6852 -18.2016
      vertex -8.59933 -16.4536 -18.2016
      vertex -9.32691 -15.1294 -17.3754
    endloop
  endfacet
  facet normal -0.680342 -0.107762 -0.724929
    outer loop
      vertex -8.35853 -15.6852 -18.2016
      vertex -9.32691 -15.1294 -17.3754
      vertex -9.45288 -14.3341 -17.3754
    endloop
  endfacet
  facet normal 0.557766 -0.21404 0.801925
    outer loop
      vertex -11.2263 -14.7865 -21.3129
      vertex -12.1326 -14.0524 -20.4866
      vertex -12.4211 -14.8042 -20.4866
    endloop
  endfacet
  facet normal 0.394064 -0.428626 0.813015
    outer loop
      vertex -11.2263 -14.7865 -21.3129
      vertex -10.6335 -14.2415 -21.3129
      vertex -12.1326 -14.0524 -20.4866
    endloop
  endfacet
  facet normal 0.38301 -0.416603 0.824467
    outer loop
      vertex -9.7183 -14.881 -22.0612
      vertex -10.6335 -14.2415 -21.3129
      vertex -11.2263 -14.7865 -21.3129
    endloop
  endfacet
  facet normal -0.147203 0.658774 -0.7378
    outer loop
      vertex -9.19208 -16.9987 -18.2016
      vertex -8.87986 -17.767 -18.9499
      vertex -9.97794 -17.1743 -18.2016
    endloop
  endfacet
  facet normal 0.533684 -0.167245 0.828982
    outer loop
      vertex -10.2757 -15.4622 -22.0612
      vertex -11.2263 -14.7865 -21.3129
      vertex -11.4671 -15.5549 -21.3129
    endloop
  endfacet
  facet normal -0.509079 -0.86072 0
    outer loop
      vertex -8.77414 -13.8258 -20.3267
      vertex -7.8887 -14.3495 -19.9362
      vertex -8.77414 -13.8258 -19.1879
    endloop
  endfacet
  facet normal -0.509079 -0.86072 -0
    outer loop
      vertex -7.8887 -14.3495 -19.9362
      vertex -8.77414 -13.8258 -20.3267
      vertex -7.8887 -14.3495 -21.075
    endloop
  endfacet
  facet normal 0.12325 0.860219 -0.494806
    outer loop
      vertex -8.87986 -17.767 -18.9499
      vertex -8.87723 -17.8926 -19.1676
      vertex -9.13434 -17.7616 -19.0039
    endloop
  endfacet
  facet normal -0.285267 -0.910416 0.29961
    outer loop
      vertex -7.8887 -14.3495 -21.075
      vertex -8.77414 -13.8258 -20.3267
      vertex -9.82381 -13.4969 -20.3267
    endloop
  endfacet
  facet normal 0.123889 0.858276 -0.49801
    outer loop
      vertex -9.13434 -17.7616 -19.0039
      vertex -9.97794 -17.1743 -18.2016
      vertex -8.87986 -17.767 -18.9499
    endloop
  endfacet
  facet normal 0.123603 0.858183 -0.498242
    outer loop
      vertex -9.97794 -17.1743 -18.2016
      vertex -9.13434 -17.7616 -19.0039
      vertex -9.9844 -17.3285 -18.4688
    endloop
  endfacet
  facet normal -0.519283 0.162732 -0.838966
    outer loop
      vertex -7.63433 -16.8269 -18.8713
      vertex -8.59933 -16.4536 -18.2016
      vertex -8.35853 -15.6852 -18.2016
    endloop
  endfacet
  facet normal -0.519519 0.16205 -0.838952
    outer loop
      vertex -8.59933 -16.4536 -18.2016
      vertex -7.65316 -16.8444 -18.863
      vertex -7.54923 -16.9611 -18.9499
    endloop
  endfacet
  facet normal -0.519773 0.161387 -0.838922
    outer loop
      vertex -8.59933 -16.4536 -18.2016
      vertex -7.63433 -16.8269 -18.8713
      vertex -7.65316 -16.8444 -18.863
    endloop
  endfacet
  facet normal -0.674046 -0.550833 -0.492183
    outer loop
      vertex -8.02958 -14.6355 -19.1879
      vertex -7.09476 -15.1108 -19.9362
      vertex -8.53419 -14.8993 -18.2016
    endloop
  endfacet
  facet normal 0.181957 -0.626462 0.757917
    outer loop
      vertex -9.7183 -14.881 -22.0612
      vertex -8.94502 -14.6564 -22.0612
      vertex -10.6335 -14.2415 -21.3129
    endloop
  endfacet
  facet normal 0.65569 0.14659 0.740663
    outer loop
      vertex -11.2914 -16.3408 -21.3129
      vertex -10.4677 -16.2443 -22.0612
      vertex -11.4671 -15.5549 -21.3129
    endloop
  endfacet
  facet normal -0.660362 -0.688675 -0.299415
    outer loop
      vertex -7.8887 -14.3495 -19.9362
      vertex -7.09476 -15.1108 -19.9362
      vertex -8.77414 -13.8258 -19.1879
    endloop
  endfacet
  facet normal -0.678291 -0.541339 -0.496864
    outer loop
      vertex -7.09476 -15.1108 -19.9362
      vertex -7.58181 -15.4058 -18.9499
      vertex -8.53419 -14.8993 -18.2016
    endloop
  endfacet
  facet normal -0.403615 0.387163 -0.828975
    outer loop
      vertex -7.80506 -17.1398 -18.9088
      vertex -8.59933 -16.4536 -18.2016
      vertex -7.54923 -16.9611 -18.9499
    endloop
  endfacet
  facet normal -0.403713 0.387054 -0.828978
    outer loop
      vertex -7.92193 -17.2617 -18.9088
      vertex -8.59933 -16.4536 -18.2016
      vertex -7.80506 -17.1398 -18.9088
    endloop
  endfacet
  facet normal -0.403692 0.387073 -0.82898
    outer loop
      vertex -8.59933 -16.4536 -18.2016
      vertex -7.92193 -17.2617 -18.9088
      vertex -8.10658 -17.5423 -18.9499
    endloop
  endfacet
  facet normal -0.667803 -0.194011 -0.718609
    outer loop
      vertex -7.58181 -15.4058 -18.9499
      vertex -7.35715 -16.1791 -18.9499
      vertex -8.53419 -14.8993 -18.2016
    endloop
  endfacet
  facet normal -0.636584 -0.142286 -0.757968
    outer loop
      vertex -7.35715 -16.1791 -18.9499
      vertex -8.35853 -15.6852 -18.2016
      vertex -8.53419 -14.8993 -18.2016
    endloop
  endfacet
  facet normal 0.392723 -0.376641 0.838994
    outer loop
      vertex -10.2757 -15.4622 -22.0612
      vertex -9.7183 -14.881 -22.0612
      vertex -11.2263 -14.7865 -21.3129
    endloop
  endfacet
  facet normal 0.648213 0.188294 0.737811
    outer loop
      vertex -10.2431 -17.0175 -22.0612
      vertex -10.4677 -16.2443 -22.0612
      vertex -11.2914 -16.3408 -21.3129
    endloop
  endfacet
  facet normal -0.661101 -0.607916 -0.439754
    outer loop
      vertex -7.09476 -15.1108 -19.9362
      vertex -8.02958 -14.6355 -19.1879
      vertex -8.77414 -13.8258 -19.1879
    endloop
  endfacet
  facet normal -0.37261 0.405182 -0.834859
    outer loop
      vertex -8.59933 -16.4536 -18.2016
      vertex -8.10658 -17.5423 -18.9499
      vertex -9.19208 -16.9987 -18.2016
    endloop
  endfacet
  facet normal -0.18748 0.645192 -0.740661
    outer loop
      vertex -8.10658 -17.5423 -18.9499
      vertex -8.87986 -17.767 -18.9499
      vertex -9.19208 -16.9987 -18.2016
    endloop
  endfacet
  facet normal -0.549546 0.13497 -0.824489
    outer loop
      vertex -7.58607 -16.6854 -18.8802
      vertex -8.35853 -15.6852 -18.2016
      vertex -7.35715 -16.1791 -18.9499
    endloop
  endfacet
  facet normal -0.548929 0.135649 -0.824789
    outer loop
      vertex -7.62151 -16.7747 -18.8713
      vertex -8.35853 -15.6852 -18.2016
      vertex -7.58607 -16.6854 -18.8802
    endloop
  endfacet
  facet normal -0.549607 0.13498 -0.824447
    outer loop
      vertex -8.35853 -15.6852 -18.2016
      vertex -7.62151 -16.7747 -18.8713
      vertex -7.63433 -16.8269 -18.8713
    endloop
  endfacet
  facet normal -0.157901 -0.856018 0.49224
    outer loop
      vertex -8.94502 -14.6564 -22.0612
      vertex -8.95695 -14.0871 -21.075
      vertex -9.82381 -13.4969 -20.3267
    endloop
  endfacet
  facet normal 0.534578 -0.131235 0.834867
    outer loop
      vertex -10.4677 -16.2443 -22.0612
      vertex -10.2757 -15.4622 -22.0612
      vertex -11.4671 -15.5549 -21.3129
    endloop
  endfacet
  facet normal -0.214243 -0.8722 0.439735
    outer loop
      vertex -8.95695 -14.0871 -21.075
      vertex -7.8887 -14.3495 -21.075
      vertex -9.82381 -13.4969 -20.3267
    endloop
  endfacet
  facet normal 0.151728 -0.678632 0.718635
    outer loop
      vertex -8.94502 -14.6564 -22.0612
      vertex -9.84765 -14.0658 -21.3129
      vertex -10.6335 -14.2415 -21.3129
    endloop
  endfacet
  facet normal -0.14762 -0.85517 0.496883
    outer loop
      vertex -8.94502 -14.6564 -22.0612
      vertex -9.82381 -13.4969 -20.3267
      vertex -9.84765 -14.0658 -21.3129
    endloop
  endfacet
  facet normal 0.694241 0.522409 0.495094
    outer loop
      vertex -11.161 -16.5665 -21.2576
      vertex -11.2914 -16.3408 -21.3129
      vertex -11.4118 -16.4037 -21.0777
    endloop
  endfacet
  facet normal 0.692501 0.522083 0.497868
    outer loop
      vertex -10.3587 -17.0876 -21.8271
      vertex -11.2914 -16.3408 -21.3129
      vertex -11.161 -16.5665 -21.2576
    endloop
  endfacet
  facet normal 0.692466 0.521813 0.498198
    outer loop
      vertex -11.2914 -16.3408 -21.3129
      vertex -10.3587 -17.0876 -21.8271
      vertex -10.2431 -17.0175 -22.0612
    endloop
  endfacet
  facet normal -0.359582 0.362561 -0.859797
    outer loop
      vertex -7.92193 -17.2617 -18.9088
      vertex -6.98909 -18.0167 -19.6173
      vertex -8.10658 -17.5423 -18.9499
    endloop
  endfacet
  facet normal 0.103806 0.864326 -0.492103
    outer loop
      vertex -7.74674 -18.2895 -19.6173
      vertex -7.73543 -18.4242 -19.8515
      vertex -8.05307 -18.3023 -19.7044
    endloop
  endfacet
  facet normal -0.584692 -0.169865 -0.793273
    outer loop
      vertex -6.32674 -16.6091 -19.6173
      vertex -7.35715 -16.1791 -18.9499
      vertex -7.58181 -15.4058 -18.9499
    endloop
  endfacet
  facet normal 0.105246 0.861881 -0.496069
    outer loop
      vertex -8.13473 -18.2709 -19.6673
      vertex -8.87986 -17.767 -18.9499
      vertex -7.74674 -18.2895 -19.6173
    endloop
  endfacet
  facet normal 0.105334 0.861911 -0.495999
    outer loop
      vertex -8.87986 -17.767 -18.9499
      vertex -8.13473 -18.2709 -19.6673
      vertex -8.87723 -17.8926 -19.1676
    endloop
  endfacet
  facet normal 0.105348 0.861286 -0.49708
    outer loop
      vertex -8.13473 -18.2709 -19.6673
      vertex -7.74674 -18.2895 -19.6173
      vertex -8.05307 -18.3023 -19.7044
    endloop
  endfacet
  facet normal 0.182257 -0.627498 0.756987
    outer loop
      vertex -8.00709 -15.1891 -22.7286
      vertex -8.94502 -14.6564 -22.0612
      vertex -9.7183 -14.881 -22.0612
    endloop
  endfacet
  facet normal 0.37994 -0.340625 0.860012
    outer loop
      vertex -8.20188 -16.2717 -23.298
      vertex -8.76474 -15.4619 -22.7286
      vertex -10.2757 -15.4622 -22.0612
    endloop
  endfacet
  facet normal -0.498872 0.1073 -0.860008
    outer loop
      vertex -7.22934 -16.7238 -19.092
      vertex -7.35715 -16.1791 -18.9499
      vertex -6.96759 -16.7155 -19.2428
    endloop
  endfacet
  facet normal -0.499496 0.103685 -0.860089
    outer loop
      vertex -7.58607 -16.6854 -18.8802
      vertex -7.22934 -16.7238 -19.092
      vertex -7.24465 -16.737 -19.0847
    endloop
  endfacet
  facet normal -0.498911 0.1072 -0.859998
    outer loop
      vertex -7.58607 -16.6854 -18.8802
      vertex -7.24465 -16.737 -19.0847
      vertex -7.30277 -16.8671 -19.0672
    endloop
  endfacet
  facet normal -0.499019 0.107245 -0.85993
    outer loop
      vertex -7.22934 -16.7238 -19.092
      vertex -7.58607 -16.6854 -18.8802
      vertex -7.35715 -16.1791 -18.9499
    endloop
  endfacet
  facet normal 0.604019 0.175456 0.777416
    outer loop
      vertex -10.2431 -17.0175 -22.0612
      vertex -9.4271 -16.8695 -22.7286
      vertex -10.4677 -16.2443 -22.0612
    endloop
  endfacet
  facet normal -0.17641 0.607096 -0.7748
    outer loop
      vertex -8.10658 -17.5423 -18.9499
      vertex -7.74674 -18.2895 -19.6173
      vertex -8.87986 -17.767 -18.9499
    endloop
  endfacet
  facet normal 0.206258 -0.572841 0.793291
    outer loop
      vertex -8.76474 -15.4619 -22.7286
      vertex -8.00709 -15.1891 -22.7286
      vertex -9.7183 -14.881 -22.0612
    endloop
  endfacet
  facet normal -0.614662 -0.614923 -0.494024
    outer loop
      vertex -7.58181 -15.4058 -18.9499
      vertex -6.5995 -15.6738 -19.8385
      vertex -6.59951 -15.8515 -19.6173
    endloop
  endfacet
  facet normal -0.614676 -0.61489 -0.494048
    outer loop
      vertex -7.58181 -15.4058 -18.9499
      vertex -6.45293 -15.5338 -20.1951
      vertex -6.5995 -15.6738 -19.8385
    endloop
  endfacet
  facet normal -0.614757 -0.614738 -0.494137
    outer loop
      vertex -6.45293 -15.5338 -20.1951
      vertex -7.58181 -15.4058 -18.9499
      vertex -6.41633 -15.5028 -20.2792
    endloop
  endfacet
  facet normal -0.614765 -0.221343 -0.757014
    outer loop
      vertex -6.59951 -15.8515 -19.6173
      vertex -6.32674 -16.6091 -19.6173
      vertex -7.58181 -15.4058 -18.9499
    endloop
  endfacet
  facet normal -0.225017 -0.91606 0.331966
    outer loop
      vertex -6.97212 -14.8165 -21.7424
      vertex -7.8887 -14.3495 -21.075
      vertex -8.95695 -14.0871 -21.075
    endloop
  endfacet
  facet normal 0.638133 0.591918 0.492361
    outer loop
      vertex -10.0734 -17.2729 -21.9741
      vertex -10.2431 -17.0175 -22.0612
      vertex -10.3587 -17.0876 -21.8271
    endloop
  endfacet
  facet normal 0.504683 -0.0778167 0.85979
    outer loop
      vertex -9.4271 -16.8695 -22.7286
      vertex -8.44432 -16.7869 -23.298
      vertex -10.4677 -16.2443 -22.0612
    endloop
  endfacet
  facet normal 0.465393 -0.184712 0.865616
    outer loop
      vertex -9.2845 -16.0769 -22.7286
      vertex -8.39213 -16.4969 -23.298
      vertex -9.41141 -15.9374 -22.6306
    endloop
  endfacet
  facet normal 0.501672 -0.0902836 0.860334
    outer loop
      vertex -8.44432 -16.7869 -23.298
      vertex -8.39213 -16.4969 -23.298
      vertex -10.4677 -16.2443 -22.0612
    endloop
  endfacet
  facet normal -0.213078 0.591783 -0.777426
    outer loop
      vertex -6.98909 -18.0167 -19.6173
      vertex -7.74674 -18.2895 -19.6173
      vertex -8.10658 -17.5423 -18.9499
    endloop
  endfacet
  facet normal -0.136151 -0.858704 0.494054
    outer loop
      vertex -8.94502 -14.6564 -22.0612
      vertex -8.00709 -15.1891 -22.7286
      vertex -8.95695 -14.0871 -21.075
    endloop
  endfacet
  facet normal -0.513792 0.0925853 -0.852904
    outer loop
      vertex -6.32674 -16.6091 -19.6173
      vertex -6.96759 -16.7155 -19.2428
      vertex -7.35715 -16.1791 -18.9499
    endloop
  endfacet
  facet normal -0.608357 -0.626144 -0.487694
    outer loop
      vertex -7.09476 -15.1108 -19.9362
      vertex -6.41633 -15.5028 -20.2792
      vertex -7.58181 -15.4058 -18.9499
    endloop
  endfacet
  facet normal -0.608359 -0.626092 -0.487759
    outer loop
      vertex -6.41633 -15.5028 -20.2792
      vertex -7.09476 -15.1108 -19.9362
      vertex -6.35588 -15.4298 -20.4483
    endloop
  endfacet
  facet normal -0.606721 -0.632734 -0.481183
    outer loop
      vertex -6.33538 -15.3902 -20.5263
      vertex -7.09476 -15.1108 -19.9362
      vertex -7.8887 -14.3495 -19.9362
    endloop
  endfacet
  facet normal -0.606598 -0.633105 -0.480849
    outer loop
      vertex -7.09476 -15.1108 -19.9362
      vertex -6.33538 -15.3902 -20.5263
      vertex -6.35588 -15.4298 -20.4483
    endloop
  endfacet
  facet normal -0.608841 -0.720432 -0.3321
    outer loop
      vertex -6.97212 -14.8165 -20.6035
      vertex -6.33538 -15.3902 -20.5263
      vertex -7.8887 -14.3495 -19.9362
    endloop
  endfacet
  facet normal -0.453974 -0.891015 0
    outer loop
      vertex -7.8887 -14.3495 -21.075
      vertex -6.97212 -14.8165 -20.6035
      vertex -7.8887 -14.3495 -19.9362
    endloop
  endfacet
  facet normal -0.453974 -0.891015 -0
    outer loop
      vertex -6.97212 -14.8165 -20.6035
      vertex -7.8887 -14.3495 -21.075
      vertex -6.97212 -14.8165 -21.7424
    endloop
  endfacet
  facet normal -0.421014 0.276812 -0.863784
    outer loop
      vertex -7.36171 -16.9817 -19.0479
      vertex -7.35123 -17.0419 -19.0723
      vertex -7.54923 -16.9611 -18.9499
    endloop
  endfacet
  facet normal 0.499751 -0.10397 0.859906
    outer loop
      vertex -8.39213 -16.4969 -23.298
      vertex -9.2845 -16.0769 -22.7286
      vertex -10.4677 -16.2443 -22.0612
    endloop
  endfacet
  facet normal 0.634841 0.59139 0.497228
    outer loop
      vertex -10 -17.3205 -22.0112
      vertex -10.2431 -17.0175 -22.0612
      vertex -10.0734 -17.2729 -21.9741
    endloop
  endfacet
  facet normal 0.635424 0.591678 0.496139
    outer loop
      vertex -9.2575 -17.6988 -22.511
      vertex -10.2431 -17.0175 -22.0612
      vertex -10 -17.3205 -22.0112
    endloop
  endfacet
  facet normal 0.635417 0.591606 0.496234
    outer loop
      vertex -10.2431 -17.0175 -22.0612
      vertex -9.2575 -17.6988 -22.511
      vertex -9.15432 -17.6271 -22.7286
    endloop
  endfacet
  facet normal 0.386017 -0.326109 0.862927
    outer loop
      vertex -8.39213 -16.4969 -23.298
      vertex -8.20188 -16.2717 -23.298
      vertex -9.41141 -15.9374 -22.6306
    endloop
  endfacet
  facet normal -0.377986 0.343387 -0.859774
    outer loop
      vertex -7.53537 -17.2135 -19.0568
      vertex -7.80506 -17.1398 -18.9088
      vertex -7.54923 -16.9611 -18.9499
    endloop
  endfacet
  facet normal -0.381152 0.335357 -0.861545
    outer loop
      vertex -7.52871 -17.2234 -19.0636
      vertex -7.80506 -17.1398 -18.9088
      vertex -7.53537 -17.2135 -19.0568
    endloop
  endfacet
  facet normal -0.37788 0.343153 -0.859914
    outer loop
      vertex -7.80506 -17.1398 -18.9088
      vertex -7.52871 -17.2234 -19.0636
      vertex -6.98909 -18.0167 -19.6173
    endloop
  endfacet
  facet normal -0.377398 0.343509 -0.859984
    outer loop
      vertex -7.44653 -17.1547 -19.0723
      vertex -7.53537 -17.2135 -19.0568
      vertex -7.54923 -16.9611 -18.9499
    endloop
  endfacet
  facet normal -0.367935 0.352753 -0.860343
    outer loop
      vertex -7.80506 -17.1398 -18.9088
      vertex -6.98909 -18.0167 -19.6173
      vertex -7.92193 -17.2617 -18.9088
    endloop
  endfacet
  facet normal -0.148929 -0.860206 0.487715
    outer loop
      vertex -8.00709 -15.1891 -22.7286
      vertex -8.05474 -14.6217 -21.7424
      vertex -8.95695 -14.0871 -21.075
    endloop
  endfacet
  facet normal -0.155237 -0.862744 0.481221
    outer loop
      vertex -8.05474 -14.6217 -21.7424
      vertex -6.97212 -14.8165 -21.7424
      vertex -8.95695 -14.0871 -21.075
    endloop
  endfacet
  facet normal 0.376801 -0.361371 0.852896
    outer loop
      vertex -8.76474 -15.4619 -22.7286
      vertex -9.7183 -14.881 -22.0612
      vertex -10.2757 -15.4622 -22.0612
    endloop
  endfacet
  facet normal 0.381795 -0.336874 0.860668
    outer loop
      vertex -9.41141 -15.9374 -22.6306
      vertex -8.20188 -16.2717 -23.298
      vertex -10.2757 -15.4622 -22.0612
    endloop
  endfacet
  facet normal 0.594843 0.214178 0.774783
    outer loop
      vertex -9.15432 -17.6271 -22.7286
      vertex -9.4271 -16.8695 -22.7286
      vertex -10.2431 -17.0175 -22.0612
    endloop
  endfacet
  facet normal 0.500706 -0.12292 0.856845
    outer loop
      vertex -9.2845 -16.0769 -22.7286
      vertex -10.2757 -15.4622 -22.0612
      vertex -10.4677 -16.2443 -22.0612
    endloop
  endfacet
  facet normal 0.471092 -0.178304 0.863875
    outer loop
      vertex -9.2845 -16.0769 -22.7286
      vertex -9.41141 -15.9374 -22.6306
      vertex -10.2757 -15.4622 -22.0612
    endloop
  endfacet
  facet normal -0.393872 0.332766 -0.856815
    outer loop
      vertex -7.35123 -17.0419 -19.0723
      vertex -7.44653 -17.1547 -19.0723
      vertex -7.54923 -16.9611 -18.9499
    endloop
  endfacet
  facet normal -0.422959 0.267915 -0.865637
    outer loop
      vertex -7.36171 -16.9817 -19.0479
      vertex -7.54923 -16.9611 -18.9499
      vertex -7.65316 -16.8444 -18.863
    endloop
  endfacet
  facet normal -0.496931 0.110623 -0.860711
    outer loop
      vertex -7.62151 -16.7747 -18.8713
      vertex -7.30277 -16.8671 -19.0672
      vertex -7.36171 -16.9817 -19.0479
    endloop
  endfacet
  facet normal -0.496732 0.111351 -0.860731
    outer loop
      vertex -7.30277 -16.8671 -19.0672
      vertex -7.62151 -16.7747 -18.8713
      vertex -7.58607 -16.6854 -18.8802
    endloop
  endfacet
  facet normal -0.490623 0.120494 -0.863001
    outer loop
      vertex -7.36171 -16.9817 -19.0479
      vertex -7.63433 -16.8269 -18.8713
      vertex -7.62151 -16.7747 -18.8713
    endloop
  endfacet
  facet normal -0.491198 0.119297 -0.86284
    outer loop
      vertex -7.63433 -16.8269 -18.8713
      vertex -7.36171 -16.9817 -19.0479
      vertex -7.65316 -16.8444 -18.863
    endloop
  endfacet
  facet normal -0.196814 0.546614 -0.813927
    outer loop
      vertex -6.98909 -18.0167 -19.6173
      vertex -6.58305 -18.7398 -20.2011
      vertex -7.74674 -18.2895 -19.6173
    endloop
  endfacet
  facet normal -0.098018 -0.846713 0.522943
    outer loop
      vertex -7.03756 -15.6619 -23.3124
      vertex -6.67179 -15.6158 -23.1692
      vertex -8.00709 -15.1891 -22.7286
    endloop
  endfacet
  facet normal 0.520816 0.701121 0.487012
    outer loop
      vertex -7.95462 -18.34 -23.1435
      vertex -7.6276 -18.4656 -23.3124
      vertex -8.02944 -18.1671 -23.3124
    endloop
  endfacet
  facet normal -0.30062 0.399865 -0.865873
    outer loop
      vertex -5.84402 -18.42 -20.2011
      vertex -6.98909 -18.0167 -19.6173
      vertex -7.52871 -17.2234 -19.0636
    endloop
  endfacet
  facet normal 0.204118 -0.5669 0.798098
    outer loop
      vertex -7.03756 -15.6619 -23.3124
      vertex -8.00709 -15.1891 -22.7286
      vertex -8.76474 -15.4619 -22.7286
    endloop
  endfacet
  facet normal -0.229425 0.530181 -0.816255
    outer loop
      vertex -5.84402 -18.42 -20.2011
      vertex -6.58305 -18.7398 -20.2011
      vertex -6.98909 -18.0167 -19.6173
    endloop
  endfacet
  facet normal 0.0851206 0.868316 -0.488654
    outer loop
      vertex -6.58305 -18.7398 -20.2011
      vertex -6.73843 -18.8069 -20.3474
      vertex -6.84234 -18.767 -20.2946
    endloop
  endfacet
  facet normal -0.552968 -0.239203 -0.798128
    outer loop
      vertex -5.59116 -16.2346 -20.2011
      vertex -5.36456 -16.8949 -20.1602
      vertex -6.59951 -15.8515 -19.6173
    endloop
  endfacet
  facet normal -0.113833 -0.863512 0.491313
    outer loop
      vertex -8.00709 -15.1891 -22.7286
      vertex -6.64028 -15.5035 -22.9645
      vertex -8.05474 -14.6217 -21.7424
    endloop
  endfacet
  facet normal -0.113846 -0.863537 0.491267
    outer loop
      vertex -6.64028 -15.5035 -22.9645
      vertex -8.00709 -15.1891 -22.7286
      vertex -6.67179 -15.6158 -23.1692
    endloop
  endfacet
  facet normal 0.0872157 0.865311 -0.493589
    outer loop
      vertex -6.84234 -18.767 -20.2946
      vertex -7.74674 -18.2895 -19.6173
      vertex -6.58305 -18.7398 -20.2011
    endloop
  endfacet
  facet normal 0.087312 0.865356 -0.493493
    outer loop
      vertex -7.74674 -18.2895 -19.6173
      vertex -6.84234 -18.767 -20.2946
      vertex -7.73543 -18.4242 -19.8515
    endloop
  endfacet
  facet normal -0.550139 -0.651007 -0.523008
    outer loop
      vertex -6.5995 -15.6738 -19.8385
      vertex -5.59116 -16.2346 -20.2011
      vertex -6.59951 -15.8515 -19.6173
    endloop
  endfacet
  facet normal -0.524629 -0.189723 -0.829922
    outer loop
      vertex -6.32674 -16.6091 -19.6173
      vertex -5.36456 -16.8949 -20.1602
      vertex -5.37409 -16.9381 -20.1443
    endloop
  endfacet
  facet normal -0.524521 -0.188851 -0.830189
    outer loop
      vertex -5.36456 -16.8949 -20.1602
      vertex -6.32674 -16.6091 -19.6173
      vertex -6.59951 -15.8515 -19.6173
    endloop
  endfacet
  facet normal -0.550461 -0.676672 -0.488986
    outer loop
      vertex -6.41633 -15.5028 -20.2792
      vertex -5.69122 -15.7359 -20.7729
      vertex -6.45293 -15.5338 -20.1951
    endloop
  endfacet
  facet normal -0.550437 -0.676741 -0.488918
    outer loop
      vertex -6.35588 -15.4298 -20.4483
      vertex -5.69122 -15.7359 -20.7729
      vertex -6.41633 -15.5028 -20.2792
    endloop
  endfacet
  facet normal -0.550381 -0.677139 -0.48843
    outer loop
      vertex -6.33538 -15.3902 -20.5263
      vertex -5.69122 -15.7359 -20.7729
      vertex -6.35588 -15.4298 -20.4483
    endloop
  endfacet
  facet normal -0.550464 -0.676738 -0.488891
    outer loop
      vertex -5.60965 -15.6102 -21.0389
      vertex -6.33538 -15.3902 -20.5263
      vertex -6.97212 -14.8165 -20.6035
    endloop
  endfacet
  facet normal -0.550381 -0.67696 -0.488678
    outer loop
      vertex -6.33538 -15.3902 -20.5263
      vertex -5.60965 -15.6102 -21.0389
      vertex -5.69122 -15.7359 -20.7729
    endloop
  endfacet
  facet normal -0.397194 -0.917735 0
    outer loop
      vertex -6.97212 -14.8165 -21.7424
      vertex -6.02803 -15.2251 -21.1874
      vertex -6.97212 -14.8165 -20.6035
    endloop
  endfacet
  facet normal -0.397194 -0.917735 -0
    outer loop
      vertex -6.02803 -15.2251 -21.1874
      vertex -6.97212 -14.8165 -21.7424
      vertex -6.02803 -15.2251 -22.3262
    endloop
  endfacet
  facet normal 0.497273 0.0545791 0.865876
    outer loop
      vertex -8.34925 -17.4281 -23.3124
      vertex -7.3736 -17.284 -23.8818
      vertex -9.4271 -16.8695 -22.7286
    endloop
  endfacet
  facet normal 0.52057 0.701183 0.487185
    outer loop
      vertex -8.02944 -18.1671 -23.3124
      vertex -8.13473 -18.2709 -23.0505
      vertex -7.95462 -18.34 -23.1435
    endloop
  endfacet
  facet normal 0.520595 0.701163 0.487187
    outer loop
      vertex -8.13473 -18.2709 -23.0505
      vertex -8.02944 -18.1671 -23.3124
      vertex -8.15033 -18.263 -23.0452
    endloop
  endfacet
  facet normal -0.497497 -0.0536855 -0.865803
    outer loop
      vertex -5.6451 -16.9877 -19.9855
      vertex -6.32674 -16.6091 -19.6173
      vertex -5.37409 -16.9381 -20.1443
    endloop
  endfacet
  facet normal -0.497343 -0.0532992 -0.865915
    outer loop
      vertex -5.97142 -17.0523 -19.7941
      vertex -6.32674 -16.6091 -19.6173
      vertex -5.6451 -16.9877 -19.9855
    endloop
  endfacet
  facet normal -0.497513 -0.0534783 -0.865807
    outer loop
      vertex -6.32674 -16.6091 -19.6173
      vertex -5.97142 -17.0523 -19.7941
      vertex -6.24701 -17.1177 -19.6317
    endloop
  endfacet
  facet normal -0.301046 0.399351 -0.865962
    outer loop
      vertex -7.52871 -17.2234 -19.0636
      vertex -6.45662 -17.6471 -19.6317
      vertex -5.84402 -18.42 -20.2011
    endloop
  endfacet
  facet normal -0.305662 0.390756 -0.868263
    outer loop
      vertex -6.45662 -17.6471 -19.6317
      vertex -7.52871 -17.2234 -19.0636
      vertex -7.53537 -17.2135 -19.0568
    endloop
  endfacet
  facet normal -0.553149 -0.744841 -0.373146
    outer loop
      vertex -6.02803 -15.2251 -21.1874
      vertex -5.60965 -15.6102 -21.0389
      vertex -6.97212 -14.8165 -20.6035
    endloop
  endfacet
  facet normal 0.543535 0.195704 0.816253
    outer loop
      vertex -9.15432 -17.6271 -22.7286
      vertex -8.34925 -17.4281 -23.3124
      vertex -9.4271 -16.8695 -22.7286
    endloop
  endfacet
  facet normal 0.497189 0.0539122 0.865966
    outer loop
      vertex -7.3736 -17.284 -23.8818
      vertex -8.44432 -16.7869 -23.298
      vertex -9.4271 -16.8695 -22.7286
    endloop
  endfacet
  facet normal 0.533185 0.230741 0.813924
    outer loop
      vertex -8.02944 -18.1671 -23.3124
      vertex -8.34925 -17.4281 -23.3124
      vertex -9.15432 -17.6271 -22.7286
    endloop
  endfacet
  facet normal -0.352886 0.298139 -0.886896
    outer loop
      vertex -6.45662 -17.6471 -19.6317
      vertex -7.44653 -17.1547 -19.0723
      vertex -7.35123 -17.0419 -19.0723
    endloop
  endfacet
  facet normal -0.352503 0.298822 -0.886819
    outer loop
      vertex -7.44653 -17.1547 -19.0723
      vertex -6.45662 -17.6471 -19.6317
      vertex -7.53537 -17.2135 -19.0568
    endloop
  endfacet
  facet normal -0.352965 0.298029 -0.886902
    outer loop
      vertex -6.45662 -17.6471 -19.6317
      vertex -7.35123 -17.0419 -19.0723
      vertex -7.36171 -16.9817 -19.0479
    endloop
  endfacet
  facet normal -0.3702 0.274959 -0.887327
    outer loop
      vertex -6.28089 -17.4105 -19.6317
      vertex -6.45662 -17.6471 -19.6317
      vertex -7.36171 -16.9817 -19.0479
    endloop
  endfacet
  facet normal 0.301536 -0.399225 0.86585
    outer loop
      vertex -8.20188 -16.2717 -23.298
      vertex -7.77658 -15.9817 -23.3124
      vertex -8.76474 -15.4619 -22.7286
    endloop
  endfacet
  facet normal -0.551566 -0.674062 -0.49134
    outer loop
      vertex -5.84744 -15.9404 -20.317
      vertex -6.5995 -15.6738 -19.8385
      vertex -6.45293 -15.5338 -20.1951
    endloop
  endfacet
  facet normal -0.551571 -0.674047 -0.491355
    outer loop
      vertex -6.5995 -15.6738 -19.8385
      vertex -5.84744 -15.9404 -20.317
      vertex -5.59116 -16.2346 -20.2011
    endloop
  endfacet
  facet normal -0.551563 -0.674053 -0.491356
    outer loop
      vertex -5.84744 -15.9404 -20.317
      vertex -6.45293 -15.5338 -20.1951
      vertex -5.69122 -15.7359 -20.7729
    endloop
  endfacet
  facet normal 0.453853 -0.0816778 0.887325
    outer loop
      vertex -7.33972 -16.9913 -23.8818
      vertex -8.39213 -16.4969 -23.298
      vertex -8.44432 -16.7869 -23.298
    endloop
  endfacet
  facet normal 0.366053 -0.271764 0.890028
    outer loop
      vertex -7.33972 -16.9913 -23.8818
      vertex -7.16399 -16.7546 -23.8818
      vertex -8.39213 -16.4969 -23.298
    endloop
  endfacet
  facet normal 0.574579 0.656483 0.488763
    outer loop
      vertex -9.00039 -17.8298 -22.6373
      vertex -9.15432 -17.6271 -22.7286
      vertex -9.2575 -17.6988 -22.511
    endloop
  endfacet
  facet normal 0.571098 0.655974 0.493503
    outer loop
      vertex -8.15033 -18.263 -23.0452
      vertex -9.15432 -17.6271 -22.7286
      vertex -9.00039 -17.8298 -22.6373
    endloop
  endfacet
  facet normal 0.571073 0.655812 0.493748
    outer loop
      vertex -9.15432 -17.6271 -22.7286
      vertex -8.15033 -18.263 -23.0452
      vertex -8.02944 -18.1671 -23.3124
    endloop
  endfacet
  facet normal -0.464237 0.0537171 -0.88408
    outer loop
      vertex -7.24465 -16.737 -19.0847
      vertex -6.24701 -17.1177 -19.6317
      vertex -6.28089 -17.4105 -19.6317
    endloop
  endfacet
  facet normal -0.465178 0.0507905 -0.883759
    outer loop
      vertex -6.24701 -17.1177 -19.6317
      vertex -7.24465 -16.737 -19.0847
      vertex -7.22934 -16.7238 -19.092
    endloop
  endfacet
  facet normal -0.448722 0.0807411 -0.890017
    outer loop
      vertex -6.28089 -17.4105 -19.6317
      vertex -7.30277 -16.8671 -19.0672
      vertex -7.24465 -16.737 -19.0847
    endloop
  endfacet
  facet normal -0.448667 0.0808619 -0.890033
    outer loop
      vertex -7.30277 -16.8671 -19.0672
      vertex -6.28089 -17.4105 -19.6317
      vertex -7.36171 -16.9817 -19.0479
    endloop
  endfacet
  facet normal -0.497198 -0.0534238 -0.865991
    outer loop
      vertex -6.24701 -17.1177 -19.6317
      vertex -6.96759 -16.7155 -19.2428
      vertex -6.32674 -16.6091 -19.6173
    endloop
  endfacet
  facet normal -0.497214 -0.0534648 -0.865979
    outer loop
      vertex -6.96759 -16.7155 -19.2428
      vertex -6.24701 -17.1177 -19.6317
      vertex -7.22934 -16.7238 -19.092
    endloop
  endfacet
  facet normal 0.301425 -0.399056 0.865966
    outer loop
      vertex -7.16399 -16.7546 -23.8818
      vertex -7.77658 -15.9817 -23.3124
      vertex -8.20188 -16.2717 -23.298
    endloop
  endfacet
  facet normal 0.221382 -0.511587 0.830222
    outer loop
      vertex -7.77658 -15.9817 -23.3124
      vertex -7.03756 -15.6619 -23.3124
      vertex -8.76474 -15.4619 -22.7286
    endloop
  endfacet
  facet normal 0.356977 -0.301576 0.884093
    outer loop
      vertex -7.16399 -16.7546 -23.8818
      vertex -8.20188 -16.2717 -23.298
      vertex -8.39213 -16.4969 -23.298
    endloop
  endfacet
  facet normal 0.458909 -0.0531187 0.886894
    outer loop
      vertex -7.3736 -17.284 -23.8818
      vertex -7.33972 -16.9913 -23.8818
      vertex -8.44432 -16.7869 -23.298
    endloop
  endfacet
  facet normal -0.116552 -0.86451 0.488914
    outer loop
      vertex -8.05474 -14.6217 -21.7424
      vertex -6.61149 -15.216 -22.4492
      vertex -6.02803 -15.2251 -22.3262
    endloop
  endfacet
  facet normal -0.116588 -0.864535 0.488862
    outer loop
      vertex -6.61149 -15.216 -22.4492
      vertex -8.05474 -14.6217 -21.7424
      vertex -6.64028 -15.5035 -22.9645
    endloop
  endfacet
  facet normal -0.164284 -0.913027 0.373353
    outer loop
      vertex -6.02803 -15.2251 -22.3262
      vertex -6.97212 -14.8165 -21.7424
      vertex -8.05474 -14.6217 -21.7424
    endloop
  endfacet
  facet normal 0.504512 0.679172 0.533097
    outer loop
      vertex -7.1673 -18.6423 -23.5229
      vertex -8.02944 -18.1671 -23.3124
      vertex -7.6276 -18.4656 -23.3124
    endloop
  endfacet
  facet normal 0.504556 0.679397 0.532769
    outer loop
      vertex -8.02944 -18.1671 -23.3124
      vertex -7.1673 -18.6423 -23.5229
      vertex -6.87288 -18.6355 -23.8104
    endloop
  endfacet
  facet normal -0.484 -0.651682 -0.583999
    outer loop
      vertex -4.56075 -16.5536 -20.6991
      vertex -5.59116 -16.2346 -20.2011
      vertex -5.84744 -15.9404 -20.317
    endloop
  endfacet
  facet normal -0.206535 0.477284 -0.854133
    outer loop
      vertex -5.84402 -18.42 -20.2011
      vertex -5.39338 -19.1162 -20.6991
      vertex -6.58305 -18.7398 -20.2011
    endloop
  endfacet
  facet normal -0.410489 0.0215217 -0.911612
    outer loop
      vertex -5.15985 -17.4762 -20.1297
      vertex -5.17528 -17.7705 -20.1297
      vertex -6.24701 -17.1177 -19.6317
    endloop
  endfacet
  facet normal -0.0424391 -0.810628 0.584022
    outer loop
      vertex -6.04025 -16.0729 -23.8104
      vertex -5.2361 -16.115 -23.8104
      vertex -7.03756 -15.6619 -23.3124
    endloop
  endfacet
  facet normal 0.402596 -0.0466004 0.914191
    outer loop
      vertex -6.25835 -17.4186 -24.3798
      vertex -7.33972 -16.9913 -23.8818
      vertex -7.3736 -17.284 -23.8818
    endloop
  endfacet
  facet normal -0.489306 -0.720798 -0.490948
    outer loop
      vertex -5.84744 -15.9404 -20.317
      vertex -5.06363 -16.1843 -20.7401
      vertex -4.56075 -16.5536 -20.6991
    endloop
  endfacet
  facet normal -0.489315 -0.72077 -0.490981
    outer loop
      vertex -5.69122 -15.7359 -20.7729
      vertex -5.06363 -16.1843 -20.7401
      vertex -5.84744 -15.9404 -20.317
    endloop
  endfacet
  facet normal -0.489662 -0.721185 -0.490024
    outer loop
      vertex -5.06363 -16.1843 -20.7401
      vertex -5.69122 -15.7359 -20.7729
      vertex -5.06344 -16.1652 -20.7684
    endloop
  endfacet
  facet normal -0.489433 -0.720858 -0.490733
    outer loop
      vertex -5.60965 -15.6102 -21.0389
      vertex -5.06344 -16.1652 -20.7684
      vertex -5.69122 -15.7359 -20.7729
    endloop
  endfacet
  facet normal -0.489194 -0.720789 -0.491073
    outer loop
      vertex -5.06344 -16.1652 -20.7684
      vertex -5.60965 -15.6102 -21.0389
      vertex -5.03974 -16.1199 -20.8585
    endloop
  endfacet
  facet normal -0.489718 -0.721053 -0.490163
    outer loop
      vertex -5.03974 -16.1199 -20.8585
      vertex -5.60965 -15.6102 -21.0389
      vertex -6.02803 -15.2251 -21.1874
    endloop
  endfacet
  facet normal 0.463393 0.236101 0.854121
    outer loop
      vertex -6.87288 -18.6355 -23.8104
      vertex -7.23845 -17.918 -23.8104
      vertex -8.02944 -18.1671 -23.3124
    endloop
  endfacet
  facet normal 0.222371 -0.460087 0.859576
    outer loop
      vertex -5.8352 -17.0376 -24.3798
      vertex -6.04025 -16.0729 -23.8104
      vertex -7.77658 -15.9817 -23.3124
    endloop
  endfacet
  facet normal 0.467039 0.196646 0.862093
    outer loop
      vertex -7.23845 -17.918 -23.8104
      vertex -6.27377 -17.7129 -24.3798
      vertex -7.3736 -17.284 -23.8818
    endloop
  endfacet
  facet normal 0.215033 -0.496915 0.840736
    outer loop
      vertex -6.04025 -16.0729 -23.8104
      vertex -7.03756 -15.6619 -23.3124
      vertex -7.77658 -15.9817 -23.3124
    endloop
  endfacet
  facet normal -0.234533 0.460558 -0.856085
    outer loop
      vertex -5.47031 -18.5258 -20.3604
      vertex -5.39338 -19.1162 -20.6991
      vertex -5.84402 -18.42 -20.2011
    endloop
  endfacet
  facet normal -0.238034 0.452889 -0.859204
    outer loop
      vertex -5.5582 -18.1937 -20.161
      vertex -5.47031 -18.5258 -20.3604
      vertex -5.84402 -18.42 -20.2011
    endloop
  endfacet
  facet normal -0.464947 -0.213655 -0.859172
    outer loop
      vertex -5.01616 -17.1106 -20.2951
      vertex -5.37409 -16.9381 -20.1443
      vertex -5.36456 -16.8949 -20.1602
    endloop
  endfacet
  facet normal -0.46469 -0.212819 -0.859518
    outer loop
      vertex -5.37409 -16.9381 -20.1443
      vertex -5.01616 -17.1106 -20.2951
      vertex -5.6451 -16.9877 -19.9855
    endloop
  endfacet
  facet normal -0.46457 -0.212784 -0.859591
    outer loop
      vertex -5.36456 -16.8949 -20.1602
      vertex -4.71663 -16.8839 -20.5131
      vertex -5.01616 -17.1106 -20.2951
    endloop
  endfacet
  facet normal -0.464583 -0.21268 -0.85961
    outer loop
      vertex -4.71663 -16.8839 -20.5131
      vertex -5.36456 -16.8949 -20.1602
      vertex -5.59116 -16.2346 -20.2011
    endloop
  endfacet
  facet normal -0.482425 -0.245774 -0.84075
    outer loop
      vertex -4.56075 -16.5536 -20.6991
      vertex -4.71663 -16.8839 -20.5131
      vertex -5.59116 -16.2346 -20.2011
    endloop
  endfacet
  facet normal -0.490386 -0.721372 -0.489023
    outer loop
      vertex -4.89063 -15.7952 -21.487
      vertex -5.03974 -16.1199 -20.8585
      vertex -6.02803 -15.2251 -21.1874
    endloop
  endfacet
  facet normal -0.338685 -0.9409 0
    outer loop
      vertex -6.02803 -15.2251 -22.3262
      vertex -5.06014 -15.5735 -21.6853
      vertex -6.02803 -15.2251 -21.1874
    endloop
  endfacet
  facet normal -0.338685 -0.9409 -0
    outer loop
      vertex -5.06014 -15.5735 -21.6853
      vertex -6.02803 -15.2251 -22.3262
      vertex -5.06014 -15.5735 -22.8241
    endloop
  endfacet
  facet normal 0.47159 0.726281 0.500119
    outer loop
      vertex -6.42164 -18.9285 -23.8104
      vertex -6.87288 -18.6355 -23.8104
      vertex -7.1673 -18.6423 -23.5229
    endloop
  endfacet
  facet normal 0.0444697 0.845153 -0.532671
    outer loop
      vertex -6.58305 -18.7398 -20.2011
      vertex -6.18034 -19.0211 -20.6138
      vertex -6.32072 -18.9672 -20.54
    endloop
  endfacet
  facet normal 0.0443542 0.84509 -0.532781
    outer loop
      vertex -5.93068 -19.088 -20.6991
      vertex -6.58305 -18.7398 -20.2011
      vertex -5.39338 -19.1162 -20.6991
    endloop
  endfacet
  facet normal 0.0444797 0.845157 -0.532664
    outer loop
      vertex -6.58305 -18.7398 -20.2011
      vertex -5.93068 -19.088 -20.6991
      vertex -6.18034 -19.0211 -20.6138
    endloop
  endfacet
  facet normal 0.0994807 0.860189 -0.500178
    outer loop
      vertex -6.58305 -18.7398 -20.2011
      vertex -6.32072 -18.9672 -20.54
      vertex -6.73843 -18.8069 -20.3474
    endloop
  endfacet
  facet normal 0.335822 -0.21808 0.916332
    outer loop
      vertex -6.25835 -17.4186 -24.3798
      vertex -6.09782 -17.1714 -24.3798
      vertex -7.33972 -16.9913 -23.8818
    endloop
  endfacet
  facet normal 0.474334 0.205273 0.856078
    outer loop
      vertex -8.02944 -18.1671 -23.3124
      vertex -7.23845 -17.918 -23.8104
      vertex -8.34925 -17.4281 -23.3124
    endloop
  endfacet
  facet normal 0.472218 0.197412 0.859092
    outer loop
      vertex -7.23845 -17.918 -23.8104
      vertex -7.3736 -17.284 -23.8818
      vertex -8.34925 -17.4281 -23.3124
    endloop
  endfacet
  facet normal -0.081925 -0.868386 0.489074
    outer loop
      vertex -6.64028 -15.5035 -22.9645
      vertex -5.06014 -15.5735 -22.8241
      vertex -6.61149 -15.216 -22.4492
    endloop
  endfacet
  facet normal -0.0819221 -0.868412 0.489028
    outer loop
      vertex -6.67179 -15.6158 -23.1692
      vertex -5.06014 -15.5735 -22.8241
      vertex -6.64028 -15.5035 -22.9645
    endloop
  endfacet
  facet normal -0.0818413 -0.868618 0.488676
    outer loop
      vertex -5.06014 -15.5735 -22.8241
      vertex -6.67179 -15.6158 -23.1692
      vertex -7.03756 -15.6619 -23.3124
    endloop
  endfacet
  facet normal -0.0824446 -0.867316 0.490883
    outer loop
      vertex -5.2361 -16.115 -23.8104
      vertex -5.06014 -15.5735 -22.8241
      vertex -7.03756 -15.6619 -23.3124
    endloop
  endfacet
  facet normal -0.325984 0.242118 -0.913845
    outer loop
      vertex -6.28089 -17.4105 -19.6317
      vertex -5.33581 -18.0177 -20.1297
      vertex -6.45662 -17.6471 -19.6317
    endloop
  endfacet
  facet normal -0.234354 0.448935 -0.862285
    outer loop
      vertex -5.56176 -18.1843 -20.1551
      vertex -5.84402 -18.42 -20.2011
      vertex -5.56962 -18.1594 -20.14
    endloop
  endfacet
  facet normal -0.236185 0.450836 -0.860792
    outer loop
      vertex -5.84402 -18.42 -20.2011
      vertex -5.56176 -18.1843 -20.1551
      vertex -5.5582 -18.1937 -20.161
    endloop
  endfacet
  facet normal -0.234404 0.449433 -0.862012
    outer loop
      vertex -5.56962 -18.1594 -20.14
      vertex -6.45662 -17.6471 -19.6317
      vertex -5.33581 -18.0177 -20.1297
    endloop
  endfacet
  facet normal -0.23461 0.449161 -0.862098
    outer loop
      vertex -6.45662 -17.6471 -19.6317
      vertex -5.56962 -18.1594 -20.14
      vertex -5.84402 -18.42 -20.2011
    endloop
  endfacet
  facet normal -0.339905 0.220732 -0.914189
    outer loop
      vertex -5.17528 -17.7705 -20.1297
      vertex -5.33581 -18.0177 -20.1297
      vertex -6.28089 -17.4105 -19.6317
    endloop
  endfacet
  facet normal -0.397759 0.0460248 -0.916335
    outer loop
      vertex -6.24701 -17.1177 -19.6317
      vertex -5.17528 -17.7705 -20.1297
      vertex -6.28089 -17.4105 -19.6317
    endloop
  endfacet
  facet normal -0.464189 -0.206872 -0.861239
    outer loop
      vertex -5.15985 -17.4762 -20.1297
      vertex -5.6451 -16.9877 -19.9855
      vertex -5.20542 -17.2528 -20.1588
    endloop
  endfacet
  facet normal -0.464194 -0.206879 -0.861234
    outer loop
      vertex -5.6451 -16.9877 -19.9855
      vertex -5.15985 -17.4762 -20.1297
      vertex -5.97142 -17.0523 -19.7941
    endloop
  endfacet
  facet normal -0.464348 -0.20706 -0.861108
    outer loop
      vertex -5.2016 -17.2387 -20.1643
      vertex -5.6451 -16.9877 -19.9855
      vertex -5.01616 -17.1106 -20.2951
    endloop
  endfacet
  facet normal -0.465259 -0.209429 -0.860043
    outer loop
      vertex -5.6451 -16.9877 -19.9855
      vertex -5.2016 -17.2387 -20.1643
      vertex -5.20542 -17.2528 -20.1588
    endloop
  endfacet
  facet normal -0.461785 -0.199948 -0.864162
    outer loop
      vertex -5.97142 -17.0523 -19.7941
      vertex -5.15985 -17.4762 -20.1297
      vertex -6.24701 -17.1177 -19.6317
    endloop
  endfacet
  facet normal -0.49257 -0.758406 -0.426843
    outer loop
      vertex -5.06014 -15.5735 -21.6853
      vertex -4.89063 -15.7952 -21.487
      vertex -6.02803 -15.2251 -21.1874
    endloop
  endfacet
  facet normal -0.103947 -0.898443 0.426609
    outer loop
      vertex -5.06014 -15.5735 -22.8241
      vertex -6.02803 -15.2251 -22.3262
      vertex -6.61149 -15.216 -22.4492
    endloop
  endfacet
  facet normal 0.457122 0.23293 0.858361
    outer loop
      vertex -6.13996 -17.9755 -24.3798
      vertex -6.27377 -17.7129 -24.3798
      vertex -7.23845 -17.918 -23.8104
    endloop
  endfacet
  facet normal 0.457124 0.232907 0.858366
    outer loop
      vertex -6.87288 -18.6355 -23.8104
      vertex -6.13996 -17.9755 -24.3798
      vertex -7.23845 -17.918 -23.8104
    endloop
  endfacet
  facet normal 0.330026 -0.245017 0.911619
    outer loop
      vertex -6.09782 -17.1714 -24.3798
      vertex -7.16399 -16.7546 -23.8818
      vertex -7.33972 -16.9913 -23.8818
    endloop
  endfacet
  facet normal 0.228405 -0.448309 0.864205
    outer loop
      vertex -6.09782 -17.1714 -24.3798
      vertex -5.8352 -17.0376 -24.3798
      vertex -7.16399 -16.7546 -23.8818
    endloop
  endfacet
  facet normal 0.225726 -0.455502 0.861142
    outer loop
      vertex -7.16399 -16.7546 -23.8818
      vertex -5.8352 -17.0376 -24.3798
      vertex -7.77658 -15.9817 -23.3124
    endloop
  endfacet
  facet normal 0.405502 -0.0212465 0.913847
    outer loop
      vertex -6.27377 -17.7129 -24.3798
      vertex -6.25835 -17.4186 -24.3798
      vertex -7.3736 -17.284 -23.8818
    endloop
  endfacet
  facet normal -0.223509 0.378028 -0.898409
    outer loop
      vertex -4.19394 -18.3172 -20.5398
      vertex -4.44764 -18.4672 -20.5398
      vertex -5.33581 -18.0177 -20.1297
    endloop
  endfacet
  facet normal -0.175043 0.472667 -0.863681
    outer loop
      vertex -5.47031 -18.5258 -20.3604
      vertex -4.18242 -19.4171 -21.1092
      vertex -5.39338 -19.1162 -20.6991
    endloop
  endfacet
  facet normal -0.17543 0.472239 -0.863837
    outer loop
      vertex -5.5582 -18.1937 -20.161
      vertex -4.18242 -19.4171 -21.1092
      vertex -5.47031 -18.5258 -20.3604
    endloop
  endfacet
  facet normal -0.170424 0.476731 -0.86237
    outer loop
      vertex -4.18242 -19.4171 -21.1092
      vertex -5.5582 -18.1937 -20.161
      vertex -5.56176 -18.1843 -20.1551
    endloop
  endfacet
  facet normal -0.00841016 0.79422 -0.607572
    outer loop
      vertex -4.68293 -19.4224 -21.1092
      vertex -5.39338 -19.1162 -20.6991
      vertex -4.18242 -19.4171 -21.1092
    endloop
  endfacet
  facet normal -0.0079908 0.794577 -0.607111
    outer loop
      vertex -5.39338 -19.1162 -20.6991
      vertex -4.68293 -19.4224 -21.1092
      vertex -5.15919 -19.2947 -20.9358
    endloop
  endfacet
  facet normal 0.186682 -0.469633 0.862899
    outer loop
      vertex -5.8352 -17.0376 -24.3798
      vertex -5.0191 -16.4205 -24.2205
      vertex -6.04025 -16.0729 -23.8104
    endloop
  endfacet
  facet normal -0.0449714 -0.858997 0.510002
    outer loop
      vertex -4.21389 -16.412 -24.2205
      vertex -5.2361 -16.115 -23.8104
      vertex -6.04025 -16.0729 -23.8104
    endloop
  endfacet
  facet normal 0.391209 0.231364 0.890745
    outer loop
      vertex -4.99915 -18.3256 -24.7899
      vertex -5.14919 -18.0719 -24.7899
      vertex -6.13996 -17.9755 -24.3798
    endloop
  endfacet
  facet normal -0.278994 -0.960293 0
    outer loop
      vertex -5.06014 -15.5735 -22.8241
      vertex -4.07229 -15.8605 -22.0954
      vertex -5.06014 -15.5735 -21.6853
    endloop
  endfacet
  facet normal -0.278994 -0.960293 -0
    outer loop
      vertex -4.07229 -15.8605 -22.0954
      vertex -5.06014 -15.5735 -22.8241
      vertex -4.07229 -15.8605 -23.2342
    endloop
  endfacet
  facet normal -0.348085 -0.00364975 -0.937456
    outer loop
      vertex -4.05234 -17.7657 -20.5398
      vertex -4.04925 -18.0604 -20.5398
      vertex -5.15985 -17.4762 -20.1297
    endloop
  endfacet
  facet normal 0.0429133 0.817635 -0.574136
    outer loop
      vertex -5.39338 -19.1162 -20.6991
      vertex -5.15919 -19.2947 -20.9358
      vertex -5.93068 -19.088 -20.6991
    endloop
  endfacet
  facet normal -0.206261 0.405083 -0.89071
    outer loop
      vertex -5.33581 -18.0177 -20.1297
      vertex -4.44764 -18.4672 -20.5398
      vertex -5.56962 -18.1594 -20.14
    endloop
  endfacet
  facet normal -0.288191 0.187149 -0.939107
    outer loop
      vertex -5.17528 -17.7705 -20.1297
      vertex -4.19394 -18.3172 -20.5398
      vertex -5.33581 -18.0177 -20.1297
    endloop
  endfacet
  facet normal -0.298775 0.16834 -0.939359
    outer loop
      vertex -4.04925 -18.0604 -20.5398
      vertex -4.19394 -18.3172 -20.5398
      vertex -5.17528 -17.7705 -20.1297
    endloop
  endfacet
  facet normal -0.385165 -0.196034 -0.901786
    outer loop
      vertex -4.05234 -17.7657 -20.5398
      vertex -5.15985 -17.4762 -20.1297
      vertex -5.20542 -17.2528 -20.1588
    endloop
  endfacet
  facet normal 0.343613 0.00360286 0.939104
    outer loop
      vertex -5.14919 -18.0719 -24.7899
      vertex -5.15228 -17.7772 -24.7899
      vertex -6.27377 -17.7129 -24.3798
    endloop
  endfacet
  facet normal -0.0543581 -0.868183 0.493258
    outer loop
      vertex -4.21389 -16.412 -24.2205
      vertex -4.07229 -15.8605 -23.2342
      vertex -5.2361 -16.115 -23.8104
    endloop
  endfacet
  facet normal -0.179777 0.468349 -0.86506
    outer loop
      vertex -5.56176 -18.1843 -20.1551
      vertex -4.44764 -18.4672 -20.5398
      vertex -4.18242 -19.4171 -21.1092
    endloop
  endfacet
  facet normal -0.179957 0.46791 -0.86526
    outer loop
      vertex -4.44764 -18.4672 -20.5398
      vertex -5.56176 -18.1843 -20.1551
      vertex -5.56962 -18.1594 -20.14
    endloop
  endfacet
  facet normal -0.419318 -0.762036 -0.49343
    outer loop
      vertex -5.03974 -16.1199 -20.8585
      vertex -4.21389 -16.412 -21.1092
      vertex -5.06344 -16.1652 -20.7684
    endloop
  endfacet
  facet normal -0.419306 -0.762169 -0.493236
    outer loop
      vertex -4.89063 -15.7952 -21.487
      vertex -4.21389 -16.412 -21.1092
      vertex -5.03974 -16.1199 -20.8585
    endloop
  endfacet
  facet normal -0.418743 -0.762001 -0.493972
    outer loop
      vertex -4.21389 -16.412 -21.1092
      vertex -4.89063 -15.7952 -21.487
      vertex -5.06014 -15.5735 -21.6853
    endloop
  endfacet
  facet normal -0.422128 -0.750095 -0.509082
    outer loop
      vertex -4.21389 -16.412 -21.1092
      vertex -5.06363 -16.1843 -20.7401
      vertex -5.06344 -16.1652 -20.7684
    endloop
  endfacet
  facet normal -0.4223 -0.749467 -0.509865
    outer loop
      vertex -5.06363 -16.1843 -20.7401
      vertex -4.21389 -16.412 -21.1092
      vertex -3.51234 -16.8073 -21.1092
    endloop
  endfacet
  facet normal 0.184286 -0.46697 0.864857
    outer loop
      vertex -4.75389 -17.3704 -24.7899
      vertex -5.0191 -16.4205 -24.2205
      vertex -5.8352 -17.0376 -24.3798
    endloop
  endfacet
  facet normal 0.00794854 -0.752969 0.658007
    outer loop
      vertex -5.0191 -16.4205 -24.2205
      vertex -4.21389 -16.412 -24.2205
      vertex -6.04025 -16.0729 -23.8104
    endloop
  endfacet
  facet normal 0.402756 0.299065 0.865071
    outer loop
      vertex -4.99915 -18.3256 -24.7899
      vertex -6.13996 -17.9755 -24.3798
      vertex -6.87288 -18.6355 -23.8104
    endloop
  endfacet
  facet normal -0.050805 -0.871594 0.487588
    outer loop
      vertex -4.07229 -15.8605 -23.2342
      vertex -5.06014 -15.5735 -22.8241
      vertex -5.2361 -16.115 -23.8104
    endloop
  endfacet
  facet normal -0.409277 -0.29647 -0.862901
    outer loop
      vertex -3.51234 -16.8073 -21.1092
      vertex -4.20237 -17.512 -20.5398
      vertex -4.56075 -16.5536 -20.6991
    endloop
  endfacet
  facet normal -0.410185 -0.631594 -0.657904
    outer loop
      vertex -3.51234 -16.8073 -21.1092
      vertex -4.56075 -16.5536 -20.6991
      vertex -5.06363 -16.1843 -20.7401
    endloop
  endfacet
  facet normal -0.424141 -0.763096 -0.487635
    outer loop
      vertex -4.07229 -15.8605 -22.0954
      vertex -4.21389 -16.412 -21.1092
      vertex -5.06014 -15.5735 -21.6853
    endloop
  endfacet
  facet normal 0.34247 -0.0179439 0.939357
    outer loop
      vertex -5.15228 -17.7772 -24.7899
      vertex -6.25835 -17.4186 -24.3798
      vertex -6.27377 -17.7129 -24.3798
    endloop
  endfacet
  facet normal 0.401024 0.305252 0.863714
    outer loop
      vertex -5.68918 -19.0302 -24.2205
      vertex -4.99915 -18.3256 -24.7899
      vertex -6.87288 -18.6355 -23.8104
    endloop
  endfacet
  facet normal 0.432411 0.665943 0.607899
    outer loop
      vertex -6.18034 -19.0211 -23.8806
      vertex -6.87288 -18.6355 -23.8104
      vertex -6.42164 -18.9285 -23.8104
    endloop
  endfacet
  facet normal 0.432705 0.66618 0.607429
    outer loop
      vertex -5.68918 -19.0302 -24.2205
      vertex -6.18034 -19.0211 -23.8806
      vertex -6.0351 -19.06 -23.9414
    endloop
  endfacet
  facet normal 0.432599 0.666394 0.60727
    outer loop
      vertex -6.18034 -19.0211 -23.8806
      vertex -5.68918 -19.0302 -24.2205
      vertex -6.87288 -18.6355 -23.8104
    endloop
  endfacet
  facet normal 0.401939 0.713167 0.574315
    outer loop
      vertex -5.2747 -19.2638 -24.2205
      vertex -5.68918 -19.0302 -24.2205
      vertex -6.0351 -19.06 -23.9414
    endloop
  endfacet
  facet normal 0.391273 0.199376 0.898418
    outer loop
      vertex -6.13996 -17.9755 -24.3798
      vertex -5.14919 -18.0719 -24.7899
      vertex -6.27377 -17.7129 -24.3798
    endloop
  endfacet
  facet normal -0.338124 0.0177277 -0.940935
    outer loop
      vertex -5.15985 -17.4762 -20.1297
      vertex -4.04925 -18.0604 -20.5398
      vertex -5.17528 -17.7705 -20.1297
    endloop
  endfacet
  facet normal -0.405821 -0.295504 -0.864862
    outer loop
      vertex -4.20237 -17.512 -20.5398
      vertex -4.71663 -16.8839 -20.5131
      vertex -4.56075 -16.5536 -20.6991
    endloop
  endfacet
  facet normal -0.405812 -0.295495 -0.86487
    outer loop
      vertex -4.20237 -17.512 -20.5398
      vertex -5.01616 -17.1106 -20.2951
      vertex -4.71663 -16.8839 -20.5131
    endloop
  endfacet
  facet normal -0.405836 -0.295566 -0.864834
    outer loop
      vertex -5.01616 -17.1106 -20.2951
      vertex -4.20237 -17.512 -20.5398
      vertex -5.2016 -17.2387 -20.1643
    endloop
  endfacet
  facet normal -0.397646 -0.235155 -0.886893
    outer loop
      vertex -5.20542 -17.2528 -20.1588
      vertex -4.20237 -17.512 -20.5398
      vertex -4.05234 -17.7657 -20.5398
    endloop
  endfacet
  facet normal -0.397999 -0.237789 -0.886032
    outer loop
      vertex -4.20237 -17.512 -20.5398
      vertex -5.20542 -17.2528 -20.1588
      vertex -5.2016 -17.2387 -20.1643
    endloop
  endfacet
  facet normal 0.209697 -0.411589 0.886917
    outer loop
      vertex -4.75389 -17.3704 -24.7899
      vertex -5.8352 -17.0376 -24.3798
      vertex -6.09782 -17.1714 -24.3798
    endloop
  endfacet
  facet normal 0.220049 -0.372161 0.901707
    outer loop
      vertex -5.00758 -17.5204 -24.7899
      vertex -4.75389 -17.3704 -24.7899
      vertex -6.09782 -17.1714 -24.3798
    endloop
  endfacet
  facet normal 0.291942 -0.189585 0.937458
    outer loop
      vertex -5.00758 -17.5204 -24.7899
      vertex -6.09782 -17.1714 -24.3798
      vertex -6.25835 -17.4186 -24.3798
    endloop
  endfacet
  facet normal 0.294983 -0.166215 0.940934
    outer loop
      vertex -5.15228 -17.7772 -24.7899
      vertex -5.00758 -17.5204 -24.7899
      vertex -6.25835 -17.4186 -24.3798
    endloop
  endfacet
  facet normal 0.329337 0.376213 0.866026
    outer loop
      vertex -4.48304 -19.3499 -24.5412
      vertex -3.83861 -18.6033 -25.1106
      vertex -4.99915 -18.3256 -24.7899
    endloop
  endfacet
  facet normal -0.328059 -0.378211 -0.865641
    outer loop
      vertex -3.51234 -16.8073 -21.1092
      vertex -2.45007 -16.9947 -21.4299
      vertex -4.20237 -17.512 -20.5398
    endloop
  endfacet
  facet normal -0.137832 0.480636 -0.86602
    outer loop
      vertex -3.2793 -18.71 -20.8605
      vertex -4.18242 -19.4171 -21.1092
      vertex -4.44764 -18.4672 -20.5398
    endloop
  endfacet
  facet normal -0.327445 -0.581125 -0.745032
    outer loop
      vertex -2.45007 -16.9947 -21.4299
      vertex -3.51234 -16.8073 -21.1092
      vertex -4.21389 -16.412 -21.1092
    endloop
  endfacet
  facet normal -0.0523453 0.713105 -0.6991
    outer loop
      vertex -3.43858 -19.6769 -21.4299
      vertex -4.18242 -19.4171 -21.1092
      vertex -2.95496 -19.6414 -21.4299
    endloop
  endfacet
  facet normal -0.0523871 0.713051 -0.699152
    outer loop
      vertex -4.18242 -19.4171 -21.1092
      vertex -3.43858 -19.6769 -21.4299
      vertex -3.90351 -19.6033 -21.32
    endloop
  endfacet
  facet normal -0.0078794 0.744097 -0.668025
    outer loop
      vertex -4.18242 -19.4171 -21.1092
      vertex -4.15823 -19.563 -21.272
      vertex -4.68293 -19.4224 -21.1092
    endloop
  endfacet
  facet normal -0.00816599 0.744075 -0.668047
    outer loop
      vertex -4.15823 -19.563 -21.272
      vertex -4.18242 -19.4171 -21.1092
      vertex -3.90351 -19.6033 -21.32
    endloop
  endfacet
  facet normal 0.0488719 -0.66523 0.745038
    outer loop
      vertex -3.97815 -16.7032 -24.5412
      vertex -3.17506 -16.6442 -24.5412
      vertex -5.0191 -16.4205 -24.2205
    endloop
  endfacet
  facet normal 0.350913 0.62318 0.698933
    outer loop
      vertex -4.48304 -19.3499 -24.5412
      vertex -5.2747 -19.2638 -24.2205
      vertex -4.78459 -19.3951 -24.3495
    endloop
  endfacet
  facet normal 0.350997 0.622779 0.699248
    outer loop
      vertex -5.2747 -19.2638 -24.2205
      vertex -4.48304 -19.3499 -24.5412
      vertex -5.68918 -19.0302 -24.2205
    endloop
  endfacet
  facet normal 0.243873 -0.11792 0.962611
    outer loop
      vertex -4.02587 -18.0656 -25.1106
      vertex -3.89759 -17.8003 -25.1106
      vertex -5.15228 -17.7772 -24.7899
    endloop
  endfacet
  facet normal -0.138272 0.481085 -0.865701
    outer loop
      vertex -3.2793 -18.71 -20.8605
      vertex -2.95496 -19.6414 -21.4299
      vertex -4.18242 -19.4171 -21.1092
    endloop
  endfacet
  facet normal -0.302171 -0.178694 -0.936355
    outer loop
      vertex -2.92882 -17.9851 -20.8605
      vertex -4.05234 -17.7657 -20.5398
      vertex -4.20237 -17.512 -20.5398
    endloop
  endfacet
  facet normal -0.346861 -0.717462 -0.604099
    outer loop
      vertex -3.17506 -16.6442 -21.4299
      vertex -2.45007 -16.9947 -21.4299
      vertex -4.21389 -16.412 -21.1092
    endloop
  endfacet
  facet normal 0.135814 -0.481901 0.865636
    outer loop
      vertex -3.65381 -17.6346 -25.1106
      vertex -3.97815 -16.7032 -24.5412
      vertex -5.0191 -16.4205 -24.2205
    endloop
  endfacet
  facet normal 0.274508 0.00287829 0.96158
    outer loop
      vertex -5.14919 -18.0719 -24.7899
      vertex -4.02587 -18.0656 -25.1106
      vertex -5.15228 -17.7772 -24.7899
    endloop
  endfacet
  facet normal -0.200656 0.295386 -0.934069
    outer loop
      vertex -3.03552 -18.5444 -20.8605
      vertex -3.2793 -18.71 -20.8605
      vertex -4.19394 -18.3172 -20.5398
    endloop
  endfacet
  facet normal -0.188638 0.319049 -0.928775
    outer loop
      vertex -4.19394 -18.3172 -20.5398
      vertex -3.2793 -18.71 -20.8605
      vertex -4.44764 -18.4672 -20.5398
    endloop
  endfacet
  facet normal 0.32394 0.670177 0.667776
    outer loop
      vertex -4.48304 -19.3499 -24.5412
      vertex -4.15823 -19.563 -24.4849
      vertex -3.9859 -19.5902 -24.5412
    endloop
  endfacet
  facet normal 0.323996 0.670239 0.667688
    outer loop
      vertex -4.15823 -19.563 -24.4849
      vertex -4.48304 -19.3499 -24.5412
      vertex -4.78459 -19.3951 -24.3495
    endloop
  endfacet
  facet normal 0.136977 -0.480877 0.866022
    outer loop
      vertex -4.75389 -17.3704 -24.7899
      vertex -3.65381 -17.6346 -25.1106
      vertex -5.0191 -16.4205 -24.2205
    endloop
  endfacet
  facet normal 0.242942 -0.136891 0.960333
    outer loop
      vertex -3.89759 -17.8003 -25.1106
      vertex -5.00758 -17.5204 -24.7899
      vertex -5.15228 -17.7772 -24.7899
    endloop
  endfacet
  facet normal -0.239675 0.135041 -0.961415
    outer loop
      vertex -4.04925 -18.0604 -20.5398
      vertex -3.03552 -18.5444 -20.8605
      vertex -4.19394 -18.3172 -20.5398
    endloop
  endfacet
  facet normal -0.278107 -0.0204204 -0.960333
    outer loop
      vertex -2.92882 -17.9851 -20.8605
      vertex -2.90724 -18.279 -20.8605
      vertex -4.05234 -17.7657 -20.5398
    endloop
  endfacet
  facet normal -0.270865 -0.00284009 -0.962613
    outer loop
      vertex -2.90724 -18.279 -20.8605
      vertex -4.04925 -18.0604 -20.5398
      vertex -4.05234 -17.7657 -20.5398
    endloop
  endfacet
  facet normal -0.336598 -0.803003 -0.491822
    outer loop
      vertex -3.06836 -16.0849 -22.4161
      vertex -3.17506 -16.6442 -21.4299
      vertex -4.07229 -15.8605 -22.0954
    endloop
  endfacet
  facet normal -0.33246 -0.802012 -0.496234
    outer loop
      vertex -4.07229 -15.8605 -22.0954
      vertex -3.17506 -16.6442 -21.4299
      vertex -4.21389 -16.412 -21.1092
    endloop
  endfacet
  facet normal -0.218139 -0.975918 0
    outer loop
      vertex -4.07229 -15.8605 -23.2342
      vertex -3.06836 -16.0849 -22.4161
      vertex -4.07229 -15.8605 -22.0954
    endloop
  endfacet
  facet normal -0.218139 -0.975918 -0
    outer loop
      vertex -3.06836 -16.0849 -22.4161
      vertex -4.07229 -15.8605 -23.2342
      vertex -3.06836 -16.0849 -23.5549
    endloop
  endfacet
  facet normal 0.329958 0.376444 0.865689
    outer loop
      vertex -4.48304 -19.3499 -24.5412
      vertex -4.99915 -18.3256 -24.7899
      vertex -5.68918 -19.0302 -24.2205
    endloop
  endfacet
  facet normal 0.307318 0.18175 0.934089
    outer loop
      vertex -4.99915 -18.3256 -24.7899
      vertex -4.00428 -18.3596 -25.1106
      vertex -5.14919 -18.0719 -24.7899
    endloop
  endfacet
  facet normal 0.274364 0.020148 0.961415
    outer loop
      vertex -4.00428 -18.3596 -25.1106
      vertex -4.02587 -18.0656 -25.1106
      vertex -5.14919 -18.0719 -24.7899
    endloop
  endfacet
  facet normal 0.197329 -0.290313 0.936365
    outer loop
      vertex -3.89759 -17.8003 -25.1106
      vertex -3.65381 -17.6346 -25.1106
      vertex -5.00758 -17.5204 -24.7899
    endloop
  endfacet
  facet normal -0.0406686 -0.867258 0.496195
    outer loop
      vertex -3.17506 -16.6442 -24.5412
      vertex -3.06836 -16.0849 -23.5549
      vertex -4.21389 -16.412 -24.2205
    endloop
  endfacet
  facet normal 0.00841134 -0.796811 0.60417
    outer loop
      vertex -3.17506 -16.6442 -24.5412
      vertex -4.21389 -16.412 -24.2205
      vertex -5.0191 -16.4205 -24.2205
    endloop
  endfacet
  facet normal 0.191999 -0.324721 0.926117
    outer loop
      vertex -3.65381 -17.6346 -25.1106
      vertex -4.75389 -17.3704 -24.7899
      vertex -5.00758 -17.5204 -24.7899
    endloop
  endfacet
  facet normal -0.328675 -0.376789 -0.866027
    outer loop
      vertex -2.45007 -16.9947 -21.4299
      vertex -3.09449 -17.7413 -20.8605
      vertex -4.20237 -17.512 -20.5398
    endloop
  endfacet
  facet normal -0.311968 -0.211992 -0.92614
    outer loop
      vertex -3.09449 -17.7413 -20.8605
      vertex -2.92882 -17.9851 -20.8605
      vertex -4.20237 -17.512 -20.5398
    endloop
  endfacet
  facet normal -0.247164 0.119466 -0.961581
    outer loop
      vertex -2.90724 -18.279 -20.8605
      vertex -3.03552 -18.5444 -20.8605
      vertex -4.04925 -18.0604 -20.5398
    endloop
  endfacet
  facet normal 0.306516 0.208373 0.928778
    outer loop
      vertex -3.83861 -18.6033 -25.1106
      vertex -4.00428 -18.3596 -25.1106
      vertex -4.99915 -18.3256 -24.7899
    endloop
  endfacet
  facet normal -0.0373471 -0.869916 0.491784
    outer loop
      vertex -3.06836 -16.0849 -23.5549
      vertex -4.07229 -15.8605 -23.2342
      vertex -4.21389 -16.412 -24.2205
    endloop
  endfacet
  facet normal -0.0951899 0.492302 -0.865204
    outer loop
      vertex -2.18808 -18.9592 -21.1261
      vertex -2.95496 -19.6414 -21.4299
      vertex -2.19232 -18.9377 -21.1134
    endloop
  endfacet
  facet normal -0.0972979 0.494701 -0.863599
    outer loop
      vertex -2.19232 -18.9377 -21.1134
      vertex -3.2793 -18.71 -20.8605
      vertex -2.09801 -18.879 -21.0904
    endloop
  endfacet
  facet normal -0.0974722 0.494179 -0.863879
    outer loop
      vertex -3.2793 -18.71 -20.8605
      vertex -2.19232 -18.9377 -21.1134
      vertex -2.95496 -19.6414 -21.4299
    endloop
  endfacet
  facet normal 0.245404 0.439913 0.863859
    outer loop
      vertex -3.2592 -19.5932 -24.7711
      vertex -2.66292 -18.8077 -25.3405
      vertex -3.83861 -18.6033 -25.1106
    endloop
  endfacet
  facet normal -0.0802174 0.585487 -0.806703
    outer loop
      vertex -2.6892 -19.7956 -21.5684
      vertex -2.05517 -19.748 -21.5969
      vertex -2.36076 -19.8476 -21.6388
    endloop
  endfacet
  facet normal -0.0802376 0.585966 -0.806353
    outer loop
      vertex -2.05517 -19.748 -21.5969
      vertex -2.6892 -19.7956 -21.5684
      vertex -2.95496 -19.6414 -21.4299
    endloop
  endfacet
  facet normal -0.101112 0.497366 -0.861628
    outer loop
      vertex -2.17186 -19.1307 -21.227
      vertex -2.95496 -19.6414 -21.4299
      vertex -2.18808 -18.9592 -21.1261
    endloop
  endfacet
  facet normal -0.10102 0.497256 -0.861703
    outer loop
      vertex -2.95496 -19.6414 -21.4299
      vertex -2.17186 -19.1307 -21.227
      vertex -2.05517 -19.748 -21.5969
    endloop
  endfacet
  facet normal -0.161963 0.208857 -0.964441
    outer loop
      vertex -1.86512 -18.6984 -21.0904
      vertex -2.09801 -18.879 -21.0904
      vertex -3.03552 -18.5444 -20.8605
    endloop
  endfacet
  facet normal -0.214674 -0.145878 -0.96573
    outer loop
      vertex -1.79375 -18.1335 -21.0904
      vertex -2.92882 -17.9851 -20.8605
      vertex -3.09449 -17.7413 -20.8605
    endloop
  endfacet
  facet normal -0.15456 0.227528 -0.961427
    outer loop
      vertex -3.03552 -18.5444 -20.8605
      vertex -2.09801 -18.879 -21.0904
      vertex -3.2793 -18.71 -20.8605
    endloop
  endfacet
  facet normal -0.0254239 -0.868408 0.495198
    outer loop
      vertex -2.05233 -16.2458 -23.7849
      vertex -3.06836 -16.0849 -23.5549
      vertex -3.17506 -16.6442 -24.5412
    endloop
  endfacet
  facet normal 0.193958 0.474945 0.858375
    outer loop
      vertex -2.39003 -18.919 -25.3405
      vertex -2.52401 -19.8218 -24.8107
      vertex -2.50447 -19.8249 -24.8134
    endloop
  endfacet
  facet normal 0.193729 0.474994 0.8584
    outer loop
      vertex -2.52401 -19.8218 -24.8107
      vertex -2.39003 -18.919 -25.3405
      vertex -2.66292 -18.8077 -25.3405
    endloop
  endfacet
  facet normal 0.193942 0.474997 0.85835
    outer loop
      vertex -2.66292 -18.8077 -25.3405
      vertex -2.81022 -19.7765 -24.7711
      vertex -2.52401 -19.8218 -24.8107
    endloop
  endfacet
  facet normal 0.193923 0.475001 0.858352
    outer loop
      vertex -2.81022 -19.7765 -24.7711
      vertex -2.66292 -18.8077 -25.3405
      vertex -3.2592 -19.5932 -24.7711
    endloop
  endfacet
  facet normal -0.156412 -0.987692 0
    outer loop
      vertex -3.06836 -16.0849 -23.5549
      vertex -2.05233 -16.2458 -22.6461
      vertex -3.06836 -16.0849 -22.4161
    endloop
  endfacet
  facet normal -0.156412 -0.987692 -0
    outer loop
      vertex -2.05233 -16.2458 -22.6461
      vertex -3.06836 -16.0849 -23.5549
      vertex -2.05233 -16.2458 -23.7849
    endloop
  endfacet
  facet normal 0.235927 0.577886 0.781272
    outer loop
      vertex -2.81022 -19.7765 -24.7711
      vertex -3.2592 -19.5932 -24.7711
      vertex -3.55961 -19.6578 -24.6326
    endloop
  endfacet
  facet normal -0.0457137 0.622762 -0.781075
    outer loop
      vertex -2.95496 -19.6414 -21.4299
      vertex -2.6892 -19.7956 -21.5684
      vertex -3.43858 -19.6769 -21.4299
    endloop
  endfacet
  facet normal -0.221455 -0.171773 -0.959923
    outer loop
      vertex -1.9744 -17.9006 -21.0904
      vertex -1.79375 -18.1335 -21.0904
      vertex -3.09449 -17.7413 -20.8605
    endloop
  endfacet
  facet normal -0.240945 -0.832807 -0.498375
    outer loop
      vertex -3.06836 -16.0849 -22.4161
      vertex -2.12369 -16.8108 -21.6598
      vertex -3.17506 -16.6442 -21.4299
    endloop
  endfacet
  facet normal 0.218574 0.148589 0.964441
    outer loop
      vertex -3.83861 -18.6033 -25.1106
      vertex -2.84357 -18.5748 -25.3405
      vertex -4.00428 -18.3596 -25.1106
    endloop
  endfacet
  facet normal -0.259679 -0.636095 -0.726601
    outer loop
      vertex -2.12369 -16.8108 -21.6598
      vertex -1.75927 -17.0152 -21.6111
      vertex -3.17506 -16.6442 -21.4299
    endloop
  endfacet
  facet normal -0.0283049 -0.866458 0.498447
    outer loop
      vertex -2.12369 -16.8108 -24.7711
      vertex -2.05233 -16.2458 -23.7849
      vertex -3.17506 -16.6442 -24.5412
    endloop
  endfacet
  facet normal -0.244144 -0.83373 -0.495265
    outer loop
      vertex -2.05233 -16.2458 -22.6461
      vertex -2.12369 -16.8108 -21.6598
      vertex -3.06836 -16.0849 -22.4161
    endloop
  endfacet
  facet normal 0.157545 -0.231782 0.959925
    outer loop
      vertex -2.53932 -17.8292 -25.3405
      vertex -3.65381 -17.6346 -25.1106
      vertex -3.89759 -17.8003 -25.1106
    endloop
  endfacet
  facet normal 0.0503341 -0.685133 0.726677
    outer loop
      vertex -2.12369 -16.8108 -24.7711
      vertex -3.17506 -16.6442 -24.5412
      vertex -3.97815 -16.7032 -24.5412
    endloop
  endfacet
  facet normal 0.199086 0.0272789 0.979602
    outer loop
      vertex -2.84357 -18.5748 -25.3405
      vertex -2.88358 -18.2828 -25.3405
      vertex -4.00428 -18.3596 -25.1106
    endloop
  endfacet
  facet normal -0.185639 0.075759 -0.979693
    outer loop
      vertex -1.75375 -18.4255 -21.0904
      vertex -1.86512 -18.6984 -21.0904
      vertex -2.90724 -18.279 -20.8605
    endloop
  endfacet
  facet normal -0.197212 -0.0144805 -0.980254
    outer loop
      vertex -1.75375 -18.4255 -21.0904
      vertex -2.90724 -18.279 -20.8605
      vertex -2.92882 -17.9851 -20.8605
    endloop
  endfacet
  facet normal -0.201908 -0.0276586 -0.979014
    outer loop
      vertex -1.79375 -18.1335 -21.0904
      vertex -1.75375 -18.4255 -21.0904
      vertex -2.92882 -17.9851 -20.8605
    endloop
  endfacet
  facet normal -0.240235 -0.44515 -0.862629
    outer loop
      vertex -2.07068 -17.8144 -21.1079
      vertex -3.09449 -17.7413 -20.8605
      vertex -2.07099 -17.8059 -21.1122
    endloop
  endfacet
  facet normal -0.240308 -0.443685 -0.863363
    outer loop
      vertex -3.09449 -17.7413 -20.8605
      vertex -2.07068 -17.8144 -21.1079
      vertex -1.9744 -17.9006 -21.0904
    endloop
  endfacet
  facet normal -0.240337 -0.44343 -0.863486
    outer loop
      vertex -1.83404 -17.2814 -21.4475
      vertex -2.07099 -17.8059 -21.1122
      vertex -3.09449 -17.7413 -20.8605
    endloop
  endfacet
  facet normal -0.235079 -0.487129 -0.841097
    outer loop
      vertex -2.45007 -16.9947 -21.4299
      vertex -1.75927 -17.0152 -21.6111
      vertex -1.75256 -17.073 -21.5795
    endloop
  endfacet
  facet normal -0.23516 -0.486416 -0.841486
    outer loop
      vertex -1.75927 -17.0152 -21.6111
      vertex -2.45007 -16.9947 -21.4299
      vertex -3.17506 -16.6442 -21.4299
    endloop
  endfacet
  facet normal 0.257331 0.532354 0.806461
    outer loop
      vertex -3.2592 -19.5932 -24.7711
      vertex -3.9859 -19.5902 -24.5412
      vertex -3.55961 -19.6578 -24.6326
    endloop
  endfacet
  facet normal 0.257328 0.532369 0.806452
    outer loop
      vertex -3.9859 -19.5902 -24.5412
      vertex -3.2592 -19.5932 -24.7711
      vertex -4.48304 -19.3499 -24.5412
    endloop
  endfacet
  facet normal 0.249684 0.441686 0.861726
    outer loop
      vertex -3.2592 -19.5932 -24.7711
      vertex -3.83861 -18.6033 -25.1106
      vertex -4.48304 -19.3499 -24.5412
    endloop
  endfacet
  facet normal 0.0695768 -0.508325 0.85835
    outer loop
      vertex -2.2473 -17.7892 -25.3405
      vertex -2.12369 -16.8108 -24.7711
      vertex -2.9215 -16.92 -24.7711
    endloop
  endfacet
  facet normal 0.183082 -0.0747153 0.980254
    outer loop
      vertex -2.88358 -18.2828 -25.3405
      vertex -2.77221 -18.0099 -25.3405
      vertex -4.02587 -18.0656 -25.1106
    endloop
  endfacet
  facet normal 0.199967 0.0146847 0.979692
    outer loop
      vertex -4.00428 -18.3596 -25.1106
      vertex -2.88358 -18.2828 -25.3405
      vertex -4.02587 -18.0656 -25.1106
    endloop
  endfacet
  facet normal -0.180916 0.0874451 -0.979603
    outer loop
      vertex -2.90724 -18.279 -20.8605
      vertex -1.86512 -18.6984 -21.0904
      vertex -3.03552 -18.5444 -20.8605
    endloop
  endfacet
  facet normal -0.235282 -0.452441 -0.860197
    outer loop
      vertex -1.7953 -17.1677 -21.518
      vertex -2.45007 -16.9947 -21.4299
      vertex -1.75256 -17.073 -21.5795
    endloop
  endfacet
  facet normal -0.235382 -0.452976 -0.859888
    outer loop
      vertex -1.83404 -17.2814 -21.4475
      vertex -2.45007 -16.9947 -21.4299
      vertex -1.7953 -17.1677 -21.518
    endloop
  endfacet
  facet normal -0.2353 -0.452794 -0.860007
    outer loop
      vertex -2.45007 -16.9947 -21.4299
      vertex -1.83404 -17.2814 -21.4475
      vertex -3.09449 -17.7413 -20.8605
    endloop
  endfacet
  facet normal 0.0732645 -0.535267 0.8415
    outer loop
      vertex -2.9215 -16.92 -24.7711
      vertex -2.12369 -16.8108 -24.7711
      vertex -3.97815 -16.7032 -24.5412
    endloop
  endfacet
  facet normal 0.159097 -0.205047 0.965735
    outer loop
      vertex -2.77221 -18.0099 -25.3405
      vertex -2.53932 -17.8292 -25.3405
      vertex -3.89759 -17.8003 -25.1106
    endloop
  endfacet
  facet normal 0.217309 0.168557 0.961439
    outer loop
      vertex -2.66292 -18.8077 -25.3405
      vertex -2.84357 -18.5748 -25.3405
      vertex -3.83861 -18.6033 -25.1106
    endloop
  endfacet
  facet normal 0.183476 -0.0887158 0.979013
    outer loop
      vertex -2.77221 -18.0099 -25.3405
      vertex -3.89759 -17.8003 -25.1106
      vertex -4.02587 -18.0656 -25.1106
    endloop
  endfacet
  facet normal 0.0838396 -0.50335 0.860006
    outer loop
      vertex -2.53932 -17.8292 -25.3405
      vertex -2.9215 -16.92 -24.7711
      vertex -3.97815 -16.7032 -24.5412
    endloop
  endfacet
  facet normal 0.0696248 -0.508296 0.858363
    outer loop
      vertex -2.53932 -17.8292 -25.3405
      vertex -2.2473 -17.7892 -25.3405
      vertex -2.9215 -16.92 -24.7711
    endloop
  endfacet
  facet normal 0.0915131 -0.496011 0.863481
    outer loop
      vertex -3.65381 -17.6346 -25.1106
      vertex -2.53932 -17.8292 -25.3405
      vertex -3.97815 -16.7032 -24.5412
    endloop
  endfacet
  facet normal -0.0611225 0.447737 -0.892074
    outer loop
      vertex -2.09801 -18.879 -21.0904
      vertex -1.19738 -19.0318 -21.2288
      vertex -2.19232 -18.9377 -21.1134
    endloop
  endfacet
  facet normal -0.0769097 0.381161 -0.921304
    outer loop
      vertex -0.908448 -18.9735 -21.2288
      vertex -1.19738 -19.0318 -21.2288
      vertex -2.09801 -18.879 -21.0904
    endloop
  endfacet
  facet normal -0.052828 0.502538 -0.86294
    outer loop
      vertex -1.34871 -19.9293 -21.7422
      vertex -1.19738 -19.0318 -21.2288
      vertex -1.25416 -19.9343 -21.7509
    endloop
  endfacet
  facet normal -0.0525942 0.502514 -0.862968
    outer loop
      vertex -2.17186 -19.1307 -21.227
      vertex -1.19738 -19.0318 -21.2288
      vertex -1.34871 -19.9293 -21.7422
    endloop
  endfacet
  facet normal -0.0526111 0.502683 -0.862869
    outer loop
      vertex -2.18808 -18.9592 -21.1261
      vertex -1.19738 -19.0318 -21.2288
      vertex -2.17186 -19.1307 -21.227
    endloop
  endfacet
  facet normal -0.0529511 0.500119 -0.864336
    outer loop
      vertex -1.19738 -19.0318 -21.2288
      vertex -2.18808 -18.9592 -21.1261
      vertex -2.19232 -18.9377 -21.1134
    endloop
  endfacet
  facet normal -0.148073 -0.854592 -0.497742
    outer loop
      vertex -1.02819 -16.3427 -22.7844
      vertex -1.06394 -16.9109 -21.7982
      vertex -2.05233 -16.2458 -22.6461
    endloop
  endfacet
  facet normal 0.121149 0.0165998 0.992496
    outer loop
      vertex -2.84357 -18.5748 -25.3405
      vertex -1.7299 -18.4277 -25.4789
      vertex -2.88358 -18.2828 -25.3405
    endloop
  endfacet
  facet normal 0.141236 0.489057 0.860742
    outer loop
      vertex -1.19738 -19.0318 -25.4789
      vertex -2.09057 -19.8904 -24.8445
      vertex -1.25416 -19.9343 -24.9568
    endloop
  endfacet
  facet normal 0.141136 0.489139 0.860711
    outer loop
      vertex -2.09057 -19.8904 -24.8445
      vertex -1.19738 -19.0318 -25.4789
      vertex -2.42289 -19.8378 -24.8199
    endloop
  endfacet
  facet normal -0.121888 -0.0245792 -0.99224
    outer loop
      vertex -0.651604 -18.2103 -21.2288
      vertex -0.593346 -18.4992 -21.2288
      vertex -1.79375 -18.1335 -21.0904
    endloop
  endfacet
  facet normal -0.0469924 0.506765 -0.860803
    outer loop
      vertex -2.09057 -19.8904 -21.6788
      vertex -2.05517 -19.748 -21.5969
      vertex -1.34871 -19.9293 -21.7422
    endloop
  endfacet
  facet normal -0.0471538 0.506791 -0.860779
    outer loop
      vertex -2.05517 -19.748 -21.5969
      vertex -2.09057 -19.8904 -21.6788
      vertex -2.36076 -19.8476 -21.6388
    endloop
  endfacet
  facet normal -0.0469439 0.506894 -0.860729
    outer loop
      vertex -1.34871 -19.9293 -21.7422
      vertex -2.05517 -19.748 -21.5969
      vertex -2.17186 -19.1307 -21.227
    endloop
  endfacet
  facet normal -0.126202 -0.0978893 -0.987163
    outer loop
      vertex -0.651604 -18.2103 -21.2288
      vertex -1.79375 -18.1335 -21.0904
      vertex -1.9744 -17.9006 -21.0904
    endloop
  endfacet
  facet normal 0.115125 -0.0469823 0.992239
    outer loop
      vertex -1.63589 -18.1484 -25.4789
      vertex -2.77221 -18.0099 -25.3405
      vertex -2.88358 -18.2828 -25.3405
    endloop
  endfacet
  facet normal 0.105628 -0.119822 0.98716
    outer loop
      vertex -1.63589 -18.1484 -25.4789
      vertex -1.4148 -17.9535 -25.4789
      vertex -2.77221 -18.0099 -25.3405
    endloop
  endfacet
  facet normal 0.147006 0.360435 0.921128
    outer loop
      vertex -2.39003 -18.919 -25.3405
      vertex -1.47673 -18.9378 -25.4789
      vertex -2.66292 -18.8077 -25.3405
    endloop
  endfacet
  facet normal -0.10763 0.122093 -0.986666
    outer loop
      vertex -0.687357 -18.7786 -21.2288
      vertex -0.908448 -18.9735 -21.2288
      vertex -1.86512 -18.6984 -21.0904
    endloop
  endfacet
  facet normal -0.104003 0.134116 -0.985493
    outer loop
      vertex -1.86512 -18.6984 -21.0904
      vertex -0.908448 -18.9735 -21.2288
      vertex -2.09801 -18.879 -21.0904
    endloop
  endfacet
  facet normal -0.115897 0.0389964 -0.992495
    outer loop
      vertex -0.593346 -18.4992 -21.2288
      vertex -0.687357 -18.7786 -21.2288
      vertex -1.75375 -18.4255 -21.0904
    endloop
  endfacet
  facet normal -0.113472 0.0463076 -0.992461
    outer loop
      vertex -1.75375 -18.4255 -21.0904
      vertex -0.687357 -18.7786 -21.2288
      vertex -1.86512 -18.6984 -21.0904
    endloop
  endfacet
  facet normal -0.119438 -0.0163614 -0.992707
    outer loop
      vertex -0.593346 -18.4992 -21.2288
      vertex -1.75375 -18.4255 -21.0904
      vertex -1.79375 -18.1335 -21.0904
    endloop
  endfacet
  facet normal -0.15109 -0.449009 -0.880661
    outer loop
      vertex -2.07068 -17.8144 -21.1079
      vertex -1.12587 -17.8952 -21.2288
      vertex -0.846522 -17.9892 -21.2288
    endloop
  endfacet
  facet normal -0.151122 -0.450606 -0.879839
    outer loop
      vertex -1.12587 -17.8952 -21.2288
      vertex -2.07068 -17.8144 -21.1079
      vertex -2.07099 -17.8059 -21.1122
    endloop
  endfacet
  facet normal -0.129848 -0.114472 -0.984904
    outer loop
      vertex -0.846522 -17.9892 -21.2288
      vertex -0.651604 -18.2103 -21.2288
      vertex -1.9744 -17.9006 -21.0904
    endloop
  endfacet
  facet normal -0.140995 -0.345811 -0.92765
    outer loop
      vertex -0.846522 -17.9892 -21.2288
      vertex -1.9744 -17.9006 -21.0904
      vertex -2.07068 -17.8144 -21.1079
    endloop
  endfacet
  facet normal -0.145906 -0.853836 -0.499675
    outer loop
      vertex -2.05233 -16.2458 -22.6461
      vertex -1.06394 -16.9109 -21.7982
      vertex -2.12369 -16.8108 -21.6598
    endloop
  endfacet
  facet normal -0.0165687 -0.866118 0.499565
    outer loop
      vertex -1.06394 -16.9109 -24.9095
      vertex -1.02819 -16.3427 -23.9232
      vertex -2.12369 -16.8108 -24.7711
    endloop
  endfacet
  facet normal 0.0737769 -0.365632 0.927831
    outer loop
      vertex -1.4148 -17.9535 -25.4789
      vertex -1.12587 -17.8952 -25.4789
      vertex -2.53932 -17.8292 -25.3405
    endloop
  endfacet
  facet normal 0.106102 -0.136746 0.984908
    outer loop
      vertex -1.4148 -17.9535 -25.4789
      vertex -2.53932 -17.8292 -25.3405
      vertex -2.77221 -18.0099 -25.3405
    endloop
  endfacet
  facet normal 0.144018 0.427993 0.892234
    outer loop
      vertex -1.19738 -19.0318 -25.4789
      vertex -1.47673 -18.9378 -25.4789
      vertex -2.39003 -18.919 -25.3405
    endloop
  endfacet
  facet normal 0.145894 0.483745 0.862963
    outer loop
      vertex -2.39003 -18.919 -25.3405
      vertex -2.42289 -19.8378 -24.8199
      vertex -1.19738 -19.0318 -25.4789
    endloop
  endfacet
  facet normal 0.145266 0.483807 0.863034
    outer loop
      vertex -2.42289 -19.8378 -24.8199
      vertex -2.39003 -18.919 -25.3405
      vertex -2.50447 -19.8249 -24.8134
    endloop
  endfacet
  facet normal -0.0941953 -0.995554 0
    outer loop
      vertex -2.05233 -16.2458 -23.7849
      vertex -1.02819 -16.3427 -22.7844
      vertex -2.05233 -16.2458 -22.6461
    endloop
  endfacet
  facet normal -0.0941953 -0.995554 -0
    outer loop
      vertex -1.02819 -16.3427 -22.7844
      vertex -2.05233 -16.2458 -23.7849
      vertex -1.02819 -16.3427 -23.9232
    endloop
  endfacet
  facet normal -0.0148139 -0.867132 0.497857
    outer loop
      vertex -1.02819 -16.3427 -23.9232
      vertex -2.05233 -16.2458 -23.7849
      vertex -2.12369 -16.8108 -24.7711
    endloop
  endfacet
  facet normal -0.15835 -0.486515 -0.859202
    outer loop
      vertex -1.06394 -16.9109 -21.7982
      vertex -1.7953 -17.1677 -21.518
      vertex -1.75256 -17.073 -21.5795
    endloop
  endfacet
  facet normal -0.158113 -0.486963 -0.858992
    outer loop
      vertex -1.7953 -17.1677 -21.518
      vertex -1.06394 -16.9109 -21.7982
      vertex -1.12587 -17.8952 -21.2288
    endloop
  endfacet
  facet normal -0.157872 -0.487734 -0.858599
    outer loop
      vertex -1.75927 -17.0152 -21.6111
      vertex -1.06394 -16.9109 -21.7982
      vertex -1.75256 -17.073 -21.5795
    endloop
  endfacet
  facet normal -0.158171 -0.486696 -0.859133
    outer loop
      vertex -1.06394 -16.9109 -21.7982
      vertex -1.75927 -17.0152 -21.6111
      vertex -2.12369 -16.8108 -21.6598
    endloop
  endfacet
  facet normal -0.152194 -0.48286 -0.862371
    outer loop
      vertex -1.12587 -17.8952 -21.2288
      vertex -1.83404 -17.2814 -21.4475
      vertex -1.7953 -17.1677 -21.518
    endloop
  endfacet
  facet normal -0.152014 -0.482697 -0.862494
    outer loop
      vertex -1.83404 -17.2814 -21.4475
      vertex -1.12587 -17.8952 -21.2288
      vertex -2.07099 -17.8059 -21.1122
    endloop
  endfacet
  facet normal 0.114259 -0.0384585 0.992706
    outer loop
      vertex -1.7299 -18.4277 -25.4789
      vertex -1.63589 -18.1484 -25.4789
      vertex -2.88358 -18.2828 -25.3405
    endloop
  endfacet
  facet normal 0.0641938 -0.508 0.858961
    outer loop
      vertex -1.06394 -16.9109 -24.9095
      vertex -2.12369 -16.8108 -24.7711
      vertex -2.2473 -17.7892 -25.3405
    endloop
  endfacet
  facet normal 0.128599 0.0997485 0.986667
    outer loop
      vertex -2.66292 -18.8077 -25.3405
      vertex -1.67164 -18.7167 -25.4789
      vertex -2.84357 -18.5748 -25.3405
    endloop
  endfacet
  facet normal 0.120138 0.0242188 0.992462
    outer loop
      vertex -1.67164 -18.7167 -25.4789
      vertex -1.7299 -18.4277 -25.4789
      vertex -2.84357 -18.5748 -25.3405
    endloop
  endfacet
  facet normal 0.058932 -0.50264 0.862485
    outer loop
      vertex -1.12587 -17.8952 -25.4789
      vertex -1.06394 -16.9109 -24.9095
      vertex -2.2473 -17.7892 -25.3405
    endloop
  endfacet
  facet normal 0.0643051 -0.469459 0.880609
    outer loop
      vertex -1.12587 -17.8952 -25.4789
      vertex -2.2473 -17.7892 -25.3405
      vertex -2.53932 -17.8292 -25.3405
    endloop
  endfacet
  facet normal 0.127291 0.112213 0.985497
    outer loop
      vertex -1.47673 -18.9378 -25.4789
      vertex -1.67164 -18.7167 -25.4789
      vertex -2.66292 -18.8077 -25.3405
    endloop
  endfacet
  facet normal -0.0329224 0.163162 -0.98605
    outer loop
      vertex -0.908448 -18.9735 -21.2288
      vertex 0 -19.0694 -21.275
      vertex -1.19738 -19.0318 -21.2288
    endloop
  endfacet
  facet normal -0.0177637 0.499864 -0.865922
    outer loop
      vertex -0.069311 -19.9964 -21.8087
      vertex 0 -19.0694 -21.275
      vertex 0 -20 -21.8122
    endloop
  endfacet
  facet normal -0.0177144 0.499861 -0.865924
    outer loop
      vertex 0 -19.0694 -21.275
      vertex -0.069311 -19.9964 -21.8087
      vertex -1.19738 -19.0318 -21.2288
    endloop
  endfacet
  facet normal 0.0489706 0.497872 0.865867
    outer loop
      vertex -1.19738 -19.0318 -25.4789
      vertex -1.15726 -19.9394 -24.9593
      vertex 0 -19.0694 -25.525
    endloop
  endfacet
  facet normal 0.0485435 0.497869 0.865893
    outer loop
      vertex -1.15726 -19.9394 -24.9593
      vertex -1.19738 -19.0318 -25.4789
      vertex -1.25416 -19.9343 -24.9568
    endloop
  endfacet
  facet normal -0.0378692 0.0429586 -0.998359
    outer loop
      vertex 0 -18.9884 -21.2639
      vertex -0.687357 -18.7786 -21.2288
      vertex 0 -18.9303 -21.2614
    endloop
  endfacet
  facet normal -0.0378693 0.0429583 -0.998359
    outer loop
      vertex -0.687357 -18.7786 -21.2288
      vertex 0 -18.9884 -21.2639
      vertex -0.908448 -18.9735 -21.2288
    endloop
  endfacet
  facet normal -0.0489353 -0.864669 -0.499954
    outer loop
      vertex -1.02819 -16.3427 -22.7844
      vertex 0 -16.9444 -21.8444
      vertex -1.06394 -16.9109 -21.7982
    endloop
  endfacet
  facet normal -0.0313989 -0.999507 0
    outer loop
      vertex -1.02819 -16.3427 -23.9232
      vertex 0 -16.375 -22.8306
      vertex -1.02819 -16.3427 -22.7844
    endloop
  endfacet
  facet normal -0.0313989 -0.999507 -0
    outer loop
      vertex 0 -16.375 -22.8306
      vertex -1.02819 -16.3427 -23.9232
      vertex 0 -16.375 -23.9694
    endloop
  endfacet
  facet normal -0.0360293 0.13568 -0.990097
    outer loop
      vertex 0 -18.9884 -21.2639
      vertex 0 -19.0694 -21.275
      vertex -0.908448 -18.9735 -21.2288
    endloop
  endfacet
  facet normal 0.0395265 -0.0133043 0.99913
    outer loop
      vertex -0.493116 -18.2153 -25.525
      vertex -1.63589 -18.1484 -25.4789
      vertex -1.7299 -18.4277 -25.4789
    endloop
  endfacet
  facet normal -0.0532735 -0.499301 -0.864789
    outer loop
      vertex 0 -16.9444 -21.8444
      vertex 0 -17.9306 -21.275
      vertex -1.06394 -16.9109 -21.7982
    endloop
  endfacet
  facet normal -0.0403763 -0.0111965 -0.999122
    outer loop
      vertex 0 -18.2132 -21.2551
      vertex 0 -18.3649 -21.2534
      vertex -0.651604 -18.2103 -21.2288
    endloop
  endfacet
  facet normal 0.041151 0.0362765 0.998494
    outer loop
      vertex -1.47673 -18.9378 -25.4789
      vertex -0.493116 -18.7847 -25.525
      vertex -1.67164 -18.7167 -25.4789
    endloop
  endfacet
  facet normal 0.0197347 -0.499914 0.86585
    outer loop
      vertex 0 -17.9306 -25.525
      vertex 0 -16.9444 -24.9556
      vertex -1.12587 -17.8952 -25.4789
    endloop
  endfacet
  facet normal 0.0474546 0.499379 0.865083
    outer loop
      vertex 0 -20 -24.9878
      vertex 0 -19.0694 -25.525
      vertex -1.15726 -19.9394 -24.9593
    endloop
  endfacet
  facet normal -0.040462 -0.0357062 -0.998543
    outer loop
      vertex -0.651604 -18.2103 -21.2288
      vertex 0 -18.1321 -21.258
      vertex 0 -18.2132 -21.2551
    endloop
  endfacet
  facet normal -0.0404659 -0.0356741 -0.998544
    outer loop
      vertex 0 -18.1321 -21.258
      vertex -0.651604 -18.2103 -21.2288
      vertex -0.846522 -17.9892 -21.2288
    endloop
  endfacet
  facet normal -0.0511782 -0.497664 -0.865859
    outer loop
      vertex -1.06394 -16.9109 -21.7982
      vertex 0 -17.9306 -21.275
      vertex -1.12587 -17.8952 -21.2288
    endloop
  endfacet
  facet normal 0.0386513 -0.0438452 0.99829
    outer loop
      vertex -0.2847 -18.0069 -25.525
      vertex -1.4148 -17.9535 -25.4789
      vertex -1.63589 -18.1484 -25.4789
    endloop
  endfacet
  facet normal -0.0159182 0.501436 -0.865049
    outer loop
      vertex -1.19738 -19.0318 -21.2288
      vertex -0.069311 -19.9964 -21.8087
      vertex -1.25416 -19.9343 -21.7509
    endloop
  endfacet
  facet normal 0.0396974 0.010637 0.999155
    outer loop
      vertex -0.493116 -18.7847 -25.525
      vertex -0.569402 -18.5 -25.525
      vertex -1.67164 -18.7167 -25.4789
    endloop
  endfacet
  facet normal -0.0496115 -0.864952 -0.499396
    outer loop
      vertex 0 -16.375 -22.8306
      vertex 0 -16.9444 -21.8444
      vertex -1.02819 -16.3427 -22.7844
    endloop
  endfacet
  facet normal -0.0457937 -0.172244 -0.983989
    outer loop
      vertex 0 -17.9306 -21.275
      vertex 0 -17.9843 -21.2656
      vertex -1.12587 -17.8952 -21.2288
    endloop
  endfacet
  facet normal 0.0216766 -0.501639 0.864806
    outer loop
      vertex 0 -16.9444 -24.9556
      vertex -1.06394 -16.9109 -24.9095
      vertex -1.12587 -17.8952 -25.4789
    endloop
  endfacet
  facet normal -0.00560278 -0.866005 0.500003
    outer loop
      vertex 0 -16.9444 -24.9556
      vertex 0 -16.375 -23.9694
      vertex -1.06394 -16.9109 -24.9095
    endloop
  endfacet
  facet normal -0.00478232 -0.866412 0.499307
    outer loop
      vertex 0 -16.375 -23.9694
      vertex -1.02819 -16.3427 -23.9232
      vertex -1.06394 -16.9109 -24.9095
    endloop
  endfacet
  facet normal 0.0343715 -0.128251 0.991146
    outer loop
      vertex -0.2847 -18.0069 -25.525
      vertex 0 -17.9306 -25.525
      vertex -1.4148 -17.9535 -25.4789
    endloop
  endfacet
  facet normal 0.034871 -0.172818 0.984336
    outer loop
      vertex 0 -17.9306 -25.525
      vertex -1.12587 -17.8952 -25.4789
      vertex -1.4148 -17.9535 -25.4789
    endloop
  endfacet
  facet normal 0.0390401 -0.0104609 0.999183
    outer loop
      vertex -0.569402 -18.5 -25.525
      vertex -0.493116 -18.2153 -25.525
      vertex -1.7299 -18.4277 -25.4789
    endloop
  endfacet
  facet normal 0.038054 -0.038057 0.998551
    outer loop
      vertex -0.493116 -18.2153 -25.525
      vertex -0.2847 -18.0069 -25.525
      vertex -1.63589 -18.1484 -25.4789
    endloop
  endfacet
  facet normal 0 0 1
    outer loop
      vertex 0.493116 -18.2153 -25.525
      vertex 0.493116 -18.7847 -25.525
      vertex 0.569402 -18.5 -25.525
    endloop
  endfacet
  facet normal 0 0 1
    outer loop
      vertex 0.2847 -18.0069 -25.525
      vertex 0.493116 -18.7847 -25.525
      vertex 0.493116 -18.2153 -25.525
    endloop
  endfacet
  facet normal 0 0 1
    outer loop
      vertex 0.2847 -18.0069 -25.525
      vertex 0.2847 -18.9931 -25.525
      vertex 0.493116 -18.7847 -25.525
    endloop
  endfacet
  facet normal 0 0 1
    outer loop
      vertex 0 -17.9306 -25.525
      vertex 0.2847 -18.9931 -25.525
      vertex 0.2847 -18.0069 -25.525
    endloop
  endfacet
  facet normal 0 0 1
    outer loop
      vertex 0 -17.9306 -25.525
      vertex 0 -19.0694 -25.525
      vertex 0.2847 -18.9931 -25.525
    endloop
  endfacet
  facet normal -0 0 1
    outer loop
      vertex -0.2847 -18.0069 -25.525
      vertex 0 -19.0694 -25.525
      vertex 0 -17.9306 -25.525
    endloop
  endfacet
  facet normal 0 0 1
    outer loop
      vertex -0.2847 -18.0069 -25.525
      vertex -0.2847 -18.9931 -25.525
      vertex 0 -19.0694 -25.525
    endloop
  endfacet
  facet normal -0 0 1
    outer loop
      vertex -0.493116 -18.2153 -25.525
      vertex -0.2847 -18.9931 -25.525
      vertex -0.2847 -18.0069 -25.525
    endloop
  endfacet
  facet normal 0 0 1
    outer loop
      vertex -0.493116 -18.2153 -25.525
      vertex -0.493116 -18.7847 -25.525
      vertex -0.2847 -18.9931 -25.525
    endloop
  endfacet
  facet normal 0 -0 1
    outer loop
      vertex -0.493116 -18.7847 -25.525
      vertex -0.493116 -18.2153 -25.525
      vertex -0.569402 -18.5 -25.525
    endloop
  endfacet
  facet normal 0.0404885 0.0404916 0.998359
    outer loop
      vertex -0.2847 -18.9931 -25.525
      vertex -0.493116 -18.7847 -25.525
      vertex -1.47673 -18.9378 -25.4789
    endloop
  endfacet
  facet normal -0.0413223 -0.0407946 -0.998313
    outer loop
      vertex 0 -18.0024 -21.2633
      vertex 0 -18.1321 -21.258
      vertex -0.846522 -17.9892 -21.2288
    endloop
  endfacet
  facet normal -0.0423575 -0.125945 -0.991133
    outer loop
      vertex -0.846522 -17.9892 -21.2288
      vertex 0 -17.9843 -21.2656
      vertex 0 -18.0024 -21.2633
    endloop
  endfacet
  facet normal -0.0423582 -0.12588 -0.991141
    outer loop
      vertex 0 -17.9843 -21.2656
      vertex -0.846522 -17.9892 -21.2288
      vertex -1.12587 -17.8952 -21.2288
    endloop
  endfacet
  facet normal 0.0401957 0.00810313 0.999159
    outer loop
      vertex -1.67164 -18.7167 -25.4789
      vertex -0.569402 -18.5 -25.525
      vertex -1.7299 -18.4277 -25.4789
    endloop
  endfacet
  facet normal 0.0430046 0.160464 0.986104
    outer loop
      vertex 0 -19.0694 -25.525
      vertex -0.2847 -18.9931 -25.525
      vertex -1.19738 -19.0318 -25.4789
    endloop
  endfacet
  facet normal 0.0444207 0.13201 0.990253
    outer loop
      vertex -1.19738 -19.0318 -25.4789
      vertex -0.2847 -18.9931 -25.525
      vertex -1.47673 -18.9378 -25.4789
    endloop
  endfacet
  facet normal -0.0389237 0.013364 -0.999153
    outer loop
      vertex 0 -18.7822 -21.2557
      vertex -0.593346 -18.4992 -21.2288
      vertex 0 -18.6551 -21.254
    endloop
  endfacet
  facet normal -0.0390334 0.0131338 -0.999152
    outer loop
      vertex -0.593346 -18.4992 -21.2288
      vertex 0 -18.7822 -21.2557
      vertex -0.687357 -18.7786 -21.2288
    endloop
  endfacet
  facet normal -0.0388756 0.03843 -0.998505
    outer loop
      vertex 0 -18.7822 -21.2557
      vertex 0 -18.9303 -21.2614
      vertex -0.687357 -18.7786 -21.2288
    endloop
  endfacet
  facet normal -0.039734 0.0102807 -0.999157
    outer loop
      vertex 0 -18.4996 -21.2524
      vertex 0 -18.6551 -21.254
      vertex -0.593346 -18.4992 -21.2288
    endloop
  endfacet
  facet normal -0.0397469 -0.00741783 -0.999182
    outer loop
      vertex -0.593346 -18.4992 -21.2288
      vertex 0 -18.3649 -21.2534
      vertex 0 -18.4996 -21.2524
    endloop
  endfacet
  facet normal -0.0396176 -0.00798908 -0.999183
    outer loop
      vertex 0 -18.3649 -21.2534
      vertex -0.593346 -18.4992 -21.2288
      vertex -0.651604 -18.2103 -21.2288
    endloop
  endfacet
  facet normal -0.0474546 0.499379 0.865083
    outer loop
      vertex 1.15726 -19.9394 -24.9593
      vertex 0 -19.0694 -25.525
      vertex 0 -20 -24.9878
    endloop
  endfacet
  facet normal 0.0496115 -0.864952 -0.499396
    outer loop
      vertex 0 -16.375 -22.8306
      vertex 1.02819 -16.3427 -22.7844
      vertex 0 -16.9444 -21.8444
    endloop
  endfacet
  facet normal -0.0444207 0.13201 0.990253
    outer loop
      vertex 1.19738 -19.0318 -25.4789
      vertex 1.47673 -18.9378 -25.4789
      vertex 0.2847 -18.9931 -25.525
    endloop
  endfacet
  facet normal 0.0313989 -0.999507 2.59718e-18
    outer loop
      vertex 0 -16.375 -22.8306
      vertex 1.02819 -16.3427 -23.9232
      vertex 1.02819 -16.3427 -22.7844
    endloop
  endfacet
  facet normal 0.0313989 -0.999507 2.59718e-18
    outer loop
      vertex 1.02819 -16.3427 -23.9232
      vertex 0 -16.375 -22.8306
      vertex 0 -16.375 -23.9694
    endloop
  endfacet
  facet normal 0.0511782 -0.497664 -0.865859
    outer loop
      vertex 1.06394 -16.9109 -21.7982
      vertex 1.12587 -17.8952 -21.2288
      vertex 0 -17.9306 -21.275
    endloop
  endfacet
  facet normal 0.0532735 -0.499301 -0.864789
    outer loop
      vertex 0 -16.9444 -21.8444
      vertex 1.06394 -16.9109 -21.7982
      vertex 0 -17.9306 -21.275
    endloop
  endfacet
  facet normal 0.0489353 -0.864669 -0.499954
    outer loop
      vertex 1.02819 -16.3427 -22.7844
      vertex 1.06394 -16.9109 -21.7982
      vertex 0 -16.9444 -21.8444
    endloop
  endfacet
  facet normal 0.0457937 -0.172244 -0.983989
    outer loop
      vertex 0 -17.9306 -21.275
      vertex 1.12587 -17.8952 -21.2288
      vertex 0 -17.9843 -21.2656
    endloop
  endfacet
  facet normal -0.0395265 -0.0133043 0.99913
    outer loop
      vertex 1.7299 -18.4277 -25.4789
      vertex 1.63589 -18.1484 -25.4789
      vertex 0.493116 -18.2153 -25.525
    endloop
  endfacet
  facet normal -0.0390401 -0.0104609 0.999183
    outer loop
      vertex 0.569402 -18.5 -25.525
      vertex 1.7299 -18.4277 -25.4789
      vertex 0.493116 -18.2153 -25.525
    endloop
  endfacet
  facet normal 0.0397469 -0.00741783 -0.999182
    outer loop
      vertex 0 -18.3649 -21.2534
      vertex 0.593346 -18.4992 -21.2288
      vertex 0 -18.4996 -21.2524
    endloop
  endfacet
  facet normal 0.0396176 -0.00798908 -0.999183
    outer loop
      vertex 0.593346 -18.4992 -21.2288
      vertex 0 -18.3649 -21.2534
      vertex 0.651604 -18.2103 -21.2288
    endloop
  endfacet
  facet normal 0.00560278 -0.866005 0.500003
    outer loop
      vertex 1.06394 -16.9109 -24.9095
      vertex 0 -16.375 -23.9694
      vertex 0 -16.9444 -24.9556
    endloop
  endfacet
  facet normal 0.00478232 -0.866412 0.499307
    outer loop
      vertex 1.06394 -16.9109 -24.9095
      vertex 1.02819 -16.3427 -23.9232
      vertex 0 -16.375 -23.9694
    endloop
  endfacet
  facet normal -0.034871 -0.172818 0.984336
    outer loop
      vertex 1.4148 -17.9535 -25.4789
      vertex 1.12587 -17.8952 -25.4789
      vertex 0 -17.9306 -25.525
    endloop
  endfacet
  facet normal -0.0485435 0.497869 0.865893
    outer loop
      vertex 1.19738 -19.0318 -25.4789
      vertex 1.15726 -19.9394 -24.9593
      vertex 1.25416 -19.9343 -24.9568
    endloop
  endfacet
  facet normal -0.0489706 0.497872 0.865867
    outer loop
      vertex 1.15726 -19.9394 -24.9593
      vertex 1.19738 -19.0318 -25.4789
      vertex 0 -19.0694 -25.525
    endloop
  endfacet
  facet normal 0.0413223 -0.0407946 -0.998313
    outer loop
      vertex 0 -18.0024 -21.2633
      vertex 0.846522 -17.9892 -21.2288
      vertex 0 -18.1321 -21.258
    endloop
  endfacet
  facet normal 0.0390334 0.0131338 -0.999152
    outer loop
      vertex 0 -18.7822 -21.2557
      vertex 0.593346 -18.4992 -21.2288
      vertex 0.687357 -18.7786 -21.2288
    endloop
  endfacet
  facet normal 0.0389237 0.013364 -0.999153
    outer loop
      vertex 0.593346 -18.4992 -21.2288
      vertex 0 -18.7822 -21.2557
      vertex 0 -18.6551 -21.254
    endloop
  endfacet
  facet normal 0.0177637 0.499864 -0.865922
    outer loop
      vertex 0 -19.0694 -21.275
      vertex 0.069311 -19.9964 -21.8087
      vertex 0 -20 -21.8122
    endloop
  endfacet
  facet normal 0.0177144 0.499861 -0.865924
    outer loop
      vertex 0.069311 -19.9964 -21.8087
      vertex 0 -19.0694 -21.275
      vertex 1.19738 -19.0318 -21.2288
    endloop
  endfacet
  facet normal 0.0159182 0.501436 -0.865049
    outer loop
      vertex 1.19738 -19.0318 -21.2288
      vertex 1.25416 -19.9343 -21.7509
      vertex 0.069311 -19.9964 -21.8087
    endloop
  endfacet
  facet normal -0.0197347 -0.499914 0.86585
    outer loop
      vertex 1.12587 -17.8952 -25.4789
      vertex 0 -16.9444 -24.9556
      vertex 0 -17.9306 -25.525
    endloop
  endfacet
  facet normal -0.0216766 -0.501639 0.864806
    outer loop
      vertex 1.12587 -17.8952 -25.4789
      vertex 1.06394 -16.9109 -24.9095
      vertex 0 -16.9444 -24.9556
    endloop
  endfacet
  facet normal -0.0396974 0.010637 0.999155
    outer loop
      vertex 1.67164 -18.7167 -25.4789
      vertex 0.569402 -18.5 -25.525
      vertex 0.493116 -18.7847 -25.525
    endloop
  endfacet
  facet normal 0.040462 -0.0357062 -0.998543
    outer loop
      vertex 0 -18.1321 -21.258
      vertex 0.651604 -18.2103 -21.2288
      vertex 0 -18.2132 -21.2551
    endloop
  endfacet
  facet normal 0.0404659 -0.0356741 -0.998544
    outer loop
      vertex 0.651604 -18.2103 -21.2288
      vertex 0 -18.1321 -21.258
      vertex 0.846522 -17.9892 -21.2288
    endloop
  endfacet
  facet normal 0.0403763 -0.0111965 -0.999122
    outer loop
      vertex 0 -18.2132 -21.2551
      vertex 0.651604 -18.2103 -21.2288
      vertex 0 -18.3649 -21.2534
    endloop
  endfacet
  facet normal 0.039734 0.0102807 -0.999157
    outer loop
      vertex 0 -18.4996 -21.2524
      vertex 0.593346 -18.4992 -21.2288
      vertex 0 -18.6551 -21.254
    endloop
  endfacet
  facet normal 0.0378693 0.0429583 -0.998359
    outer loop
      vertex 0 -18.9884 -21.2639
      vertex 0.687357 -18.7786 -21.2288
      vertex 0.908448 -18.9735 -21.2288
    endloop
  endfacet
  facet normal 0.0378692 0.0429586 -0.998359
    outer loop
      vertex 0.687357 -18.7786 -21.2288
      vertex 0 -18.9884 -21.2639
      vertex 0 -18.9303 -21.2614
    endloop
  endfacet
  facet normal 0.0388756 0.03843 -0.998505
    outer loop
      vertex 0 -18.7822 -21.2557
      vertex 0.687357 -18.7786 -21.2288
      vertex 0 -18.9303 -21.2614
    endloop
  endfacet
  facet normal 0.0423575 -0.125945 -0.991133
    outer loop
      vertex 0 -17.9843 -21.2656
      vertex 0.846522 -17.9892 -21.2288
      vertex 0 -18.0024 -21.2633
    endloop
  endfacet
  facet normal 0.0423582 -0.12588 -0.991141
    outer loop
      vertex 0.846522 -17.9892 -21.2288
      vertex 0 -17.9843 -21.2656
      vertex 1.12587 -17.8952 -21.2288
    endloop
  endfacet
  facet normal 0.0360293 0.13568 -0.990097
    outer loop
      vertex 0 -18.9884 -21.2639
      vertex 0.908448 -18.9735 -21.2288
      vertex 0 -19.0694 -21.275
    endloop
  endfacet
  facet normal 0.0329224 0.163162 -0.98605
    outer loop
      vertex 0.908448 -18.9735 -21.2288
      vertex 1.19738 -19.0318 -21.2288
      vertex 0 -19.0694 -21.275
    endloop
  endfacet
  facet normal -0.0343715 -0.128251 0.991146
    outer loop
      vertex 0.2847 -18.0069 -25.525
      vertex 1.4148 -17.9535 -25.4789
      vertex 0 -17.9306 -25.525
    endloop
  endfacet
  facet normal -0.0386513 -0.0438452 0.99829
    outer loop
      vertex 1.63589 -18.1484 -25.4789
      vertex 1.4148 -17.9535 -25.4789
      vertex 0.2847 -18.0069 -25.525
    endloop
  endfacet
  facet normal -0.038054 -0.038057 0.998551
    outer loop
      vertex 0.493116 -18.2153 -25.525
      vertex 1.63589 -18.1484 -25.4789
      vertex 0.2847 -18.0069 -25.525
    endloop
  endfacet
  facet normal -0.0401957 0.00810313 0.999159
    outer loop
      vertex 1.67164 -18.7167 -25.4789
      vertex 1.7299 -18.4277 -25.4789
      vertex 0.569402 -18.5 -25.525
    endloop
  endfacet
  facet normal -0.041151 0.0362765 0.998494
    outer loop
      vertex 1.47673 -18.9378 -25.4789
      vertex 1.67164 -18.7167 -25.4789
      vertex 0.493116 -18.7847 -25.525
    endloop
  endfacet
  facet normal -0.0404885 0.0404916 0.998359
    outer loop
      vertex 1.47673 -18.9378 -25.4789
      vertex 0.493116 -18.7847 -25.525
      vertex 0.2847 -18.9931 -25.525
    endloop
  endfacet
  facet normal -0.0430046 0.160464 0.986104
    outer loop
      vertex 1.19738 -19.0318 -25.4789
      vertex 0.2847 -18.9931 -25.525
      vertex 0 -19.0694 -25.525
    endloop
  endfacet
  facet normal 0.113472 0.0463076 -0.992461
    outer loop
      vertex 1.75375 -18.4255 -21.0904
      vertex 1.86512 -18.6984 -21.0904
      vertex 0.687357 -18.7786 -21.2288
    endloop
  endfacet
  facet normal -0.0641938 -0.508 0.858961
    outer loop
      vertex 2.2473 -17.7892 -25.3405
      vertex 2.12369 -16.8108 -24.7711
      vertex 1.06394 -16.9109 -24.9095
    endloop
  endfacet
  facet normal -0.141136 0.489139 0.860711
    outer loop
      vertex 1.19738 -19.0318 -25.4789
      vertex 2.09057 -19.8904 -24.8445
      vertex 2.42289 -19.8378 -24.8199
    endloop
  endfacet
  facet normal -0.141236 0.489057 0.860742
    outer loop
      vertex 2.09057 -19.8904 -24.8445
      vertex 1.19738 -19.0318 -25.4789
      vertex 1.25416 -19.9343 -24.9568
    endloop
  endfacet
  facet normal -0.0696248 -0.508296 0.858363
    outer loop
      vertex 2.53932 -17.8292 -25.3405
      vertex 2.9215 -16.92 -24.7711
      vertex 2.2473 -17.7892 -25.3405
    endloop
  endfacet
  facet normal -0.0737769 -0.365632 0.927831
    outer loop
      vertex 1.4148 -17.9535 -25.4789
      vertex 2.53932 -17.8292 -25.3405
      vertex 1.12587 -17.8952 -25.4789
    endloop
  endfacet
  facet normal 0.126202 -0.0978893 -0.987163
    outer loop
      vertex 1.9744 -17.9006 -21.0904
      vertex 1.79375 -18.1335 -21.0904
      vertex 0.651604 -18.2103 -21.2288
    endloop
  endfacet
  facet normal 0.121888 -0.0245792 -0.99224
    outer loop
      vertex 0.651604 -18.2103 -21.2288
      vertex 1.79375 -18.1335 -21.0904
      vertex 0.593346 -18.4992 -21.2288
    endloop
  endfacet
  facet normal 0.148073 -0.854592 -0.497742
    outer loop
      vertex 2.05233 -16.2458 -22.6461
      vertex 1.06394 -16.9109 -21.7982
      vertex 1.02819 -16.3427 -22.7844
    endloop
  endfacet
  facet normal 0.0165687 -0.866118 0.499565
    outer loop
      vertex 1.06394 -16.9109 -24.9095
      vertex 2.12369 -16.8108 -24.7711
      vertex 1.02819 -16.3427 -23.9232
    endloop
  endfacet
  facet normal -0.0695768 -0.508325 0.85835
    outer loop
      vertex 2.2473 -17.7892 -25.3405
      vertex 2.9215 -16.92 -24.7711
      vertex 2.12369 -16.8108 -24.7711
    endloop
  endfacet
  facet normal 0.0148139 -0.867132 0.497857
    outer loop
      vertex 2.12369 -16.8108 -24.7711
      vertex 2.05233 -16.2458 -23.7849
      vertex 1.02819 -16.3427 -23.9232
    endloop
  endfacet
  facet normal 0.0941953 -0.995554 2.73596e-18
    outer loop
      vertex 1.02819 -16.3427 -22.7844
      vertex 2.05233 -16.2458 -23.7849
      vertex 2.05233 -16.2458 -22.6461
    endloop
  endfacet
  facet normal 0.0941953 -0.995554 2.73596e-18
    outer loop
      vertex 2.05233 -16.2458 -23.7849
      vertex 1.02819 -16.3427 -22.7844
      vertex 1.02819 -16.3427 -23.9232
    endloop
  endfacet
  facet normal 0.115897 0.0389964 -0.992495
    outer loop
      vertex 1.75375 -18.4255 -21.0904
      vertex 0.687357 -18.7786 -21.2288
      vertex 0.593346 -18.4992 -21.2288
    endloop
  endfacet
  facet normal -0.0643051 -0.469459 0.880609
    outer loop
      vertex 2.53932 -17.8292 -25.3405
      vertex 2.2473 -17.7892 -25.3405
      vertex 1.12587 -17.8952 -25.4789
    endloop
  endfacet
  facet normal -0.193923 0.475001 0.858352
    outer loop
      vertex 2.66292 -18.8077 -25.3405
      vertex 2.81022 -19.7765 -24.7711
      vertex 3.2592 -19.5932 -24.7711
    endloop
  endfacet
  facet normal -0.193942 0.474997 0.85835
    outer loop
      vertex 2.81022 -19.7765 -24.7711
      vertex 2.66292 -18.8077 -25.3405
      vertex 2.52401 -19.8218 -24.8107
    endloop
  endfacet
  facet normal -0.193729 0.474994 0.8584
    outer loop
      vertex 2.39003 -18.919 -25.3405
      vertex 2.52401 -19.8218 -24.8107
      vertex 2.66292 -18.8077 -25.3405
    endloop
  endfacet
  facet normal -0.193958 0.474945 0.858375
    outer loop
      vertex 2.52401 -19.8218 -24.8107
      vertex 2.39003 -18.919 -25.3405
      vertex 2.50447 -19.8249 -24.8134
    endloop
  endfacet
  facet normal -0.145266 0.483807 0.863034
    outer loop
      vertex 2.39003 -18.919 -25.3405
      vertex 2.42289 -19.8378 -24.8199
      vertex 2.50447 -19.8249 -24.8134
    endloop
  endfacet
  facet normal -0.145894 0.483745 0.862963
    outer loop
      vertex 2.42289 -19.8378 -24.8199
      vertex 2.39003 -18.919 -25.3405
      vertex 1.19738 -19.0318 -25.4789
    endloop
  endfacet
  facet normal -0.147006 0.360435 0.921128
    outer loop
      vertex 2.39003 -18.919 -25.3405
      vertex 2.66292 -18.8077 -25.3405
      vertex 1.47673 -18.9378 -25.4789
    endloop
  endfacet
  facet normal -0.144018 0.427993 0.892234
    outer loop
      vertex 2.39003 -18.919 -25.3405
      vertex 1.47673 -18.9378 -25.4789
      vertex 1.19738 -19.0318 -25.4789
    endloop
  endfacet
  facet normal 0.140995 -0.345811 -0.92765
    outer loop
      vertex 2.07068 -17.8144 -21.1079
      vertex 1.9744 -17.9006 -21.0904
      vertex 0.846522 -17.9892 -21.2288
    endloop
  endfacet
  facet normal 0.0471538 0.506791 -0.860779
    outer loop
      vertex 2.09057 -19.8904 -21.6788
      vertex 2.05517 -19.748 -21.5969
      vertex 2.36076 -19.8476 -21.6388
    endloop
  endfacet
  facet normal 0.0469924 0.506765 -0.860803
    outer loop
      vertex 2.05517 -19.748 -21.5969
      vertex 2.09057 -19.8904 -21.6788
      vertex 1.34871 -19.9293 -21.7422
    endloop
  endfacet
  facet normal 0.0469439 0.506894 -0.860729
    outer loop
      vertex 2.17186 -19.1307 -21.227
      vertex 2.05517 -19.748 -21.5969
      vertex 1.34871 -19.9293 -21.7422
    endloop
  endfacet
  facet normal 0.145906 -0.853836 -0.499675
    outer loop
      vertex 2.05233 -16.2458 -22.6461
      vertex 2.12369 -16.8108 -21.6598
      vertex 1.06394 -16.9109 -21.7982
    endloop
  endfacet
  facet normal -0.058932 -0.50264 0.862485
    outer loop
      vertex 1.12587 -17.8952 -25.4789
      vertex 2.2473 -17.7892 -25.3405
      vertex 1.06394 -16.9109 -24.9095
    endloop
  endfacet
  facet normal -0.106102 -0.136746 0.984908
    outer loop
      vertex 2.77221 -18.0099 -25.3405
      vertex 2.53932 -17.8292 -25.3405
      vertex 1.4148 -17.9535 -25.4789
    endloop
  endfacet
  facet normal -0.114259 -0.0384585 0.992706
    outer loop
      vertex 1.7299 -18.4277 -25.4789
      vertex 2.88358 -18.2828 -25.3405
      vertex 1.63589 -18.1484 -25.4789
    endloop
  endfacet
  facet normal -0.120138 0.0242188 0.992462
    outer loop
      vertex 2.84357 -18.5748 -25.3405
      vertex 1.7299 -18.4277 -25.4789
      vertex 1.67164 -18.7167 -25.4789
    endloop
  endfacet
  facet normal -0.121149 0.0165998 0.992496
    outer loop
      vertex 2.84357 -18.5748 -25.3405
      vertex 2.88358 -18.2828 -25.3405
      vertex 1.7299 -18.4277 -25.4789
    endloop
  endfacet
  facet normal 0.119438 -0.0163614 -0.992707
    outer loop
      vertex 1.79375 -18.1335 -21.0904
      vertex 1.75375 -18.4255 -21.0904
      vertex 0.593346 -18.4992 -21.2288
    endloop
  endfacet
  facet normal 0.0611225 0.447737 -0.892074
    outer loop
      vertex 2.09801 -18.879 -21.0904
      vertex 2.19232 -18.9377 -21.1134
      vertex 1.19738 -19.0318 -21.2288
    endloop
  endfacet
  facet normal 0.0769097 0.381161 -0.921304
    outer loop
      vertex 2.09801 -18.879 -21.0904
      vertex 1.19738 -19.0318 -21.2288
      vertex 0.908448 -18.9735 -21.2288
    endloop
  endfacet
  facet normal -0.115125 -0.0469823 0.992239
    outer loop
      vertex 2.88358 -18.2828 -25.3405
      vertex 2.77221 -18.0099 -25.3405
      vertex 1.63589 -18.1484 -25.4789
    endloop
  endfacet
  facet normal -0.105628 -0.119822 0.98716
    outer loop
      vertex 1.63589 -18.1484 -25.4789
      vertex 2.77221 -18.0099 -25.3405
      vertex 1.4148 -17.9535 -25.4789
    endloop
  endfacet
  facet normal -0.128599 0.0997485 0.986667
    outer loop
      vertex 2.66292 -18.8077 -25.3405
      vertex 2.84357 -18.5748 -25.3405
      vertex 1.67164 -18.7167 -25.4789
    endloop
  endfacet
  facet normal -0.127291 0.112213 0.985497
    outer loop
      vertex 2.66292 -18.8077 -25.3405
      vertex 1.67164 -18.7167 -25.4789
      vertex 1.47673 -18.9378 -25.4789
    endloop
  endfacet
  facet normal 0.129848 -0.114472 -0.984904
    outer loop
      vertex 0.846522 -17.9892 -21.2288
      vertex 1.9744 -17.9006 -21.0904
      vertex 0.651604 -18.2103 -21.2288
    endloop
  endfacet
  facet normal 0.10763 0.122093 -0.986666
    outer loop
      vertex 1.86512 -18.6984 -21.0904
      vertex 0.908448 -18.9735 -21.2288
      vertex 0.687357 -18.7786 -21.2288
    endloop
  endfacet
  facet normal 0.0525942 0.502514 -0.862968
    outer loop
      vertex 1.19738 -19.0318 -21.2288
      vertex 2.17186 -19.1307 -21.227
      vertex 1.34871 -19.9293 -21.7422
    endloop
  endfacet
  facet normal 0.0526111 0.502683 -0.862869
    outer loop
      vertex 2.17186 -19.1307 -21.227
      vertex 1.19738 -19.0318 -21.2288
      vertex 2.18808 -18.9592 -21.1261
    endloop
  endfacet
  facet normal 0.052828 0.502538 -0.86294
    outer loop
      vertex 1.19738 -19.0318 -21.2288
      vertex 1.34871 -19.9293 -21.7422
      vertex 1.25416 -19.9343 -21.7509
    endloop
  endfacet
  facet normal 0.0529511 0.500119 -0.864336
    outer loop
      vertex 2.18808 -18.9592 -21.1261
      vertex 1.19738 -19.0318 -21.2288
      vertex 2.19232 -18.9377 -21.1134
    endloop
  endfacet
  facet normal 0.151122 -0.450606 -0.879839
    outer loop
      vertex 2.07068 -17.8144 -21.1079
      vertex 1.12587 -17.8952 -21.2288
      vertex 2.07099 -17.8059 -21.1122
    endloop
  endfacet
  facet normal 0.15109 -0.449009 -0.880661
    outer loop
      vertex 1.12587 -17.8952 -21.2288
      vertex 2.07068 -17.8144 -21.1079
      vertex 0.846522 -17.9892 -21.2288
    endloop
  endfacet
  facet normal 0.152194 -0.48286 -0.862371
    outer loop
      vertex 1.83404 -17.2814 -21.4475
      vertex 1.12587 -17.8952 -21.2288
      vertex 1.7953 -17.1677 -21.518
    endloop
  endfacet
  facet normal 0.152014 -0.482697 -0.862494
    outer loop
      vertex 1.12587 -17.8952 -21.2288
      vertex 1.83404 -17.2814 -21.4475
      vertex 2.07099 -17.8059 -21.1122
    endloop
  endfacet
  facet normal 0.104003 0.134116 -0.985493
    outer loop
      vertex 1.86512 -18.6984 -21.0904
      vertex 2.09801 -18.879 -21.0904
      vertex 0.908448 -18.9735 -21.2288
    endloop
  endfacet
  facet normal 0.158113 -0.486963 -0.858992
    outer loop
      vertex 1.06394 -16.9109 -21.7982
      vertex 1.7953 -17.1677 -21.518
      vertex 1.12587 -17.8952 -21.2288
    endloop
  endfacet
  facet normal 0.15835 -0.486515 -0.859202
    outer loop
      vertex 1.7953 -17.1677 -21.518
      vertex 1.06394 -16.9109 -21.7982
      vertex 1.75256 -17.073 -21.5795
    endloop
  endfacet
  facet normal 0.158171 -0.486696 -0.859133
    outer loop
      vertex 1.75927 -17.0152 -21.6111
      vertex 1.06394 -16.9109 -21.7982
      vertex 2.12369 -16.8108 -21.6598
    endloop
  endfacet
  facet normal 0.157872 -0.487734 -0.858599
    outer loop
      vertex 1.75256 -17.073 -21.5795
      vertex 1.06394 -16.9109 -21.7982
      vertex 1.75927 -17.0152 -21.6111
    endloop
  endfacet
  facet normal 0.156412 -0.987692 -1.11523e-17
    outer loop
      vertex 2.05233 -16.2458 -22.6461
      vertex 3.06836 -16.0849 -23.5549
      vertex 3.06836 -16.0849 -22.4161
    endloop
  endfacet
  facet normal 0.156412 -0.987692 -1.11523e-17
    outer loop
      vertex 3.06836 -16.0849 -23.5549
      vertex 2.05233 -16.2458 -22.6461
      vertex 2.05233 -16.2458 -23.7849
    endloop
  endfacet
  facet normal 0.0254239 -0.868408 0.495198
    outer loop
      vertex 3.17506 -16.6442 -24.5412
      vertex 3.06836 -16.0849 -23.5549
      vertex 2.05233 -16.2458 -23.7849
    endloop
  endfacet
  facet normal 0.161963 0.208857 -0.964441
    outer loop
      vertex 3.03552 -18.5444 -20.8605
      vertex 2.09801 -18.879 -21.0904
      vertex 1.86512 -18.6984 -21.0904
    endloop
  endfacet
  facet normal 0.0802174 0.585487 -0.806703
    outer loop
      vertex 2.05517 -19.748 -21.5969
      vertex 2.6892 -19.7956 -21.5684
      vertex 2.36076 -19.8476 -21.6388
    endloop
  endfacet
  facet normal 0.0802376 0.585966 -0.806353
    outer loop
      vertex 2.6892 -19.7956 -21.5684
      vertex 2.05517 -19.748 -21.5969
      vertex 2.95496 -19.6414 -21.4299
    endloop
  endfacet
  facet normal 0.259679 -0.636095 -0.726601
    outer loop
      vertex 2.12369 -16.8108 -21.6598
      vertex 3.17506 -16.6442 -21.4299
      vertex 1.75927 -17.0152 -21.6111
    endloop
  endfacet
  facet normal -0.0503341 -0.685133 0.726677
    outer loop
      vertex 3.97815 -16.7032 -24.5412
      vertex 3.17506 -16.6442 -24.5412
      vertex 2.12369 -16.8108 -24.7711
    endloop
  endfacet
  facet normal 0.185639 0.075759 -0.979693
    outer loop
      vertex 2.90724 -18.279 -20.8605
      vertex 1.86512 -18.6984 -21.0904
      vertex 1.75375 -18.4255 -21.0904
    endloop
  endfacet
  facet normal 0.0283049 -0.866458 0.498447
    outer loop
      vertex 2.12369 -16.8108 -24.7711
      vertex 3.17506 -16.6442 -24.5412
      vertex 2.05233 -16.2458 -23.7849
    endloop
  endfacet
  facet normal -0.157545 -0.231782 0.959925
    outer loop
      vertex 3.89759 -17.8003 -25.1106
      vertex 3.65381 -17.6346 -25.1106
      vertex 2.53932 -17.8292 -25.3405
    endloop
  endfacet
  facet normal 0.0457137 0.622762 -0.781075
    outer loop
      vertex 2.95496 -19.6414 -21.4299
      vertex 3.43858 -19.6769 -21.4299
      vertex 2.6892 -19.7956 -21.5684
    endloop
  endfacet
  facet normal 0.197212 -0.0144805 -0.980254
    outer loop
      vertex 2.92882 -17.9851 -20.8605
      vertex 2.90724 -18.279 -20.8605
      vertex 1.75375 -18.4255 -21.0904
    endloop
  endfacet
  facet normal -0.199086 0.0272789 0.979602
    outer loop
      vertex 4.00428 -18.3596 -25.1106
      vertex 2.88358 -18.2828 -25.3405
      vertex 2.84357 -18.5748 -25.3405
    endloop
  endfacet
  facet normal -0.0838396 -0.50335 0.860006
    outer loop
      vertex 3.97815 -16.7032 -24.5412
      vertex 2.9215 -16.92 -24.7711
      vertex 2.53932 -17.8292 -25.3405
    endloop
  endfacet
  facet normal -0.0915131 -0.496011 0.863481
    outer loop
      vertex 3.65381 -17.6346 -25.1106
      vertex 3.97815 -16.7032 -24.5412
      vertex 2.53932 -17.8292 -25.3405
    endloop
  endfacet
  facet normal 0.240945 -0.832807 -0.498375
    outer loop
      vertex 3.06836 -16.0849 -22.4161
      vertex 3.17506 -16.6442 -21.4299
      vertex 2.12369 -16.8108 -21.6598
    endloop
  endfacet
  facet normal 0.244144 -0.83373 -0.495265
    outer loop
      vertex 3.06836 -16.0849 -22.4161
      vertex 2.12369 -16.8108 -21.6598
      vertex 2.05233 -16.2458 -22.6461
    endloop
  endfacet
  facet normal 0.23516 -0.486416 -0.841486
    outer loop
      vertex 2.45007 -16.9947 -21.4299
      vertex 1.75927 -17.0152 -21.6111
      vertex 3.17506 -16.6442 -21.4299
    endloop
  endfacet
  facet normal 0.235079 -0.487129 -0.841097
    outer loop
      vertex 1.75927 -17.0152 -21.6111
      vertex 2.45007 -16.9947 -21.4299
      vertex 1.75256 -17.073 -21.5795
    endloop
  endfacet
  facet normal 0.101112 0.497366 -0.861628
    outer loop
      vertex 2.95496 -19.6414 -21.4299
      vertex 2.17186 -19.1307 -21.227
      vertex 2.18808 -18.9592 -21.1261
    endloop
  endfacet
  facet normal 0.10102 0.497256 -0.861703
    outer loop
      vertex 2.17186 -19.1307 -21.227
      vertex 2.95496 -19.6414 -21.4299
      vertex 2.05517 -19.748 -21.5969
    endloop
  endfacet
  facet normal 0.221455 -0.171773 -0.959923
    outer loop
      vertex 1.9744 -17.9006 -21.0904
      vertex 3.09449 -17.7413 -20.8605
      vertex 1.79375 -18.1335 -21.0904
    endloop
  endfacet
  facet normal -0.257328 0.532369 0.806452
    outer loop
      vertex 3.2592 -19.5932 -24.7711
      vertex 3.9859 -19.5902 -24.5412
      vertex 4.48304 -19.3499 -24.5412
    endloop
  endfacet
  facet normal -0.257331 0.532354 0.806461
    outer loop
      vertex 3.9859 -19.5902 -24.5412
      vertex 3.2592 -19.5932 -24.7711
      vertex 3.55961 -19.6578 -24.6326
    endloop
  endfacet
  facet normal -0.183476 -0.0887158 0.979013
    outer loop
      vertex 4.02587 -18.0656 -25.1106
      vertex 3.89759 -17.8003 -25.1106
      vertex 2.77221 -18.0099 -25.3405
    endloop
  endfacet
  facet normal 0.201908 -0.0276586 -0.979014
    outer loop
      vertex 1.79375 -18.1335 -21.0904
      vertex 2.92882 -17.9851 -20.8605
      vertex 1.75375 -18.4255 -21.0904
    endloop
  endfacet
  facet normal 0.214674 -0.145878 -0.96573
    outer loop
      vertex 3.09449 -17.7413 -20.8605
      vertex 2.92882 -17.9851 -20.8605
      vertex 1.79375 -18.1335 -21.0904
    endloop
  endfacet
  facet normal 0.15456 0.227528 -0.961427
    outer loop
      vertex 3.03552 -18.5444 -20.8605
      vertex 3.2793 -18.71 -20.8605
      vertex 2.09801 -18.879 -21.0904
    endloop
  endfacet
  facet normal 0.0951899 0.492302 -0.865204
    outer loop
      vertex 2.95496 -19.6414 -21.4299
      vertex 2.18808 -18.9592 -21.1261
      vertex 2.19232 -18.9377 -21.1134
    endloop
  endfacet
  facet normal 0.0974722 0.494179 -0.863879
    outer loop
      vertex 2.19232 -18.9377 -21.1134
      vertex 3.2793 -18.71 -20.8605
      vertex 2.95496 -19.6414 -21.4299
    endloop
  endfacet
  facet normal 0.0972979 0.494701 -0.863599
    outer loop
      vertex 3.2793 -18.71 -20.8605
      vertex 2.19232 -18.9377 -21.1134
      vertex 2.09801 -18.879 -21.0904
    endloop
  endfacet
  facet normal 0.2353 -0.452794 -0.860007
    outer loop
      vertex 1.83404 -17.2814 -21.4475
      vertex 2.45007 -16.9947 -21.4299
      vertex 3.09449 -17.7413 -20.8605
    endloop
  endfacet
  facet normal 0.235382 -0.452976 -0.859888
    outer loop
      vertex 1.7953 -17.1677 -21.518
      vertex 2.45007 -16.9947 -21.4299
      vertex 1.83404 -17.2814 -21.4475
    endloop
  endfacet
  facet normal 0.235282 -0.452441 -0.860197
    outer loop
      vertex 2.45007 -16.9947 -21.4299
      vertex 1.7953 -17.1677 -21.518
      vertex 1.75256 -17.073 -21.5795
    endloop
  endfacet
  facet normal 0.240235 -0.44515 -0.862629
    outer loop
      vertex 3.09449 -17.7413 -20.8605
      vertex 2.07068 -17.8144 -21.1079
      vertex 2.07099 -17.8059 -21.1122
    endloop
  endfacet
  facet normal 0.240308 -0.443685 -0.863363
    outer loop
      vertex 2.07068 -17.8144 -21.1079
      vertex 3.09449 -17.7413 -20.8605
      vertex 1.9744 -17.9006 -21.0904
    endloop
  endfacet
  facet normal 0.240337 -0.44343 -0.863486
    outer loop
      vertex 3.09449 -17.7413 -20.8605
      vertex 2.07099 -17.8059 -21.1122
      vertex 1.83404 -17.2814 -21.4475
    endloop
  endfacet
  facet normal -0.199967 0.0146847 0.979692
    outer loop
      vertex 4.00428 -18.3596 -25.1106
      vertex 4.02587 -18.0656 -25.1106
      vertex 2.88358 -18.2828 -25.3405
    endloop
  endfacet
  facet normal -0.183082 -0.0747153 0.980254
    outer loop
      vertex 2.88358 -18.2828 -25.3405
      vertex 4.02587 -18.0656 -25.1106
      vertex 2.77221 -18.0099 -25.3405
    endloop
  endfacet
  facet normal -0.235927 0.577886 0.781272
    outer loop
      vertex 3.55961 -19.6578 -24.6326
      vertex 3.2592 -19.5932 -24.7711
      vertex 2.81022 -19.7765 -24.7711
    endloop
  endfacet
  facet normal -0.249684 0.441686 0.861726
    outer loop
      vertex 4.48304 -19.3499 -24.5412
      vertex 3.83861 -18.6033 -25.1106
      vertex 3.2592 -19.5932 -24.7711
    endloop
  endfacet
  facet normal -0.245404 0.439913 0.863859
    outer loop
      vertex 3.2592 -19.5932 -24.7711
      vertex 3.83861 -18.6033 -25.1106
      vertex 2.66292 -18.8077 -25.3405
    endloop
  endfacet
  facet normal -0.218574 0.148589 0.964441
    outer loop
      vertex 3.83861 -18.6033 -25.1106
      vertex 4.00428 -18.3596 -25.1106
      vertex 2.84357 -18.5748 -25.3405
    endloop
  endfacet
  facet normal -0.217309 0.168557 0.961439
    outer loop
      vertex 3.83861 -18.6033 -25.1106
      vertex 2.84357 -18.5748 -25.3405
      vertex 2.66292 -18.8077 -25.3405
    endloop
  endfacet
  facet normal -0.159097 -0.205047 0.965735
    outer loop
      vertex 2.77221 -18.0099 -25.3405
      vertex 3.89759 -17.8003 -25.1106
      vertex 2.53932 -17.8292 -25.3405
    endloop
  endfacet
  facet normal -0.0732645 -0.535267 0.8415
    outer loop
      vertex 2.9215 -16.92 -24.7711
      vertex 3.97815 -16.7032 -24.5412
      vertex 2.12369 -16.8108 -24.7711
    endloop
  endfacet
  facet normal 0.180916 0.0874451 -0.979603
    outer loop
      vertex 2.90724 -18.279 -20.8605
      vertex 3.03552 -18.5444 -20.8605
      vertex 1.86512 -18.6984 -21.0904
    endloop
  endfacet
  facet normal -0.136977 -0.480877 0.866022
    outer loop
      vertex 4.75389 -17.3704 -24.7899
      vertex 5.0191 -16.4205 -24.2205
      vertex 3.65381 -17.6346 -25.1106
    endloop
  endfacet
  facet normal 0.218139 -0.975918 8.51453e-18
    outer loop
      vertex 3.06836 -16.0849 -22.4161
      vertex 4.07229 -15.8605 -23.2342
      vertex 4.07229 -15.8605 -22.0954
    endloop
  endfacet
  facet normal 0.218139 -0.975918 8.51453e-18
    outer loop
      vertex 4.07229 -15.8605 -23.2342
      vertex 3.06836 -16.0849 -22.4161
      vertex 3.06836 -16.0849 -23.5549
    endloop
  endfacet
  facet normal -0.350997 0.622779 0.699248
    outer loop
      vertex 4.48304 -19.3499 -24.5412
      vertex 5.2747 -19.2638 -24.2205
      vertex 5.68918 -19.0302 -24.2205
    endloop
  endfacet
  facet normal -0.350913 0.62318 0.698933
    outer loop
      vertex 5.2747 -19.2638 -24.2205
      vertex 4.48304 -19.3499 -24.5412
      vertex 4.78459 -19.3951 -24.3495
    endloop
  endfacet
  facet normal -0.323996 0.670239 0.667688
    outer loop
      vertex 4.48304 -19.3499 -24.5412
      vertex 4.15823 -19.563 -24.4849
      vertex 4.78459 -19.3951 -24.3495
    endloop
  endfacet
  facet normal -0.32394 0.670177 0.667776
    outer loop
      vertex 4.15823 -19.563 -24.4849
      vertex 4.48304 -19.3499 -24.5412
      vertex 3.9859 -19.5902 -24.5412
    endloop
  endfacet
  facet normal 0.0078794 0.744097 -0.668025
    outer loop
      vertex 4.15823 -19.563 -21.272
      vertex 4.18242 -19.4171 -21.1092
      vertex 4.68293 -19.4224 -21.1092
    endloop
  endfacet
  facet normal 0.00816599 0.744075 -0.668047
    outer loop
      vertex 4.18242 -19.4171 -21.1092
      vertex 4.15823 -19.563 -21.272
      vertex 3.90351 -19.6033 -21.32
    endloop
  endfacet
  facet normal -0.329958 0.376444 0.865689
    outer loop
      vertex 5.68918 -19.0302 -24.2205
      vertex 4.99915 -18.3256 -24.7899
      vertex 4.48304 -19.3499 -24.5412
    endloop
  endfacet
  facet normal 0.346861 -0.717462 -0.604099
    outer loop
      vertex 3.17506 -16.6442 -21.4299
      vertex 4.21389 -16.412 -21.1092
      vertex 2.45007 -16.9947 -21.4299
    endloop
  endfacet
  facet normal -0.00841134 -0.796811 0.60417
    outer loop
      vertex 5.0191 -16.4205 -24.2205
      vertex 4.21389 -16.412 -24.2205
      vertex 3.17506 -16.6442 -24.5412
    endloop
  endfacet
  facet normal 0.137832 0.480636 -0.86602
    outer loop
      vertex 4.44764 -18.4672 -20.5398
      vertex 4.18242 -19.4171 -21.1092
      vertex 3.2793 -18.71 -20.8605
    endloop
  endfacet
  facet normal -0.242942 -0.136891 0.960333
    outer loop
      vertex 5.15228 -17.7772 -24.7899
      vertex 5.00758 -17.5204 -24.7899
      vertex 3.89759 -17.8003 -25.1106
    endloop
  endfacet
  facet normal -0.307318 0.18175 0.934089
    outer loop
      vertex 4.99915 -18.3256 -24.7899
      vertex 5.14919 -18.0719 -24.7899
      vertex 4.00428 -18.3596 -25.1106
    endloop
  endfacet
  facet normal -0.135814 -0.481901 0.865636
    outer loop
      vertex 5.0191 -16.4205 -24.2205
      vertex 3.97815 -16.7032 -24.5412
      vertex 3.65381 -17.6346 -25.1106
    endloop
  endfacet
  facet normal 0.0406686 -0.867258 0.496195
    outer loop
      vertex 3.17506 -16.6442 -24.5412
      vertex 4.21389 -16.412 -24.2205
      vertex 3.06836 -16.0849 -23.5549
    endloop
  endfacet
  facet normal -0.191999 -0.324721 0.926117
    outer loop
      vertex 5.00758 -17.5204 -24.7899
      vertex 4.75389 -17.3704 -24.7899
      vertex 3.65381 -17.6346 -25.1106
    endloop
  endfacet
  facet normal -0.274364 0.020148 0.961415
    outer loop
      vertex 5.14919 -18.0719 -24.7899
      vertex 4.02587 -18.0656 -25.1106
      vertex 4.00428 -18.3596 -25.1106
    endloop
  endfacet
  facet normal -0.329337 0.376213 0.866026
    outer loop
      vertex 4.48304 -19.3499 -24.5412
      vertex 4.99915 -18.3256 -24.7899
      vertex 3.83861 -18.6033 -25.1106
    endloop
  endfacet
  facet normal -0.306516 0.208373 0.928778
    outer loop
      vertex 4.99915 -18.3256 -24.7899
      vertex 4.00428 -18.3596 -25.1106
      vertex 3.83861 -18.6033 -25.1106
    endloop
  endfacet
  facet normal -0.0488719 -0.66523 0.745038
    outer loop
      vertex 3.97815 -16.7032 -24.5412
      vertex 5.0191 -16.4205 -24.2205
      vertex 3.17506 -16.6442 -24.5412
    endloop
  endfacet
  facet normal 0.200656 0.295386 -0.934069
    outer loop
      vertex 4.19394 -18.3172 -20.5398
      vertex 3.2793 -18.71 -20.8605
      vertex 3.03552 -18.5444 -20.8605
    endloop
  endfacet
  facet normal 0.327445 -0.581125 -0.745032
    outer loop
      vertex 4.21389 -16.412 -21.1092
      vertex 3.51234 -16.8073 -21.1092
      vertex 2.45007 -16.9947 -21.4299
    endloop
  endfacet
  facet normal 0.0523871 0.713051 -0.699152
    outer loop
      vertex 3.43858 -19.6769 -21.4299
      vertex 4.18242 -19.4171 -21.1092
      vertex 3.90351 -19.6033 -21.32
    endloop
  endfacet
  facet normal 0.0523453 0.713105 -0.6991
    outer loop
      vertex 4.18242 -19.4171 -21.1092
      vertex 3.43858 -19.6769 -21.4299
      vertex 2.95496 -19.6414 -21.4299
    endloop
  endfacet
  facet normal 0.311968 -0.211992 -0.92614
    outer loop
      vertex 3.09449 -17.7413 -20.8605
      vertex 4.20237 -17.512 -20.5398
      vertex 2.92882 -17.9851 -20.8605
    endloop
  endfacet
  facet normal 0.33246 -0.802012 -0.496234
    outer loop
      vertex 4.07229 -15.8605 -22.0954
      vertex 4.21389 -16.412 -21.1092
      vertex 3.17506 -16.6442 -21.4299
    endloop
  endfacet
  facet normal 0.336598 -0.803003 -0.491822
    outer loop
      vertex 4.07229 -15.8605 -22.0954
      vertex 3.17506 -16.6442 -21.4299
      vertex 3.06836 -16.0849 -22.4161
    endloop
  endfacet
  facet normal -0.274508 0.00287829 0.96158
    outer loop
      vertex 5.14919 -18.0719 -24.7899
      vertex 5.15228 -17.7772 -24.7899
      vertex 4.02587 -18.0656 -25.1106
    endloop
  endfacet
  facet normal -0.243873 -0.11792 0.962611
    outer loop
      vertex 4.02587 -18.0656 -25.1106
      vertex 5.15228 -17.7772 -24.7899
      vertex 3.89759 -17.8003 -25.1106
    endloop
  endfacet
  facet normal -0.197329 -0.290313 0.936365
    outer loop
      vertex 3.89759 -17.8003 -25.1106
      vertex 5.00758 -17.5204 -24.7899
      vertex 3.65381 -17.6346 -25.1106
    endloop
  endfacet
  facet normal 0.302171 -0.178694 -0.936355
    outer loop
      vertex 4.20237 -17.512 -20.5398
      vertex 4.05234 -17.7657 -20.5398
      vertex 2.92882 -17.9851 -20.8605
    endloop
  endfacet
  facet normal 0.0373471 -0.869916 0.491784
    outer loop
      vertex 4.21389 -16.412 -24.2205
      vertex 4.07229 -15.8605 -23.2342
      vertex 3.06836 -16.0849 -23.5549
    endloop
  endfacet
  facet normal 0.328675 -0.376789 -0.866027
    outer loop
      vertex 4.20237 -17.512 -20.5398
      vertex 3.09449 -17.7413 -20.8605
      vertex 2.45007 -16.9947 -21.4299
    endloop
  endfacet
  facet normal 0.328059 -0.378211 -0.865641
    outer loop
      vertex 3.51234 -16.8073 -21.1092
      vertex 4.20237 -17.512 -20.5398
      vertex 2.45007 -16.9947 -21.4299
    endloop
  endfacet
  facet normal 0.138272 0.481085 -0.865701
    outer loop
      vertex 3.2793 -18.71 -20.8605
      vertex 4.18242 -19.4171 -21.1092
      vertex 2.95496 -19.6414 -21.4299
    endloop
  endfacet
  facet normal 0.188638 0.319049 -0.928775
    outer loop
      vertex 4.19394 -18.3172 -20.5398
      vertex 4.44764 -18.4672 -20.5398
      vertex 3.2793 -18.71 -20.8605
    endloop
  endfacet
  facet normal 0.278107 -0.0204204 -0.960333
    outer loop
      vertex 2.92882 -17.9851 -20.8605
      vertex 4.05234 -17.7657 -20.5398
      vertex 2.90724 -18.279 -20.8605
    endloop
  endfacet
  facet normal 0.239675 0.135041 -0.961415
    outer loop
      vertex 4.04925 -18.0604 -20.5398
      vertex 4.19394 -18.3172 -20.5398
      vertex 3.03552 -18.5444 -20.8605
    endloop
  endfacet
  facet normal 0.270865 -0.00284009 -0.962613
    outer loop
      vertex 4.05234 -17.7657 -20.5398
      vertex 4.04925 -18.0604 -20.5398
      vertex 2.90724 -18.279 -20.8605
    endloop
  endfacet
  facet normal 0.247164 0.119466 -0.961581
    outer loop
      vertex 4.04925 -18.0604 -20.5398
      vertex 3.03552 -18.5444 -20.8605
      vertex 2.90724 -18.279 -20.8605
    endloop
  endfacet
  facet normal -0.432411 0.665943 0.607899
    outer loop
      vertex 6.87288 -18.6355 -23.8104
      vertex 6.18034 -19.0211 -23.8806
      vertex 6.42164 -18.9285 -23.8104
    endloop
  endfacet
  facet normal -0.432599 0.666394 0.60727
    outer loop
      vertex 5.68918 -19.0302 -24.2205
      vertex 6.18034 -19.0211 -23.8806
      vertex 6.87288 -18.6355 -23.8104
    endloop
  endfacet
  facet normal -0.432705 0.66618 0.607429
    outer loop
      vertex 6.18034 -19.0211 -23.8806
      vertex 5.68918 -19.0302 -24.2205
      vertex 6.0351 -19.06 -23.9414
    endloop
  endfacet
  facet normal 0.0079908 0.794577 -0.607111
    outer loop
      vertex 4.68293 -19.4224 -21.1092
      vertex 5.39338 -19.1162 -20.6991
      vertex 5.15919 -19.2947 -20.9358
    endloop
  endfacet
  facet normal 0.00841016 0.79422 -0.607572
    outer loop
      vertex 5.39338 -19.1162 -20.6991
      vertex 4.68293 -19.4224 -21.1092
      vertex 4.18242 -19.4171 -21.1092
    endloop
  endfacet
  facet normal -0.00794854 -0.752969 0.658007
    outer loop
      vertex 5.0191 -16.4205 -24.2205
      vertex 6.04025 -16.0729 -23.8104
      vertex 4.21389 -16.412 -24.2205
    endloop
  endfacet
  facet normal 0.4223 -0.749467 -0.509865
    outer loop
      vertex 4.21389 -16.412 -21.1092
      vertex 5.06363 -16.1843 -20.7401
      vertex 3.51234 -16.8073 -21.1092
    endloop
  endfacet
  facet normal 0.422128 -0.750095 -0.509082
    outer loop
      vertex 5.06363 -16.1843 -20.7401
      vertex 4.21389 -16.412 -21.1092
      vertex 5.06344 -16.1652 -20.7684
    endloop
  endfacet
  facet normal 0.179957 0.46791 -0.86526
    outer loop
      vertex 5.56176 -18.1843 -20.1551
      vertex 4.44764 -18.4672 -20.5398
      vertex 5.56962 -18.1594 -20.14
    endloop
  endfacet
  facet normal 0.179777 0.468349 -0.86506
    outer loop
      vertex 4.44764 -18.4672 -20.5398
      vertex 5.56176 -18.1843 -20.1551
      vertex 4.18242 -19.4171 -21.1092
    endloop
  endfacet
  facet normal 0.298775 0.16834 -0.939359
    outer loop
      vertex 5.17528 -17.7705 -20.1297
      vertex 4.19394 -18.3172 -20.5398
      vertex 4.04925 -18.0604 -20.5398
    endloop
  endfacet
  facet normal -0.457124 0.232907 0.858366
    outer loop
      vertex 6.87288 -18.6355 -23.8104
      vertex 7.23845 -17.918 -23.8104
      vertex 6.13996 -17.9755 -24.3798
    endloop
  endfacet
  facet normal 0.410185 -0.631594 -0.657904
    outer loop
      vertex 5.06363 -16.1843 -20.7401
      vertex 4.56075 -16.5536 -20.6991
      vertex 3.51234 -16.8073 -21.1092
    endloop
  endfacet
  facet normal 0.050805 -0.871594 0.487588
    outer loop
      vertex 5.2361 -16.115 -23.8104
      vertex 5.06014 -15.5735 -22.8241
      vertex 4.07229 -15.8605 -23.2342
    endloop
  endfacet
  facet normal 0.348085 -0.00364975 -0.937456
    outer loop
      vertex 4.05234 -17.7657 -20.5398
      vertex 5.15985 -17.4762 -20.1297
      vertex 4.04925 -18.0604 -20.5398
    endloop
  endfacet
  facet normal 0.170424 0.476731 -0.86237
    outer loop
      vertex 5.5582 -18.1937 -20.161
      vertex 4.18242 -19.4171 -21.1092
      vertex 5.56176 -18.1843 -20.1551
    endloop
  endfacet
  facet normal 0.17543 0.472239 -0.863837
    outer loop
      vertex 5.47031 -18.5258 -20.3604
      vertex 4.18242 -19.4171 -21.1092
      vertex 5.5582 -18.1937 -20.161
    endloop
  endfacet
  facet normal 0.175043 0.472667 -0.863681
    outer loop
      vertex 4.18242 -19.4171 -21.1092
      vertex 5.47031 -18.5258 -20.3604
      vertex 5.39338 -19.1162 -20.6991
    endloop
  endfacet
  facet normal -0.391209 0.231364 0.890745
    outer loop
      vertex 6.13996 -17.9755 -24.3798
      vertex 5.14919 -18.0719 -24.7899
      vertex 4.99915 -18.3256 -24.7899
    endloop
  endfacet
  facet normal -0.402756 0.299065 0.865071
    outer loop
      vertex 6.87288 -18.6355 -23.8104
      vertex 6.13996 -17.9755 -24.3798
      vertex 4.99915 -18.3256 -24.7899
    endloop
  endfacet
  facet normal -0.401939 0.713167 0.574315
    outer loop
      vertex 6.0351 -19.06 -23.9414
      vertex 5.68918 -19.0302 -24.2205
      vertex 5.2747 -19.2638 -24.2205
    endloop
  endfacet
  facet normal 0.419318 -0.762036 -0.49343
    outer loop
      vertex 4.21389 -16.412 -21.1092
      vertex 5.03974 -16.1199 -20.8585
      vertex 5.06344 -16.1652 -20.7684
    endloop
  endfacet
  facet normal 0.419306 -0.762169 -0.493236
    outer loop
      vertex 4.21389 -16.412 -21.1092
      vertex 4.89063 -15.7952 -21.487
      vertex 5.03974 -16.1199 -20.8585
    endloop
  endfacet
  facet normal 0.418743 -0.762001 -0.493972
    outer loop
      vertex 4.89063 -15.7952 -21.487
      vertex 4.21389 -16.412 -21.1092
      vertex 5.06014 -15.5735 -21.6853
    endloop
  endfacet
  facet normal 0.278994 -0.960293 -5.9926e-18
    outer loop
      vertex 4.07229 -15.8605 -22.0954
      vertex 5.06014 -15.5735 -22.8241
      vertex 5.06014 -15.5735 -21.6853
    endloop
  endfacet
  facet normal 0.278994 -0.960293 -5.9926e-18
    outer loop
      vertex 5.06014 -15.5735 -22.8241
      vertex 4.07229 -15.8605 -22.0954
      vertex 4.07229 -15.8605 -23.2342
    endloop
  endfacet
  facet normal 0.424141 -0.763096 -0.487635
    outer loop
      vertex 5.06014 -15.5735 -21.6853
      vertex 4.21389 -16.412 -21.1092
      vertex 4.07229 -15.8605 -22.0954
    endloop
  endfacet
  facet normal 0.288191 0.187149 -0.939107
    outer loop
      vertex 5.17528 -17.7705 -20.1297
      vertex 5.33581 -18.0177 -20.1297
      vertex 4.19394 -18.3172 -20.5398
    endloop
  endfacet
  facet normal -0.401024 0.305252 0.863714
    outer loop
      vertex 5.68918 -19.0302 -24.2205
      vertex 6.87288 -18.6355 -23.8104
      vertex 4.99915 -18.3256 -24.7899
    endloop
  endfacet
  facet normal 0.0543581 -0.868183 0.493258
    outer loop
      vertex 4.21389 -16.412 -24.2205
      vertex 5.2361 -16.115 -23.8104
      vertex 4.07229 -15.8605 -23.2342
    endloop
  endfacet
  facet normal 0.338124 0.0177277 -0.940935
    outer loop
      vertex 5.15985 -17.4762 -20.1297
      vertex 5.17528 -17.7705 -20.1297
      vertex 4.04925 -18.0604 -20.5398
    endloop
  endfacet
  facet normal -0.0429133 0.817635 -0.574136
    outer loop
      vertex 5.39338 -19.1162 -20.6991
      vertex 5.93068 -19.088 -20.6991
      vertex 5.15919 -19.2947 -20.9358
    endloop
  endfacet
  facet normal -0.209697 -0.411589 0.886917
    outer loop
      vertex 6.09782 -17.1714 -24.3798
      vertex 5.8352 -17.0376 -24.3798
      vertex 4.75389 -17.3704 -24.7899
    endloop
  endfacet
  facet normal 0.0449714 -0.858997 0.510002
    outer loop
      vertex 6.04025 -16.0729 -23.8104
      vertex 5.2361 -16.115 -23.8104
      vertex 4.21389 -16.412 -24.2205
    endloop
  endfacet
  facet normal 0.385165 -0.196034 -0.901786
    outer loop
      vertex 5.20542 -17.2528 -20.1588
      vertex 5.15985 -17.4762 -20.1297
      vertex 4.05234 -17.7657 -20.5398
    endloop
  endfacet
  facet normal -0.220049 -0.372161 0.901707
    outer loop
      vertex 5.00758 -17.5204 -24.7899
      vertex 6.09782 -17.1714 -24.3798
      vertex 4.75389 -17.3704 -24.7899
    endloop
  endfacet
  facet normal -0.291942 -0.189585 0.937458
    outer loop
      vertex 6.25835 -17.4186 -24.3798
      vertex 6.09782 -17.1714 -24.3798
      vertex 5.00758 -17.5204 -24.7899
    endloop
  endfacet
  facet normal -0.391273 0.199376 0.898418
    outer loop
      vertex 6.13996 -17.9755 -24.3798
      vertex 6.27377 -17.7129 -24.3798
      vertex 5.14919 -18.0719 -24.7899
    endloop
  endfacet
  facet normal -0.343613 0.00360286 0.939104
    outer loop
      vertex 6.27377 -17.7129 -24.3798
      vertex 5.15228 -17.7772 -24.7899
      vertex 5.14919 -18.0719 -24.7899
    endloop
  endfacet
  facet normal 0.223509 0.378028 -0.898409
    outer loop
      vertex 5.33581 -18.0177 -20.1297
      vertex 4.44764 -18.4672 -20.5398
      vertex 4.19394 -18.3172 -20.5398
    endloop
  endfacet
  facet normal 0.206261 0.405083 -0.89071
    outer loop
      vertex 5.33581 -18.0177 -20.1297
      vertex 5.56962 -18.1594 -20.14
      vertex 4.44764 -18.4672 -20.5398
    endloop
  endfacet
  facet normal 0.397999 -0.237789 -0.886032
    outer loop
      vertex 5.20542 -17.2528 -20.1588
      vertex 4.20237 -17.512 -20.5398
      vertex 5.2016 -17.2387 -20.1643
    endloop
  endfacet
  facet normal 0.397646 -0.235155 -0.886893
    outer loop
      vertex 4.20237 -17.512 -20.5398
      vertex 5.20542 -17.2528 -20.1588
      vertex 4.05234 -17.7657 -20.5398
    endloop
  endfacet
  facet normal 0.405821 -0.295504 -0.864862
    outer loop
      vertex 4.71663 -16.8839 -20.5131
      vertex 4.20237 -17.512 -20.5398
      vertex 4.56075 -16.5536 -20.6991
    endloop
  endfacet
  facet normal 0.405812 -0.295495 -0.86487
    outer loop
      vertex 5.01616 -17.1106 -20.2951
      vertex 4.20237 -17.512 -20.5398
      vertex 4.71663 -16.8839 -20.5131
    endloop
  endfacet
  facet normal 0.405836 -0.295566 -0.864834
    outer loop
      vertex 4.20237 -17.512 -20.5398
      vertex 5.01616 -17.1106 -20.2951
      vertex 5.2016 -17.2387 -20.1643
    endloop
  endfacet
  facet normal 0.409277 -0.29647 -0.862901
    outer loop
      vertex 4.56075 -16.5536 -20.6991
      vertex 4.20237 -17.512 -20.5398
      vertex 3.51234 -16.8073 -21.1092
    endloop
  endfacet
  facet normal -0.184286 -0.46697 0.864857
    outer loop
      vertex 5.8352 -17.0376 -24.3798
      vertex 5.0191 -16.4205 -24.2205
      vertex 4.75389 -17.3704 -24.7899
    endloop
  endfacet
  facet normal -0.186682 -0.469633 0.862899
    outer loop
      vertex 5.8352 -17.0376 -24.3798
      vertex 6.04025 -16.0729 -23.8104
      vertex 5.0191 -16.4205 -24.2205
    endloop
  endfacet
  facet normal -0.457122 0.23293 0.858361
    outer loop
      vertex 7.23845 -17.918 -23.8104
      vertex 6.27377 -17.7129 -24.3798
      vertex 6.13996 -17.9755 -24.3798
    endloop
  endfacet
  facet normal -0.294983 -0.166215 0.940934
    outer loop
      vertex 5.15228 -17.7772 -24.7899
      vertex 6.25835 -17.4186 -24.3798
      vertex 5.00758 -17.5204 -24.7899
    endloop
  endfacet
  facet normal -0.34247 -0.0179439 0.939357
    outer loop
      vertex 6.27377 -17.7129 -24.3798
      vertex 6.25835 -17.4186 -24.3798
      vertex 5.15228 -17.7772 -24.7899
    endloop
  endfacet
  facet normal -0.47159 0.726281 0.500119
    outer loop
      vertex 7.1673 -18.6423 -23.5229
      vertex 6.87288 -18.6355 -23.8104
      vertex 6.42164 -18.9285 -23.8104
    endloop
  endfacet
  facet normal -0.504512 0.679172 0.533097
    outer loop
      vertex 8.02944 -18.1671 -23.3124
      vertex 7.1673 -18.6423 -23.5229
      vertex 7.6276 -18.4656 -23.3124
    endloop
  endfacet
  facet normal -0.504556 0.679397 0.532769
    outer loop
      vertex 7.1673 -18.6423 -23.5229
      vertex 8.02944 -18.1671 -23.3124
      vertex 6.87288 -18.6355 -23.8104
    endloop
  endfacet
  facet normal 0.0824446 -0.867316 0.490883
    outer loop
      vertex 5.2361 -16.115 -23.8104
      vertex 7.03756 -15.6619 -23.3124
      vertex 5.06014 -15.5735 -22.8241
    endloop
  endfacet
  facet normal 0.338685 -0.9409 1.73764e-17
    outer loop
      vertex 5.06014 -15.5735 -21.6853
      vertex 6.02803 -15.2251 -22.3262
      vertex 6.02803 -15.2251 -21.1874
    endloop
  endfacet
  facet normal 0.338685 -0.9409 1.73764e-17
    outer loop
      vertex 6.02803 -15.2251 -22.3262
      vertex 5.06014 -15.5735 -21.6853
      vertex 5.06014 -15.5735 -22.8241
    endloop
  endfacet
  facet normal 0.464947 -0.213655 -0.859172
    outer loop
      vertex 5.37409 -16.9381 -20.1443
      vertex 5.01616 -17.1106 -20.2951
      vertex 5.36456 -16.8949 -20.1602
    endloop
  endfacet
  facet normal 0.46469 -0.212819 -0.859518
    outer loop
      vertex 5.01616 -17.1106 -20.2951
      vertex 5.37409 -16.9381 -20.1443
      vertex 5.6451 -16.9877 -19.9855
    endloop
  endfacet
  facet normal 0.46457 -0.212784 -0.859591
    outer loop
      vertex 4.71663 -16.8839 -20.5131
      vertex 5.36456 -16.8949 -20.1602
      vertex 5.01616 -17.1106 -20.2951
    endloop
  endfacet
  facet normal 0.464583 -0.21268 -0.85961
    outer loop
      vertex 5.36456 -16.8949 -20.1602
      vertex 4.71663 -16.8839 -20.5131
      vertex 5.59116 -16.2346 -20.2011
    endloop
  endfacet
  facet normal -0.405502 -0.0212465 0.913847
    outer loop
      vertex 6.27377 -17.7129 -24.3798
      vertex 7.3736 -17.284 -23.8818
      vertex 6.25835 -17.4186 -24.3798
    endloop
  endfacet
  facet normal 0.0424391 -0.810628 0.584022
    outer loop
      vertex 6.04025 -16.0729 -23.8104
      vertex 7.03756 -15.6619 -23.3124
      vertex 5.2361 -16.115 -23.8104
    endloop
  endfacet
  facet normal -0.402596 -0.0466004 0.914191
    outer loop
      vertex 7.3736 -17.284 -23.8818
      vertex 7.33972 -16.9913 -23.8818
      vertex 6.25835 -17.4186 -24.3798
    endloop
  endfacet
  facet normal 0.081925 -0.868386 0.489074
    outer loop
      vertex 5.06014 -15.5735 -22.8241
      vertex 6.64028 -15.5035 -22.9645
      vertex 6.61149 -15.216 -22.4492
    endloop
  endfacet
  facet normal 0.0819221 -0.868412 0.489028
    outer loop
      vertex 5.06014 -15.5735 -22.8241
      vertex 6.67179 -15.6158 -23.1692
      vertex 6.64028 -15.5035 -22.9645
    endloop
  endfacet
  facet normal 0.0818413 -0.868618 0.488676
    outer loop
      vertex 6.67179 -15.6158 -23.1692
      vertex 5.06014 -15.5735 -22.8241
      vertex 7.03756 -15.6619 -23.3124
    endloop
  endfacet
  facet normal -0.520595 0.701163 0.487187
    outer loop
      vertex 8.02944 -18.1671 -23.3124
      vertex 8.13473 -18.2709 -23.0505
      vertex 8.15033 -18.263 -23.0452
    endloop
  endfacet
  facet normal -0.52057 0.701183 0.487185
    outer loop
      vertex 8.13473 -18.2709 -23.0505
      vertex 8.02944 -18.1671 -23.3124
      vertex 7.95462 -18.34 -23.1435
    endloop
  endfacet
  facet normal -0.472218 0.197412 0.859092
    outer loop
      vertex 8.34925 -17.4281 -23.3124
      vertex 7.3736 -17.284 -23.8818
      vertex 7.23845 -17.918 -23.8104
    endloop
  endfacet
  facet normal -0.474334 0.205273 0.856078
    outer loop
      vertex 8.02944 -18.1671 -23.3124
      vertex 8.34925 -17.4281 -23.3124
      vertex 7.23845 -17.918 -23.8104
    endloop
  endfacet
  facet normal -0.335822 -0.21808 0.916332
    outer loop
      vertex 6.25835 -17.4186 -24.3798
      vertex 7.33972 -16.9913 -23.8818
      vertex 6.09782 -17.1714 -24.3798
    endloop
  endfacet
  facet normal 0.484 -0.651682 -0.583999
    outer loop
      vertex 5.84744 -15.9404 -20.317
      vertex 5.59116 -16.2346 -20.2011
      vertex 4.56075 -16.5536 -20.6991
    endloop
  endfacet
  facet normal 0.49257 -0.758406 -0.426843
    outer loop
      vertex 5.06014 -15.5735 -21.6853
      vertex 6.02803 -15.2251 -21.1874
      vertex 4.89063 -15.7952 -21.487
    endloop
  endfacet
  facet normal 0.103947 -0.898443 0.426609
    outer loop
      vertex 6.61149 -15.216 -22.4492
      vertex 6.02803 -15.2251 -22.3262
      vertex 5.06014 -15.5735 -22.8241
    endloop
  endfacet
  facet normal -0.520816 0.701121 0.487012
    outer loop
      vertex 7.95462 -18.34 -23.1435
      vertex 8.02944 -18.1671 -23.3124
      vertex 7.6276 -18.4656 -23.3124
    endloop
  endfacet
  facet normal -0.463393 0.236101 0.854121
    outer loop
      vertex 8.02944 -18.1671 -23.3124
      vertex 7.23845 -17.918 -23.8104
      vertex 6.87288 -18.6355 -23.8104
    endloop
  endfacet
  facet normal -0.222371 -0.460087 0.859576
    outer loop
      vertex 7.77658 -15.9817 -23.3124
      vertex 6.04025 -16.0729 -23.8104
      vertex 5.8352 -17.0376 -24.3798
    endloop
  endfacet
  facet normal -0.215033 -0.496915 0.840736
    outer loop
      vertex 7.77658 -15.9817 -23.3124
      vertex 7.03756 -15.6619 -23.3124
      vertex 6.04025 -16.0729 -23.8104
    endloop
  endfacet
  facet normal 0.490386 -0.721372 -0.489023
    outer loop
      vertex 6.02803 -15.2251 -21.1874
      vertex 5.03974 -16.1199 -20.8585
      vertex 4.89063 -15.7952 -21.487
    endloop
  endfacet
  facet normal 0.206535 0.477284 -0.854133
    outer loop
      vertex 5.84402 -18.42 -20.2011
      vertex 6.58305 -18.7398 -20.2011
      vertex 5.39338 -19.1162 -20.6991
    endloop
  endfacet
  facet normal 0.489306 -0.720798 -0.490948
    outer loop
      vertex 5.06363 -16.1843 -20.7401
      vertex 5.84744 -15.9404 -20.317
      vertex 4.56075 -16.5536 -20.6991
    endloop
  endfacet
  facet normal 0.489662 -0.721185 -0.490024
    outer loop
      vertex 5.69122 -15.7359 -20.7729
      vertex 5.06363 -16.1843 -20.7401
      vertex 5.06344 -16.1652 -20.7684
    endloop
  endfacet
  facet normal 0.489315 -0.72077 -0.490981
    outer loop
      vertex 5.06363 -16.1843 -20.7401
      vertex 5.69122 -15.7359 -20.7729
      vertex 5.84744 -15.9404 -20.317
    endloop
  endfacet
  facet normal 0.489194 -0.720789 -0.491073
    outer loop
      vertex 5.60965 -15.6102 -21.0389
      vertex 5.06344 -16.1652 -20.7684
      vertex 5.03974 -16.1199 -20.8585
    endloop
  endfacet
  facet normal 0.489433 -0.720858 -0.490733
    outer loop
      vertex 5.06344 -16.1652 -20.7684
      vertex 5.60965 -15.6102 -21.0389
      vertex 5.69122 -15.7359 -20.7729
    endloop
  endfacet
  facet normal 0.489718 -0.721053 -0.490163
    outer loop
      vertex 5.60965 -15.6102 -21.0389
      vertex 5.03974 -16.1199 -20.8585
      vertex 6.02803 -15.2251 -21.1874
    endloop
  endfacet
  facet normal 0.482425 -0.245774 -0.84075
    outer loop
      vertex 5.59116 -16.2346 -20.2011
      vertex 4.71663 -16.8839 -20.5131
      vertex 4.56075 -16.5536 -20.6991
    endloop
  endfacet
  facet normal -0.0444697 0.845153 -0.532671
    outer loop
      vertex 6.18034 -19.0211 -20.6138
      vertex 6.58305 -18.7398 -20.2011
      vertex 6.32072 -18.9672 -20.54
    endloop
  endfacet
  facet normal -0.0444797 0.845157 -0.532664
    outer loop
      vertex 5.93068 -19.088 -20.6991
      vertex 6.58305 -18.7398 -20.2011
      vertex 6.18034 -19.0211 -20.6138
    endloop
  endfacet
  facet normal -0.0443542 0.84509 -0.532781
    outer loop
      vertex 6.58305 -18.7398 -20.2011
      vertex 5.93068 -19.088 -20.6991
      vertex 5.39338 -19.1162 -20.6991
    endloop
  endfacet
  facet normal -0.330026 -0.245017 0.911619
    outer loop
      vertex 7.33972 -16.9913 -23.8818
      vertex 7.16399 -16.7546 -23.8818
      vertex 6.09782 -17.1714 -24.3798
    endloop
  endfacet
  facet normal 0.238034 0.452889 -0.859204
    outer loop
      vertex 5.5582 -18.1937 -20.161
      vertex 5.84402 -18.42 -20.2011
      vertex 5.47031 -18.5258 -20.3604
    endloop
  endfacet
  facet normal 0.397759 0.0460248 -0.916335
    outer loop
      vertex 6.24701 -17.1177 -19.6317
      vertex 6.28089 -17.4105 -19.6317
      vertex 5.17528 -17.7705 -20.1297
    endloop
  endfacet
  facet normal -0.467039 0.196646 0.862093
    outer loop
      vertex 7.23845 -17.918 -23.8104
      vertex 7.3736 -17.284 -23.8818
      vertex 6.27377 -17.7129 -24.3798
    endloop
  endfacet
  facet normal -0.228405 -0.448309 0.864205
    outer loop
      vertex 6.09782 -17.1714 -24.3798
      vertex 7.16399 -16.7546 -23.8818
      vertex 5.8352 -17.0376 -24.3798
    endloop
  endfacet
  facet normal -0.225726 -0.455502 0.861142
    outer loop
      vertex 7.16399 -16.7546 -23.8818
      vertex 7.77658 -15.9817 -23.3124
      vertex 5.8352 -17.0376 -24.3798
    endloop
  endfacet
  facet normal 0.339905 0.220732 -0.914189
    outer loop
      vertex 6.28089 -17.4105 -19.6317
      vertex 5.33581 -18.0177 -20.1297
      vertex 5.17528 -17.7705 -20.1297
    endloop
  endfacet
  facet normal 0.234533 0.460558 -0.856085
    outer loop
      vertex 5.47031 -18.5258 -20.3604
      vertex 5.84402 -18.42 -20.2011
      vertex 5.39338 -19.1162 -20.6991
    endloop
  endfacet
  facet normal 0.234354 0.448935 -0.862285
    outer loop
      vertex 5.84402 -18.42 -20.2011
      vertex 5.56176 -18.1843 -20.1551
      vertex 5.56962 -18.1594 -20.14
    endloop
  endfacet
  facet normal 0.236185 0.450836 -0.860792
    outer loop
      vertex 5.56176 -18.1843 -20.1551
      vertex 5.84402 -18.42 -20.2011
      vertex 5.5582 -18.1937 -20.161
    endloop
  endfacet
  facet normal 0.23461 0.449161 -0.862098
    outer loop
      vertex 5.56962 -18.1594 -20.14
      vertex 6.45662 -17.6471 -19.6317
      vertex 5.84402 -18.42 -20.2011
    endloop
  endfacet
  facet normal 0.234404 0.449433 -0.862012
    outer loop
      vertex 6.45662 -17.6471 -19.6317
      vertex 5.56962 -18.1594 -20.14
      vertex 5.33581 -18.0177 -20.1297
    endloop
  endfacet
  facet normal 0.325984 0.242118 -0.913845
    outer loop
      vertex 6.28089 -17.4105 -19.6317
      vertex 6.45662 -17.6471 -19.6317
      vertex 5.33581 -18.0177 -20.1297
    endloop
  endfacet
  facet normal 0.410489 0.0215217 -0.911612
    outer loop
      vertex 6.24701 -17.1177 -19.6317
      vertex 5.17528 -17.7705 -20.1297
      vertex 5.15985 -17.4762 -20.1297
    endloop
  endfacet
  facet normal -0.0994807 0.860189 -0.500178
    outer loop
      vertex 6.58305 -18.7398 -20.2011
      vertex 6.73843 -18.8069 -20.3474
      vertex 6.32072 -18.9672 -20.54
    endloop
  endfacet
  facet normal 0.464194 -0.206879 -0.861234
    outer loop
      vertex 5.15985 -17.4762 -20.1297
      vertex 5.6451 -16.9877 -19.9855
      vertex 5.97142 -17.0523 -19.7941
    endloop
  endfacet
  facet normal 0.464189 -0.206872 -0.861239
    outer loop
      vertex 5.6451 -16.9877 -19.9855
      vertex 5.15985 -17.4762 -20.1297
      vertex 5.20542 -17.2528 -20.1588
    endloop
  endfacet
  facet normal 0.465259 -0.209429 -0.860043
    outer loop
      vertex 5.2016 -17.2387 -20.1643
      vertex 5.6451 -16.9877 -19.9855
      vertex 5.20542 -17.2528 -20.1588
    endloop
  endfacet
  facet normal 0.464348 -0.20706 -0.861108
    outer loop
      vertex 5.6451 -16.9877 -19.9855
      vertex 5.2016 -17.2387 -20.1643
      vertex 5.01616 -17.1106 -20.2951
    endloop
  endfacet
  facet normal 0.461785 -0.199948 -0.864162
    outer loop
      vertex 5.97142 -17.0523 -19.7941
      vertex 6.24701 -17.1177 -19.6317
      vertex 5.15985 -17.4762 -20.1297
    endloop
  endfacet
  facet normal 0.113833 -0.863512 0.491313
    outer loop
      vertex 6.64028 -15.5035 -22.9645
      vertex 8.00709 -15.1891 -22.7286
      vertex 8.05474 -14.6217 -21.7424
    endloop
  endfacet
  facet normal 0.113846 -0.863537 0.491267
    outer loop
      vertex 8.00709 -15.1891 -22.7286
      vertex 6.64028 -15.5035 -22.9645
      vertex 6.67179 -15.6158 -23.1692
    endloop
  endfacet
  facet normal 0.550139 -0.651007 -0.523008
    outer loop
      vertex 6.5995 -15.6738 -19.8385
      vertex 6.59951 -15.8515 -19.6173
      vertex 5.59116 -16.2346 -20.2011
    endloop
  endfacet
  facet normal -0.204118 -0.5669 0.798098
    outer loop
      vertex 8.76474 -15.4619 -22.7286
      vertex 8.00709 -15.1891 -22.7286
      vertex 7.03756 -15.6619 -23.3124
    endloop
  endfacet
  facet normal 0.229425 0.530181 -0.816255
    outer loop
      vertex 6.98909 -18.0167 -19.6173
      vertex 6.58305 -18.7398 -20.2011
      vertex 5.84402 -18.42 -20.2011
    endloop
  endfacet
  facet normal 0.352886 0.298139 -0.886896
    outer loop
      vertex 7.44653 -17.1547 -19.0723
      vertex 6.45662 -17.6471 -19.6317
      vertex 7.35123 -17.0419 -19.0723
    endloop
  endfacet
  facet normal 0.352503 0.298822 -0.886819
    outer loop
      vertex 6.45662 -17.6471 -19.6317
      vertex 7.44653 -17.1547 -19.0723
      vertex 7.53537 -17.2135 -19.0568
    endloop
  endfacet
  facet normal 0.352965 0.298029 -0.886902
    outer loop
      vertex 7.36171 -16.9817 -19.0479
      vertex 7.35123 -17.0419 -19.0723
      vertex 6.45662 -17.6471 -19.6317
    endloop
  endfacet
  facet normal 0.397194 -0.917735 1.99423e-17
    outer loop
      vertex 6.02803 -15.2251 -21.1874
      vertex 6.97212 -14.8165 -21.7424
      vertex 6.97212 -14.8165 -20.6035
    endloop
  endfacet
  facet normal 0.397194 -0.917735 1.99441e-17
    outer loop
      vertex 6.97212 -14.8165 -21.7424
      vertex 6.02803 -15.2251 -21.1874
      vertex 6.02803 -15.2251 -22.3262
    endloop
  endfacet
  facet normal -0.533185 0.230741 0.813924
    outer loop
      vertex 9.15432 -17.6271 -22.7286
      vertex 8.34925 -17.4281 -23.3124
      vertex 8.02944 -18.1671 -23.3124
    endloop
  endfacet
  facet normal -0.221382 -0.511587 0.830222
    outer loop
      vertex 7.77658 -15.9817 -23.3124
      vertex 8.76474 -15.4619 -22.7286
      vertex 7.03756 -15.6619 -23.3124
    endloop
  endfacet
  facet normal 0.448722 0.0807411 -0.890017
    outer loop
      vertex 7.30277 -16.8671 -19.0672
      vertex 6.28089 -17.4105 -19.6317
      vertex 7.24465 -16.737 -19.0847
    endloop
  endfacet
  facet normal 0.448667 0.0808619 -0.890033
    outer loop
      vertex 6.28089 -17.4105 -19.6317
      vertex 7.30277 -16.8671 -19.0672
      vertex 7.36171 -16.9817 -19.0479
    endloop
  endfacet
  facet normal 0.3702 0.274959 -0.887327
    outer loop
      vertex 7.36171 -16.9817 -19.0479
      vertex 6.45662 -17.6471 -19.6317
      vertex 6.28089 -17.4105 -19.6317
    endloop
  endfacet
  facet normal 0.524629 -0.189723 -0.829922
    outer loop
      vertex 5.36456 -16.8949 -20.1602
      vertex 6.32674 -16.6091 -19.6173
      vertex 5.37409 -16.9381 -20.1443
    endloop
  endfacet
  facet normal 0.524521 -0.188851 -0.830189
    outer loop
      vertex 6.32674 -16.6091 -19.6173
      vertex 5.36456 -16.8949 -20.1602
      vertex 6.59951 -15.8515 -19.6173
    endloop
  endfacet
  facet normal 0.116552 -0.86451 0.488914
    outer loop
      vertex 6.61149 -15.216 -22.4492
      vertex 8.05474 -14.6217 -21.7424
      vertex 6.02803 -15.2251 -22.3262
    endloop
  endfacet
  facet normal 0.116588 -0.864535 0.488862
    outer loop
      vertex 8.05474 -14.6217 -21.7424
      vertex 6.61149 -15.216 -22.4492
      vertex 6.64028 -15.5035 -22.9645
    endloop
  endfacet
  facet normal 0.551571 -0.674047 -0.491355
    outer loop
      vertex 5.84744 -15.9404 -20.317
      vertex 6.5995 -15.6738 -19.8385
      vertex 5.59116 -16.2346 -20.2011
    endloop
  endfacet
  facet normal 0.551566 -0.674062 -0.49134
    outer loop
      vertex 6.5995 -15.6738 -19.8385
      vertex 5.84744 -15.9404 -20.317
      vertex 6.45293 -15.5338 -20.1951
    endloop
  endfacet
  facet normal 0.551563 -0.674053 -0.491356
    outer loop
      vertex 6.45293 -15.5338 -20.1951
      vertex 5.84744 -15.9404 -20.317
      vertex 5.69122 -15.7359 -20.7729
    endloop
  endfacet
  facet normal 0.550461 -0.676672 -0.488986
    outer loop
      vertex 5.69122 -15.7359 -20.7729
      vertex 6.41633 -15.5028 -20.2792
      vertex 6.45293 -15.5338 -20.1951
    endloop
  endfacet
  facet normal 0.550437 -0.676741 -0.488918
    outer loop
      vertex 5.69122 -15.7359 -20.7729
      vertex 6.35588 -15.4298 -20.4483
      vertex 6.41633 -15.5028 -20.2792
    endloop
  endfacet
  facet normal 0.550381 -0.677139 -0.48843
    outer loop
      vertex 5.69122 -15.7359 -20.7729
      vertex 6.33538 -15.3902 -20.5263
      vertex 6.35588 -15.4298 -20.4483
    endloop
  endfacet
  facet normal 0.550381 -0.67696 -0.488678
    outer loop
      vertex 5.60965 -15.6102 -21.0389
      vertex 6.33538 -15.3902 -20.5263
      vertex 5.69122 -15.7359 -20.7729
    endloop
  endfacet
  facet normal 0.550464 -0.676738 -0.488891
    outer loop
      vertex 6.33538 -15.3902 -20.5263
      vertex 5.60965 -15.6102 -21.0389
      vertex 6.97212 -14.8165 -20.6035
    endloop
  endfacet
  facet normal 0.098018 -0.846713 0.522943
    outer loop
      vertex 7.03756 -15.6619 -23.3124
      vertex 8.00709 -15.1891 -22.7286
      vertex 6.67179 -15.6158 -23.1692
    endloop
  endfacet
  facet normal 0.552968 -0.239203 -0.798128
    outer loop
      vertex 5.59116 -16.2346 -20.2011
      vertex 6.59951 -15.8515 -19.6173
      vertex 5.36456 -16.8949 -20.1602
    endloop
  endfacet
  facet normal 0.164284 -0.913027 0.373353
    outer loop
      vertex 8.05474 -14.6217 -21.7424
      vertex 6.97212 -14.8165 -21.7424
      vertex 6.02803 -15.2251 -22.3262
    endloop
  endfacet
  facet normal 0.196814 0.546614 -0.813927
    outer loop
      vertex 6.98909 -18.0167 -19.6173
      vertex 7.74674 -18.2895 -19.6173
      vertex 6.58305 -18.7398 -20.2011
    endloop
  endfacet
  facet normal -0.497189 0.0539122 0.865966
    outer loop
      vertex 9.4271 -16.8695 -22.7286
      vertex 8.44432 -16.7869 -23.298
      vertex 7.3736 -17.284 -23.8818
    endloop
  endfacet
  facet normal -0.458909 -0.0531187 0.886894
    outer loop
      vertex 7.3736 -17.284 -23.8818
      vertex 8.44432 -16.7869 -23.298
      vertex 7.33972 -16.9913 -23.8818
    endloop
  endfacet
  facet normal -0.356977 -0.301576 0.884093
    outer loop
      vertex 8.39213 -16.4969 -23.298
      vertex 8.20188 -16.2717 -23.298
      vertex 7.16399 -16.7546 -23.8818
    endloop
  endfacet
  facet normal 0.497513 -0.0534783 -0.865807
    outer loop
      vertex 5.97142 -17.0523 -19.7941
      vertex 6.32674 -16.6091 -19.6173
      vertex 6.24701 -17.1177 -19.6317
    endloop
  endfacet
  facet normal 0.497343 -0.0532992 -0.865915
    outer loop
      vertex 5.6451 -16.9877 -19.9855
      vertex 6.32674 -16.6091 -19.6173
      vertex 5.97142 -17.0523 -19.7941
    endloop
  endfacet
  facet normal 0.497497 -0.0536855 -0.865803
    outer loop
      vertex 6.32674 -16.6091 -19.6173
      vertex 5.6451 -16.9877 -19.9855
      vertex 5.37409 -16.9381 -20.1443
    endloop
  endfacet
  facet normal 0.497198 -0.0534238 -0.865991
    outer loop
      vertex 6.96759 -16.7155 -19.2428
      vertex 6.24701 -17.1177 -19.6317
      vertex 6.32674 -16.6091 -19.6173
    endloop
  endfacet
  facet normal 0.497214 -0.0534648 -0.865979
    outer loop
      vertex 6.24701 -17.1177 -19.6317
      vertex 6.96759 -16.7155 -19.2428
      vertex 7.22934 -16.7238 -19.092
    endloop
  endfacet
  facet normal 0.464237 0.0537171 -0.88408
    outer loop
      vertex 6.24701 -17.1177 -19.6317
      vertex 7.24465 -16.737 -19.0847
      vertex 6.28089 -17.4105 -19.6317
    endloop
  endfacet
  facet normal 0.465178 0.0507905 -0.883759
    outer loop
      vertex 7.24465 -16.737 -19.0847
      vertex 6.24701 -17.1177 -19.6317
      vertex 7.22934 -16.7238 -19.092
    endloop
  endfacet
  facet normal -0.497273 0.0545791 0.865876
    outer loop
      vertex 8.34925 -17.4281 -23.3124
      vertex 9.4271 -16.8695 -22.7286
      vertex 7.3736 -17.284 -23.8818
    endloop
  endfacet
  facet normal -0.543535 0.195704 0.816253
    outer loop
      vertex 9.15432 -17.6271 -22.7286
      vertex 9.4271 -16.8695 -22.7286
      vertex 8.34925 -17.4281 -23.3124
    endloop
  endfacet
  facet normal -0.574579 0.656483 0.488763
    outer loop
      vertex 9.2575 -17.6988 -22.511
      vertex 9.15432 -17.6271 -22.7286
      vertex 9.00039 -17.8298 -22.6373
    endloop
  endfacet
  facet normal -0.571098 0.655974 0.493503
    outer loop
      vertex 9.15432 -17.6271 -22.7286
      vertex 8.15033 -18.263 -23.0452
      vertex 9.00039 -17.8298 -22.6373
    endloop
  endfacet
  facet normal -0.571073 0.655812 0.493748
    outer loop
      vertex 8.15033 -18.263 -23.0452
      vertex 9.15432 -17.6271 -22.7286
      vertex 8.02944 -18.1671 -23.3124
    endloop
  endfacet
  facet normal -0.366053 -0.271764 0.890028
    outer loop
      vertex 7.33972 -16.9913 -23.8818
      vertex 8.39213 -16.4969 -23.298
      vertex 7.16399 -16.7546 -23.8818
    endloop
  endfacet
  facet normal -0.453853 -0.0816778 0.887325
    outer loop
      vertex 8.44432 -16.7869 -23.298
      vertex 8.39213 -16.4969 -23.298
      vertex 7.33972 -16.9913 -23.8818
    endloop
  endfacet
  facet normal 0.553149 -0.744841 -0.373146
    outer loop
      vertex 6.02803 -15.2251 -21.1874
      vertex 6.97212 -14.8165 -20.6035
      vertex 5.60965 -15.6102 -21.0389
    endloop
  endfacet
  facet normal 0.305662 0.390756 -0.868263
    outer loop
      vertex 7.52871 -17.2234 -19.0636
      vertex 6.45662 -17.6471 -19.6317
      vertex 7.53537 -17.2135 -19.0568
    endloop
  endfacet
  facet normal 0.301046 0.399351 -0.865962
    outer loop
      vertex 6.45662 -17.6471 -19.6317
      vertex 7.52871 -17.2234 -19.0636
      vertex 5.84402 -18.42 -20.2011
    endloop
  endfacet
  facet normal 0.30062 0.399865 -0.865873
    outer loop
      vertex 7.52871 -17.2234 -19.0636
      vertex 6.98909 -18.0167 -19.6173
      vertex 5.84402 -18.42 -20.2011
    endloop
  endfacet
  facet normal -0.087312 0.865356 -0.493493
    outer loop
      vertex 6.84234 -18.767 -20.2946
      vertex 7.74674 -18.2895 -19.6173
      vertex 7.73543 -18.4242 -19.8515
    endloop
  endfacet
  facet normal -0.0872157 0.865311 -0.493589
    outer loop
      vertex 7.74674 -18.2895 -19.6173
      vertex 6.84234 -18.767 -20.2946
      vertex 6.58305 -18.7398 -20.2011
    endloop
  endfacet
  facet normal -0.0851206 0.868316 -0.488654
    outer loop
      vertex 6.84234 -18.767 -20.2946
      vertex 6.73843 -18.8069 -20.3474
      vertex 6.58305 -18.7398 -20.2011
    endloop
  endfacet
  facet normal -0.301425 -0.399056 0.865966
    outer loop
      vertex 8.20188 -16.2717 -23.298
      vertex 7.77658 -15.9817 -23.3124
      vertex 7.16399 -16.7546 -23.8818
    endloop
  endfacet
  facet normal -0.301536 -0.399225 0.86585
    outer loop
      vertex 8.20188 -16.2717 -23.298
      vertex 8.76474 -15.4619 -22.7286
      vertex 7.77658 -15.9817 -23.3124
    endloop
  endfacet
  facet normal -0.376801 -0.361371 0.852896
    outer loop
      vertex 10.2757 -15.4622 -22.0612
      vertex 9.7183 -14.881 -22.0612
      vertex 8.76474 -15.4619 -22.7286
    endloop
  endfacet
  facet normal -0.386017 -0.326109 0.862927
    outer loop
      vertex 8.39213 -16.4969 -23.298
      vertex 9.41141 -15.9374 -22.6306
      vertex 8.20188 -16.2717 -23.298
    endloop
  endfacet
  facet normal 0.225017 -0.91606 0.331966
    outer loop
      vertex 8.95695 -14.0871 -21.075
      vertex 7.8887 -14.3495 -21.075
      vertex 6.97212 -14.8165 -21.7424
    endloop
  endfacet
  facet normal -0.501672 -0.0902836 0.860334
    outer loop
      vertex 8.44432 -16.7869 -23.298
      vertex 10.4677 -16.2443 -22.0612
      vertex 8.39213 -16.4969 -23.298
    endloop
  endfacet
  facet normal 0.213078 0.591783 -0.777426
    outer loop
      vertex 8.10658 -17.5423 -18.9499
      vertex 7.74674 -18.2895 -19.6173
      vertex 6.98909 -18.0167 -19.6173
    endloop
  endfacet
  facet normal -0.37994 -0.340625 0.860012
    outer loop
      vertex 10.2757 -15.4622 -22.0612
      vertex 8.76474 -15.4619 -22.7286
      vertex 8.20188 -16.2717 -23.298
    endloop
  endfacet
  facet normal 0.608841 -0.720432 -0.3321
    outer loop
      vertex 6.97212 -14.8165 -20.6035
      vertex 7.8887 -14.3495 -19.9362
      vertex 6.33538 -15.3902 -20.5263
    endloop
  endfacet
  facet normal 0.614662 -0.614923 -0.494024
    outer loop
      vertex 6.5995 -15.6738 -19.8385
      vertex 7.58181 -15.4058 -18.9499
      vertex 6.59951 -15.8515 -19.6173
    endloop
  endfacet
  facet normal 0.614676 -0.61489 -0.494048
    outer loop
      vertex 6.45293 -15.5338 -20.1951
      vertex 7.58181 -15.4058 -18.9499
      vertex 6.5995 -15.6738 -19.8385
    endloop
  endfacet
  facet normal 0.614757 -0.614738 -0.494137
    outer loop
      vertex 7.58181 -15.4058 -18.9499
      vertex 6.45293 -15.5338 -20.1951
      vertex 6.41633 -15.5028 -20.2792
    endloop
  endfacet
  facet normal 0.614765 -0.221343 -0.757014
    outer loop
      vertex 6.59951 -15.8515 -19.6173
      vertex 7.58181 -15.4058 -18.9499
      vertex 6.32674 -16.6091 -19.6173
    endloop
  endfacet
  facet normal -0.381795 -0.336874 0.860668
    outer loop
      vertex 9.41141 -15.9374 -22.6306
      vertex 10.2757 -15.4622 -22.0612
      vertex 8.20188 -16.2717 -23.298
    endloop
  endfacet
  facet normal -0.103806 0.864326 -0.492103
    outer loop
      vertex 7.74674 -18.2895 -19.6173
      vertex 8.05307 -18.3023 -19.7044
      vertex 7.73543 -18.4242 -19.8515
    endloop
  endfacet
  facet normal 0.359582 0.362561 -0.859797
    outer loop
      vertex 7.92193 -17.2617 -18.9088
      vertex 8.10658 -17.5423 -18.9499
      vertex 6.98909 -18.0167 -19.6173
    endloop
  endfacet
  facet normal 0.148929 -0.860206 0.487715
    outer loop
      vertex 8.95695 -14.0871 -21.075
      vertex 8.05474 -14.6217 -21.7424
      vertex 8.00709 -15.1891 -22.7286
    endloop
  endfacet
  facet normal 0.136151 -0.858704 0.494054
    outer loop
      vertex 8.94502 -14.6564 -22.0612
      vertex 8.95695 -14.0871 -21.075
      vertex 8.00709 -15.1891 -22.7286
    endloop
  endfacet
  facet normal -0.182257 -0.627498 0.756987
    outer loop
      vertex 9.7183 -14.881 -22.0612
      vertex 8.94502 -14.6564 -22.0612
      vertex 8.00709 -15.1891 -22.7286
    endloop
  endfacet
  facet normal -0.105334 0.861911 -0.495999
    outer loop
      vertex 8.13473 -18.2709 -19.6673
      vertex 8.87986 -17.767 -18.9499
      vertex 8.87723 -17.8926 -19.1676
    endloop
  endfacet
  facet normal -0.105246 0.861881 -0.496069
    outer loop
      vertex 8.87986 -17.767 -18.9499
      vertex 8.13473 -18.2709 -19.6673
      vertex 7.74674 -18.2895 -19.6173
    endloop
  endfacet
  facet normal -0.105348 0.861286 -0.49708
    outer loop
      vertex 7.74674 -18.2895 -19.6173
      vertex 8.13473 -18.2709 -19.6673
      vertex 8.05307 -18.3023 -19.7044
    endloop
  endfacet
  facet normal 0.17641 0.607096 -0.7748
    outer loop
      vertex 8.10658 -17.5423 -18.9499
      vertex 8.87986 -17.767 -18.9499
      vertex 7.74674 -18.2895 -19.6173
    endloop
  endfacet
  facet normal -0.638133 0.591918 0.492361
    outer loop
      vertex 10.3587 -17.0876 -21.8271
      vertex 10.2431 -17.0175 -22.0612
      vertex 10.0734 -17.2729 -21.9741
    endloop
  endfacet
  facet normal -0.206258 -0.572841 0.793291
    outer loop
      vertex 8.76474 -15.4619 -22.7286
      vertex 9.7183 -14.881 -22.0612
      vertex 8.00709 -15.1891 -22.7286
    endloop
  endfacet
  facet normal 0.155237 -0.862744 0.481221
    outer loop
      vertex 8.05474 -14.6217 -21.7424
      vertex 8.95695 -14.0871 -21.075
      vertex 6.97212 -14.8165 -21.7424
    endloop
  endfacet
  facet normal 0.453974 -0.891015 1.82324e-17
    outer loop
      vertex 6.97212 -14.8165 -20.6035
      vertex 7.8887 -14.3495 -21.075
      vertex 7.8887 -14.3495 -19.9362
    endloop
  endfacet
  facet normal 0.453974 -0.891015 1.82308e-17
    outer loop
      vertex 7.8887 -14.3495 -21.075
      vertex 6.97212 -14.8165 -20.6035
      vertex 6.97212 -14.8165 -21.7424
    endloop
  endfacet
  facet normal 0.393872 0.332766 -0.856815
    outer loop
      vertex 7.54923 -16.9611 -18.9499
      vertex 7.44653 -17.1547 -19.0723
      vertex 7.35123 -17.0419 -19.0723
    endloop
  endfacet
  facet normal 0.367935 0.352753 -0.860343
    outer loop
      vertex 7.80506 -17.1398 -18.9088
      vertex 7.92193 -17.2617 -18.9088
      vertex 6.98909 -18.0167 -19.6173
    endloop
  endfacet
  facet normal 0.377986 0.343387 -0.859774
    outer loop
      vertex 7.80506 -17.1398 -18.9088
      vertex 7.53537 -17.2135 -19.0568
      vertex 7.54923 -16.9611 -18.9499
    endloop
  endfacet
  facet normal 0.381152 0.335357 -0.861545
    outer loop
      vertex 7.80506 -17.1398 -18.9088
      vertex 7.52871 -17.2234 -19.0636
      vertex 7.53537 -17.2135 -19.0568
    endloop
  endfacet
  facet normal 0.37788 0.343153 -0.859914
    outer loop
      vertex 7.52871 -17.2234 -19.0636
      vertex 7.80506 -17.1398 -18.9088
      vertex 6.98909 -18.0167 -19.6173
    endloop
  endfacet
  facet normal 0.377398 0.343509 -0.859984
    outer loop
      vertex 7.54923 -16.9611 -18.9499
      vertex 7.53537 -17.2135 -19.0568
      vertex 7.44653 -17.1547 -19.0723
    endloop
  endfacet
  facet normal -0.604019 0.175456 0.777416
    outer loop
      vertex 10.2431 -17.0175 -22.0612
      vertex 10.4677 -16.2443 -22.0612
      vertex 9.4271 -16.8695 -22.7286
    endloop
  endfacet
  facet normal -0.634841 0.59139 0.497228
    outer loop
      vertex 10.2431 -17.0175 -22.0612
      vertex 10 -17.3205 -22.0112
      vertex 10.0734 -17.2729 -21.9741
    endloop
  endfacet
  facet normal -0.635417 0.591606 0.496234
    outer loop
      vertex 9.2575 -17.6988 -22.511
      vertex 10.2431 -17.0175 -22.0612
      vertex 9.15432 -17.6271 -22.7286
    endloop
  endfacet
  facet normal -0.635424 0.591678 0.496139
    outer loop
      vertex 10.2431 -17.0175 -22.0612
      vertex 9.2575 -17.6988 -22.511
      vertex 10 -17.3205 -22.0112
    endloop
  endfacet
  facet normal -0.465393 -0.184712 0.865616
    outer loop
      vertex 9.2845 -16.0769 -22.7286
      vertex 9.41141 -15.9374 -22.6306
      vertex 8.39213 -16.4969 -23.298
    endloop
  endfacet
  facet normal -0.471092 -0.178304 0.863875
    outer loop
      vertex 10.2757 -15.4622 -22.0612
      vertex 9.41141 -15.9374 -22.6306
      vertex 9.2845 -16.0769 -22.7286
    endloop
  endfacet
  facet normal 0.606598 -0.633105 -0.480849
    outer loop
      vertex 6.33538 -15.3902 -20.5263
      vertex 7.09476 -15.1108 -19.9362
      vertex 6.35588 -15.4298 -20.4483
    endloop
  endfacet
  facet normal 0.606721 -0.632734 -0.481183
    outer loop
      vertex 7.09476 -15.1108 -19.9362
      vertex 6.33538 -15.3902 -20.5263
      vertex 7.8887 -14.3495 -19.9362
    endloop
  endfacet
  facet normal 0.608357 -0.626144 -0.487694
    outer loop
      vertex 6.41633 -15.5028 -20.2792
      vertex 7.09476 -15.1108 -19.9362
      vertex 7.58181 -15.4058 -18.9499
    endloop
  endfacet
  facet normal 0.608359 -0.626092 -0.487759
    outer loop
      vertex 7.09476 -15.1108 -19.9362
      vertex 6.41633 -15.5028 -20.2792
      vertex 6.35588 -15.4298 -20.4483
    endloop
  endfacet
  facet normal 0.584692 -0.169865 -0.793273
    outer loop
      vertex 7.58181 -15.4058 -18.9499
      vertex 7.35715 -16.1791 -18.9499
      vertex 6.32674 -16.6091 -19.6173
    endloop
  endfacet
  facet normal 0.513792 0.0925853 -0.852904
    outer loop
      vertex 7.35715 -16.1791 -18.9499
      vertex 6.96759 -16.7155 -19.2428
      vertex 6.32674 -16.6091 -19.6173
    endloop
  endfacet
  facet normal -0.594843 0.214178 0.774783
    outer loop
      vertex 10.2431 -17.0175 -22.0612
      vertex 9.4271 -16.8695 -22.7286
      vertex 9.15432 -17.6271 -22.7286
    endloop
  endfacet
  facet normal -0.504683 -0.0778167 0.85979
    outer loop
      vertex 9.4271 -16.8695 -22.7286
      vertex 10.4677 -16.2443 -22.0612
      vertex 8.44432 -16.7869 -23.298
    endloop
  endfacet
  facet normal -0.500706 -0.12292 0.856845
    outer loop
      vertex 10.4677 -16.2443 -22.0612
      vertex 10.2757 -15.4622 -22.0612
      vertex 9.2845 -16.0769 -22.7286
    endloop
  endfacet
  facet normal -0.499751 -0.10397 0.859906
    outer loop
      vertex 10.4677 -16.2443 -22.0612
      vertex 9.2845 -16.0769 -22.7286
      vertex 8.39213 -16.4969 -23.298
    endloop
  endfacet
  facet normal 0.498911 0.1072 -0.859998
    outer loop
      vertex 7.24465 -16.737 -19.0847
      vertex 7.58607 -16.6854 -18.8802
      vertex 7.30277 -16.8671 -19.0672
    endloop
  endfacet
  facet normal 0.499496 0.103685 -0.860089
    outer loop
      vertex 7.22934 -16.7238 -19.092
      vertex 7.58607 -16.6854 -18.8802
      vertex 7.24465 -16.737 -19.0847
    endloop
  endfacet
  facet normal 0.499019 0.107245 -0.85993
    outer loop
      vertex 7.58607 -16.6854 -18.8802
      vertex 7.22934 -16.7238 -19.092
      vertex 7.35715 -16.1791 -18.9499
    endloop
  endfacet
  facet normal 0.498872 0.1073 -0.860008
    outer loop
      vertex 7.35715 -16.1791 -18.9499
      vertex 7.22934 -16.7238 -19.092
      vertex 6.96759 -16.7155 -19.2428
    endloop
  endfacet
  facet normal 0.422959 0.267915 -0.865637
    outer loop
      vertex 7.65316 -16.8444 -18.863
      vertex 7.54923 -16.9611 -18.9499
      vertex 7.36171 -16.9817 -19.0479
    endloop
  endfacet
  facet normal 0.490623 0.120494 -0.863001
    outer loop
      vertex 7.63433 -16.8269 -18.8713
      vertex 7.36171 -16.9817 -19.0479
      vertex 7.62151 -16.7747 -18.8713
    endloop
  endfacet
  facet normal 0.491198 0.119297 -0.86284
    outer loop
      vertex 7.36171 -16.9817 -19.0479
      vertex 7.63433 -16.8269 -18.8713
      vertex 7.65316 -16.8444 -18.863
    endloop
  endfacet
  facet normal 0.496931 0.110623 -0.860711
    outer loop
      vertex 7.30277 -16.8671 -19.0672
      vertex 7.62151 -16.7747 -18.8713
      vertex 7.36171 -16.9817 -19.0479
    endloop
  endfacet
  facet normal 0.496732 0.111351 -0.860731
    outer loop
      vertex 7.62151 -16.7747 -18.8713
      vertex 7.30277 -16.8671 -19.0672
      vertex 7.58607 -16.6854 -18.8802
    endloop
  endfacet
  facet normal 0.421014 0.276812 -0.863784
    outer loop
      vertex 7.36171 -16.9817 -19.0479
      vertex 7.54923 -16.9611 -18.9499
      vertex 7.35123 -17.0419 -19.0723
    endloop
  endfacet
  facet normal 0.636584 -0.142286 -0.757968
    outer loop
      vertex 8.53419 -14.8993 -18.2016
      vertex 8.35853 -15.6852 -18.2016
      vertex 7.35715 -16.1791 -18.9499
    endloop
  endfacet
  facet normal 0.147203 0.658774 -0.7378
    outer loop
      vertex 9.19208 -16.9987 -18.2016
      vertex 9.97794 -17.1743 -18.2016
      vertex 8.87986 -17.767 -18.9499
    endloop
  endfacet
  facet normal 0.678291 -0.541339 -0.496864
    outer loop
      vertex 8.53419 -14.8993 -18.2016
      vertex 7.58181 -15.4058 -18.9499
      vertex 7.09476 -15.1108 -19.9362
    endloop
  endfacet
  facet normal 0.674046 -0.550833 -0.492183
    outer loop
      vertex 8.02958 -14.6355 -19.1879
      vertex 8.53419 -14.8993 -18.2016
      vertex 7.09476 -15.1108 -19.9362
    endloop
  endfacet
  facet normal -0.181957 -0.626462 0.757917
    outer loop
      vertex 9.7183 -14.881 -22.0612
      vertex 10.6335 -14.2415 -21.3129
      vertex 8.94502 -14.6564 -22.0612
    endloop
  endfacet
  facet normal 0.37261 0.405182 -0.834859
    outer loop
      vertex 8.59933 -16.4536 -18.2016
      vertex 9.19208 -16.9987 -18.2016
      vertex 8.10658 -17.5423 -18.9499
    endloop
  endfacet
  facet normal 0.157901 -0.856018 0.49224
    outer loop
      vertex 9.82381 -13.4969 -20.3267
      vertex 8.95695 -14.0871 -21.075
      vertex 8.94502 -14.6564 -22.0612
    endloop
  endfacet
  facet normal 0.509079 -0.86072 -1.59645e-18
    outer loop
      vertex 7.8887 -14.3495 -19.9362
      vertex 8.77414 -13.8258 -20.3267
      vertex 8.77414 -13.8258 -19.1879
    endloop
  endfacet
  facet normal 0.509079 -0.86072 -1.59645e-18
    outer loop
      vertex 8.77414 -13.8258 -20.3267
      vertex 7.8887 -14.3495 -19.9362
      vertex 7.8887 -14.3495 -21.075
    endloop
  endfacet
  facet normal 0.285267 -0.910416 0.29961
    outer loop
      vertex 9.82381 -13.4969 -20.3267
      vertex 8.77414 -13.8258 -20.3267
      vertex 7.8887 -14.3495 -21.075
    endloop
  endfacet
  facet normal -0.123603 0.858183 -0.498242
    outer loop
      vertex 9.13434 -17.7616 -19.0039
      vertex 9.97794 -17.1743 -18.2016
      vertex 9.9844 -17.3285 -18.4688
    endloop
  endfacet
  facet normal -0.123889 0.858276 -0.49801
    outer loop
      vertex 9.97794 -17.1743 -18.2016
      vertex 9.13434 -17.7616 -19.0039
      vertex 8.87986 -17.767 -18.9499
    endloop
  endfacet
  facet normal 0.214243 -0.8722 0.439735
    outer loop
      vertex 8.95695 -14.0871 -21.075
      vertex 9.82381 -13.4969 -20.3267
      vertex 7.8887 -14.3495 -21.075
    endloop
  endfacet
  facet normal -0.151728 -0.678632 0.718635
    outer loop
      vertex 10.6335 -14.2415 -21.3129
      vertex 9.84765 -14.0658 -21.3129
      vertex 8.94502 -14.6564 -22.0612
    endloop
  endfacet
  facet normal 0.14762 -0.85517 0.496883
    outer loop
      vertex 9.84765 -14.0658 -21.3129
      vertex 9.82381 -13.4969 -20.3267
      vertex 8.94502 -14.6564 -22.0612
    endloop
  endfacet
  facet normal -0.648213 0.188294 0.737811
    outer loop
      vertex 11.2914 -16.3408 -21.3129
      vertex 10.4677 -16.2443 -22.0612
      vertex 10.2431 -17.0175 -22.0612
    endloop
  endfacet
  facet normal -0.38301 -0.416603 0.824467
    outer loop
      vertex 11.2263 -14.7865 -21.3129
      vertex 10.6335 -14.2415 -21.3129
      vertex 9.7183 -14.881 -22.0612
    endloop
  endfacet
  facet normal -0.534578 -0.131235 0.834867
    outer loop
      vertex 10.4677 -16.2443 -22.0612
      vertex 11.4671 -15.5549 -21.3129
      vertex 10.2757 -15.4622 -22.0612
    endloop
  endfacet
  facet normal 0.660362 -0.688675 -0.299415
    outer loop
      vertex 7.8887 -14.3495 -19.9362
      vertex 8.77414 -13.8258 -19.1879
      vertex 7.09476 -15.1108 -19.9362
    endloop
  endfacet
  facet normal 0.667803 -0.194011 -0.718609
    outer loop
      vertex 7.58181 -15.4058 -18.9499
      vertex 8.53419 -14.8993 -18.2016
      vertex 7.35715 -16.1791 -18.9499
    endloop
  endfacet
  facet normal -0.533684 -0.167245 0.828982
    outer loop
      vertex 11.4671 -15.5549 -21.3129
      vertex 11.2263 -14.7865 -21.3129
      vertex 10.2757 -15.4622 -22.0612
    endloop
  endfacet
  facet normal -0.694241 0.522409 0.495094
    outer loop
      vertex 11.4118 -16.4037 -21.0777
      vertex 11.2914 -16.3408 -21.3129
      vertex 11.161 -16.5665 -21.2576
    endloop
  endfacet
  facet normal -0.692466 0.521813 0.498198
    outer loop
      vertex 10.3587 -17.0876 -21.8271
      vertex 11.2914 -16.3408 -21.3129
      vertex 10.2431 -17.0175 -22.0612
    endloop
  endfacet
  facet normal -0.692501 0.522083 0.497868
    outer loop
      vertex 11.2914 -16.3408 -21.3129
      vertex 10.3587 -17.0876 -21.8271
      vertex 11.161 -16.5665 -21.2576
    endloop
  endfacet
  facet normal 0.661101 -0.607916 -0.439754
    outer loop
      vertex 8.77414 -13.8258 -19.1879
      vertex 8.02958 -14.6355 -19.1879
      vertex 7.09476 -15.1108 -19.9362
    endloop
  endfacet
  facet normal 0.519773 0.161387 -0.838922
    outer loop
      vertex 7.63433 -16.8269 -18.8713
      vertex 8.59933 -16.4536 -18.2016
      vertex 7.65316 -16.8444 -18.863
    endloop
  endfacet
  facet normal 0.519519 0.16205 -0.838952
    outer loop
      vertex 7.65316 -16.8444 -18.863
      vertex 8.59933 -16.4536 -18.2016
      vertex 7.54923 -16.9611 -18.9499
    endloop
  endfacet
  facet normal 0.519283 0.162732 -0.838966
    outer loop
      vertex 8.59933 -16.4536 -18.2016
      vertex 7.63433 -16.8269 -18.8713
      vertex 8.35853 -15.6852 -18.2016
    endloop
  endfacet
  facet normal 0.549607 0.13498 -0.824447
    outer loop
      vertex 7.62151 -16.7747 -18.8713
      vertex 8.35853 -15.6852 -18.2016
      vertex 7.63433 -16.8269 -18.8713
    endloop
  endfacet
  facet normal 0.548929 0.135649 -0.824789
    outer loop
      vertex 7.58607 -16.6854 -18.8802
      vertex 8.35853 -15.6852 -18.2016
      vertex 7.62151 -16.7747 -18.8713
    endloop
  endfacet
  facet normal 0.549546 0.13497 -0.824489
    outer loop
      vertex 8.35853 -15.6852 -18.2016
      vertex 7.58607 -16.6854 -18.8802
      vertex 7.35715 -16.1791 -18.9499
    endloop
  endfacet
  facet normal -0.12325 0.860219 -0.494806
    outer loop
      vertex 8.87986 -17.767 -18.9499
      vertex 9.13434 -17.7616 -19.0039
      vertex 8.87723 -17.8926 -19.1676
    endloop
  endfacet
  facet normal -0.392723 -0.376641 0.838994
    outer loop
      vertex 10.2757 -15.4622 -22.0612
      vertex 11.2263 -14.7865 -21.3129
      vertex 9.7183 -14.881 -22.0612
    endloop
  endfacet
  facet normal -0.65569 0.14659 0.740663
    outer loop
      vertex 11.2914 -16.3408 -21.3129
      vertex 11.4671 -15.5549 -21.3129
      vertex 10.4677 -16.2443 -22.0612
    endloop
  endfacet
  facet normal 0.18748 0.645192 -0.740661
    outer loop
      vertex 9.19208 -16.9987 -18.2016
      vertex 8.87986 -17.767 -18.9499
      vertex 8.10658 -17.5423 -18.9499
    endloop
  endfacet
  facet normal 0.403692 0.387073 -0.82898
    outer loop
      vertex 7.92193 -17.2617 -18.9088
      vertex 8.59933 -16.4536 -18.2016
      vertex 8.10658 -17.5423 -18.9499
    endloop
  endfacet
  facet normal 0.403713 0.387054 -0.828978
    outer loop
      vertex 7.80506 -17.1398 -18.9088
      vertex 8.59933 -16.4536 -18.2016
      vertex 7.92193 -17.2617 -18.9088
    endloop
  endfacet
  facet normal 0.403615 0.387163 -0.828975
    outer loop
      vertex 8.59933 -16.4536 -18.2016
      vertex 7.80506 -17.1398 -18.9088
      vertex 7.54923 -16.9611 -18.9499
    endloop
  endfacet
  facet normal -0.380082 -0.46942 0.796984
    outer loop
      vertex 12.1326 -14.0524 -20.4866
      vertex 11.5068 -13.5457 -20.4866
      vertex 10.6335 -14.2415 -21.3129
    endloop
  endfacet
  facet normal 0.167651 -0.852189 0.495647
    outer loop
      vertex 9.84765 -14.0658 -21.3129
      vertex 10.6519 -12.8534 -19.5004
      vertex 9.82381 -13.4969 -20.3267
    endloop
  endfacet
  facet normal -0.394064 -0.428626 0.813015
    outer loop
      vertex 11.2263 -14.7865 -21.3129
      vertex 12.1326 -14.0524 -20.4866
      vertex 10.6335 -14.2415 -21.3129
    endloop
  endfacet
  facet normal -0.742918 0.448085 0.497285
    outer loop
      vertex 12.4099 -15.6506 -20.2692
      vertex 12.2952 -15.5995 -20.4866
      vertex 12.1756 -15.8403 -20.4483
    endloop
  endfacet
  facet normal 0.680342 -0.107762 -0.724929
    outer loop
      vertex 9.45288 -14.3341 -17.3754
      vertex 9.32691 -15.1294 -17.3754
      vertex 8.35853 -15.6852 -18.2016
    endloop
  endfacet
  facet normal -0.114238 -0.721149 0.683296
    outer loop
      vertex 11.5068 -13.5457 -20.4866
      vertex 10.7114 -13.4197 -20.4866
      vertex 9.84765 -14.0658 -21.3129
    endloop
  endfacet
  facet normal 0.730624 -0.469597 -0.495648
    outer loop
      vertex 8.93271 -14.1025 -18.3616
      vertex 9.45288 -14.3341 -17.3754
      vertex 8.02958 -14.6355 -19.1879
    endloop
  endfacet
  facet normal -0.561687 -0.176021 0.808409
    outer loop
      vertex 11.4671 -15.5549 -21.3129
      vertex 12.4211 -14.8042 -20.4866
      vertex 11.2263 -14.7865 -21.3129
    endloop
  endfacet
  facet normal 0.712521 -0.159259 -0.683337
    outer loop
      vertex 8.53419 -14.8993 -18.2016
      vertex 9.45288 -14.3341 -17.3754
      vertex 8.35853 -15.6852 -18.2016
    endloop
  endfacet
  facet normal -0.150299 -0.672239 0.724918
    outer loop
      vertex 10.6335 -14.2415 -21.3129
      vertex 11.5068 -13.5457 -20.4866
      vertex 9.84765 -14.0658 -21.3129
    endloop
  endfacet
  facet normal 0.273328 -0.872314 0.405414
    outer loop
      vertex 9.82381 -13.4969 -20.3267
      vertex 10.6519 -12.8534 -19.5004
      vertex 8.77414 -13.8258 -20.3267
    endloop
  endfacet
  facet normal 0.57633 0.180609 -0.797009
    outer loop
      vertex 9.32691 -15.1294 -17.3754
      vertex 8.59933 -16.4536 -18.2016
      vertex 8.35853 -15.6852 -18.2016
    endloop
  endfacet
  facet normal 0.733057 -0.462476 -0.498742
    outer loop
      vertex 9.45288 -14.3341 -17.3754
      vertex 8.53419 -14.8993 -18.2016
      vertex 8.02958 -14.6355 -19.1879
    endloop
  endfacet
  facet normal -0.557766 -0.21404 0.801925
    outer loop
      vertex 12.4211 -14.8042 -20.4866
      vertex 12.1326 -14.0524 -20.4866
      vertex 11.2263 -14.7865 -21.3129
    endloop
  endfacet
  facet normal 0.562072 -0.827088 -8.56088e-19
    outer loop
      vertex 8.77414 -13.8258 -19.1879
      vertex 9.62496 -13.2476 -19.5004
      vertex 9.62496 -13.2476 -18.3616
    endloop
  endfacet
  facet normal 0.562072 -0.827088 -8.56088e-19
    outer loop
      vertex 9.62496 -13.2476 -19.5004
      vertex 8.77414 -13.8258 -19.1879
      vertex 8.77414 -13.8258 -20.3267
    endloop
  endfacet
  facet normal 0.708038 -0.651077 -0.273461
    outer loop
      vertex 8.77414 -13.8258 -19.1879
      vertex 9.62496 -13.2476 -18.3616
      vertex 8.02958 -14.6355 -19.1879
    endloop
  endfacet
  facet normal 0.370399 0.457378 -0.808461
    outer loop
      vertex 9.61549 -15.8812 -17.3754
      vertex 10.2413 -16.388 -17.3754
      vertex 9.19208 -16.9987 -18.2016
    endloop
  endfacet
  facet normal -0.699007 0.110656 0.706502
    outer loop
      vertex 12.2952 -15.5995 -20.4866
      vertex 12.4211 -14.8042 -20.4866
      vertex 11.4671 -15.5549 -21.3129
    endloop
  endfacet
  facet normal 0.15433 0.690671 -0.70651
    outer loop
      vertex 10.2413 -16.388 -17.3754
      vertex 9.97794 -17.1743 -18.2016
      vertex 9.19208 -16.9987 -18.2016
    endloop
  endfacet
  facet normal 0.160013 -0.851823 0.498792
    outer loop
      vertex 10.7114 -13.4197 -20.4866
      vertex 10.6519 -12.8534 -19.5004
      vertex 9.84765 -14.0658 -21.3129
    endloop
  endfacet
  facet normal 0.710429 -0.575266 -0.405414
    outer loop
      vertex 9.62496 -13.2476 -18.3616
      vertex 8.93271 -14.1025 -18.3616
      vertex 8.02958 -14.6355 -19.1879
    endloop
  endfacet
  facet normal 0.344706 -0.898003 0.273438
    outer loop
      vertex 10.6519 -12.8534 -19.5004
      vertex 9.62496 -13.2476 -19.5004
      vertex 8.77414 -13.8258 -20.3267
    endloop
  endfacet
  facet normal 0.543532 0.208636 -0.813046
    outer loop
      vertex 9.32691 -15.1294 -17.3754
      vertex 9.61549 -15.8812 -17.3754
      vertex 8.59933 -16.4536 -18.2016
    endloop
  endfacet
  facet normal 0.404361 0.439708 -0.801966
    outer loop
      vertex 9.61549 -15.8812 -17.3754
      vertex 9.19208 -16.9987 -18.2016
      vertex 8.59933 -16.4536 -18.2016
    endloop
  endfacet
  facet normal -0.693596 0.155064 0.703477
    outer loop
      vertex 12.2952 -15.5995 -20.4866
      vertex 11.4671 -15.5549 -21.3129
      vertex 11.2914 -16.3408 -21.3129
    endloop
  endfacet
  facet normal -0.741708 0.447811 0.499334
    outer loop
      vertex 12.2952 -15.5995 -20.4866
      vertex 11.7557 -16.1803 -20.7671
      vertex 12.1756 -15.8403 -20.4483
    endloop
  endfacet
  facet normal -0.741724 0.447856 0.49927
    outer loop
      vertex 11.2914 -16.3408 -21.3129
      vertex 11.7557 -16.1803 -20.7671
      vertex 12.2952 -15.5995 -20.4866
    endloop
  endfacet
  facet normal -0.741801 0.447558 0.499423
    outer loop
      vertex 11.7557 -16.1803 -20.7671
      vertex 11.2914 -16.3408 -21.3129
      vertex 11.4118 -16.4037 -21.0777
    endloop
  endfacet
  facet normal 0.111125 0.701966 -0.703488
    outer loop
      vertex 10.2413 -16.388 -17.3754
      vertex 11.0366 -16.5139 -17.3754
      vertex 9.97794 -17.1743 -18.2016
    endloop
  endfacet
  facet normal -0.143284 0.85574 -0.497171
    outer loop
      vertex 10 -17.3205 -18.4596
      vertex 9.97794 -17.1743 -18.2016
      vertex 10.2619 -17.1504 -18.2423
    endloop
  endfacet
  facet normal -0.145464 0.855382 -0.497154
    outer loop
      vertex 9.97794 -17.1743 -18.2016
      vertex 10 -17.3205 -18.4596
      vertex 9.9844 -17.3285 -18.4688
    endloop
  endfacet
  facet normal -0.142981 0.854404 -0.499551
    outer loop
      vertex 10.2619 -17.1504 -18.2423
      vertex 11.0366 -16.5139 -17.3754
      vertex 11.0498 -16.6388 -17.5928
    endloop
  endfacet
  facet normal -0.143473 0.854526 -0.499201
    outer loop
      vertex 11.0366 -16.5139 -17.3754
      vertex 10.2619 -17.1504 -18.2423
      vertex 9.97794 -17.1743 -18.2016
    endloop
  endfacet
  facet normal -0.163993 0.851014 -0.49888
    outer loop
      vertex 11.3026 -16.4746 -17.3958
      vertex 11.0498 -16.6388 -17.5928
      vertex 11.0366 -16.5139 -17.3754
    endloop
  endfacet
  facet normal 0.594711 0.228281 -0.770848
    outer loop
      vertex 10.2585 -14.5139 -16.4744
      vertex 9.61549 -15.8812 -17.3754
      vertex 9.32691 -15.1294 -17.3754
    endloop
  endfacet
  facet normal 0.778611 -0.379444 -0.499787
    outer loop
      vertex 10.3343 -13.7122 -16.4744
      vertex 9.45288 -14.3341 -17.3754
      vertex 8.93271 -14.1025 -18.3616
    endloop
  endfacet
  facet normal 0.716372 -0.0677323 -0.694423
    outer loop
      vertex 10.3343 -13.7122 -16.4744
      vertex 10.2585 -14.5139 -16.4744
      vertex 9.32691 -15.1294 -17.3754
    endloop
  endfacet
  facet normal 0.752017 -0.608941 -0.252311
    outer loop
      vertex 9.62496 -13.2476 -18.3616
      vertex 10.4378 -12.6171 -17.4606
      vertex 8.93271 -14.1025 -18.3616
    endloop
  endfacet
  facet normal 0.612905 -0.790157 -3.24846e-17
    outer loop
      vertex 9.62496 -13.2476 -18.3616
      vertex 10.4378 -12.6171 -18.5994
      vertex 10.4378 -12.6171 -17.4606
    endloop
  endfacet
  facet normal 0.612905 -0.790157 -3.24846e-17
    outer loop
      vertex 10.4378 -12.6171 -18.5994
      vertex 9.62496 -13.2476 -18.3616
      vertex 9.62496 -13.2476 -19.5004
    endloop
  endfacet
  facet normal 0.0696077 0.73718 -0.672102
    outer loop
      vertex 11.2501 -15.7126 -16.4744
      vertex 12.0518 -15.7883 -16.4744
      vertex 11.0366 -16.5139 -17.3754
    endloop
  endfacet
  facet normal 0.360191 0.506815 -0.7832
    outer loop
      vertex 10.5937 -15.2461 -16.4744
      vertex 11.2501 -15.7126 -16.4744
      vertex 10.2413 -16.388 -17.3754
    endloop
  endfacet
  facet normal -0.731309 0.11577 0.672149
    outer loop
      vertex 13.2504 -14.7967 -19.5856
      vertex 12.4211 -14.8042 -20.4866
      vertex 12.2952 -15.5995 -20.4866
    endloop
  endfacet
  facet normal -0.112579 -0.710676 0.694453
    outer loop
      vertex 11.5068 -13.5457 -20.4866
      vertex 12.3346 -12.7964 -19.5856
      vertex 10.7114 -13.4197 -20.4866
    endloop
  endfacet
  facet normal 0.402793 -0.87983 0.252304
    outer loop
      vertex 11.438 -12.1592 -18.5994
      vertex 10.4378 -12.6171 -18.5994
      vertex 9.62496 -13.2476 -19.5004
    endloop
  endfacet
  facet normal -0.580505 -0.222766 0.783191
    outer loop
      vertex 12.4211 -14.8042 -20.4866
      vertex 13.3262 -13.9951 -19.5856
      vertex 12.1326 -14.0524 -20.4866
    endloop
  endfacet
  facet normal -0.0714276 -0.755455 0.651295
    outer loop
      vertex 12.3346 -12.7964 -19.5856
      vertex 11.5329 -12.7206 -19.5856
      vertex 10.7114 -13.4197 -20.4866
    endloop
  endfacet
  facet normal -0.387309 -0.478346 0.788147
    outer loop
      vertex 12.1326 -14.0524 -20.4866
      vertex 12.991 -13.2629 -19.5856
      vertex 11.5068 -13.5457 -20.4866
    endloop
  endfacet
  facet normal 0.396803 0.489982 -0.776186
    outer loop
      vertex 10.5937 -15.2461 -16.4744
      vertex 10.2413 -16.388 -17.3754
      vertex 9.61549 -15.8812 -17.3754
    endloop
  endfacet
  facet normal 0.559617 0.256192 -0.788159
    outer loop
      vertex 10.2585 -14.5139 -16.4744
      vertex 10.5937 -15.2461 -16.4744
      vertex 9.61549 -15.8812 -17.3754
    endloop
  endfacet
  facet normal 0.749501 -0.118716 -0.651272
    outer loop
      vertex 9.45288 -14.3341 -17.3754
      vertex 10.3343 -13.7122 -16.4744
      vertex 9.32691 -15.1294 -17.3754
    endloop
  endfacet
  facet normal 0.755086 -0.536585 -0.376725
    outer loop
      vertex 10.4378 -12.6171 -17.4606
      vertex 9.80058 -13.5138 -17.4606
      vertex 8.93271 -14.1025 -18.3616
    endloop
  endfacet
  facet normal 0.77751 -0.383988 -0.498028
    outer loop
      vertex 9.80058 -13.5138 -17.4606
      vertex 10.3343 -13.7122 -16.4744
      vertex 8.93271 -14.1025 -18.3616
    endloop
  endfacet
  facet normal -0.573301 -0.262456 0.776172
    outer loop
      vertex 13.3262 -13.9951 -19.5856
      vertex 12.991 -13.2629 -19.5856
      vertex 12.1326 -14.0524 -20.4866
    endloop
  endfacet
  facet normal -0.734288 0.069435 0.675277
    outer loop
      vertex 13.2504 -14.7967 -19.5856
      vertex 13.3262 -13.9951 -19.5856
      vertex 12.4211 -14.8042 -20.4866
    endloop
  endfacet
  facet normal -0.36902 -0.519238 0.770854
    outer loop
      vertex 12.991 -13.2629 -19.5856
      vertex 12.3346 -12.7964 -19.5856
      vertex 11.5068 -13.5457 -20.4866
    endloop
  endfacet
  facet normal 0.331967 -0.864815 0.376687
    outer loop
      vertex 10.6519 -12.8534 -19.5004
      vertex 11.438 -12.1592 -18.5994
      vertex 9.62496 -13.2476 -19.5004
    endloop
  endfacet
  facet normal -0.164159 0.850384 -0.499899
    outer loop
      vertex 11.7557 -16.1803 -17.044
      vertex 12.0518 -15.7883 -16.4744
      vertex 12.0744 -15.9222 -16.7096
    endloop
  endfacet
  facet normal -0.164112 0.85038 -0.499922
    outer loop
      vertex 11.7557 -16.1803 -17.044
      vertex 11.0366 -16.5139 -17.3754
      vertex 12.0518 -15.7883 -16.4744
    endloop
  endfacet
  facet normal -0.16398 0.850291 -0.500116
    outer loop
      vertex 11.0366 -16.5139 -17.3754
      vertex 11.7557 -16.1803 -17.044
      vertex 11.3026 -16.4746 -17.3958
    endloop
  endfacet
  facet normal 0.115329 0.728526 -0.67524
    outer loop
      vertex 11.2501 -15.7126 -16.4744
      vertex 11.0366 -16.5139 -17.3754
      vertex 10.2413 -16.388 -17.3754
    endloop
  endfacet
  facet normal -0.782669 0.372424 0.498728
    outer loop
      vertex 13.2504 -14.7967 -19.5856
      vertex 13.3826 -14.8629 -19.3287
      vertex 13.395 -14.8505 -19.3185
    endloop
  endfacet
  facet normal -0.78355 0.370592 0.49871
    outer loop
      vertex 13.3826 -14.8629 -19.3287
      vertex 13.2504 -14.7967 -19.5856
      vertex 13.1399 -15.0594 -19.564
    endloop
  endfacet
  facet normal -0.782864 0.370403 0.499925
    outer loop
      vertex 12.2952 -15.5995 -20.4866
      vertex 13.1399 -15.0594 -19.564
      vertex 13.2504 -14.7967 -19.5856
    endloop
  endfacet
  facet normal -0.782877 0.370194 0.50006
    outer loop
      vertex 13.1399 -15.0594 -19.564
      vertex 12.2952 -15.5995 -20.4866
      vertex 12.4099 -15.6506 -20.2692
    endloop
  endfacet
  facet normal 0.173963 -0.848514 0.499761
    outer loop
      vertex 11.5329 -12.7206 -19.5856
      vertex 11.438 -12.1592 -18.5994
      vertex 10.7114 -13.4197 -20.4866
    endloop
  endfacet
  facet normal 0.178531 -0.848575 0.498044
    outer loop
      vertex 10.7114 -13.4197 -20.4866
      vertex 11.438 -12.1592 -18.5994
      vertex 10.6519 -12.8534 -19.5004
    endloop
  endfacet
  facet normal 0.792339 -0.563058 -0.234873
    outer loop
      vertex 10.4378 -12.6171 -17.4606
      vertex 11.2094 -11.9368 -16.4885
      vertex 9.80058 -13.5138 -17.4606
    endloop
  endfacet
  facet normal -0.591483 -0.27078 0.759491
    outer loop
      vertex 13.3262 -13.9951 -19.5856
      vertex 14.1787 -13.1307 -18.6135
      vertex 12.991 -13.2629 -19.5856
    endloop
  endfacet
  facet normal 0.795291 -0.493048 -0.352726
    outer loop
      vertex 11.2094 -11.9368 -16.4885
      vertex 10.6298 -12.8717 -16.4885
      vertex 9.80058 -13.5138 -17.4606
    endloop
  endfacet
  facet normal -0.350674 -0.565641 0.746377
    outer loop
      vertex 13.7981 -12.421 -18.6135
      vertex 13.1137 -11.9967 -18.6135
      vertex 12.3346 -12.7964 -19.5856
    endloop
  endfacet
  facet normal -0.815715 0.291001 0.499928
    outer loop
      vertex 13.2504 -14.7967 -19.5856
      vertex 14.0696 -14.1759 -18.6103
      vertex 14.1534 -13.9355 -18.6135
    endloop
  endfacet
  facet normal -0.815707 0.290653 0.500143
    outer loop
      vertex 14.0696 -14.1759 -18.6103
      vertex 13.2504 -14.7967 -19.5856
      vertex 13.395 -14.8505 -19.3185
    endloop
  endfacet
  facet normal 0.814371 -0.295613 -0.499413
    outer loop
      vertex 10.6298 -12.8717 -16.4885
      vertex 11.1749 -13.0363 -15.5022
      vertex 9.80058 -13.5138 -17.4606
    endloop
  endfacet
  facet normal -0.373255 -0.525197 0.764754
    outer loop
      vertex 12.991 -13.2629 -19.5856
      vertex 13.7981 -12.421 -18.6135
      vertex 12.3346 -12.7964 -19.5856
    endloop
  endfacet
  facet normal 0.745004 -0.0234202 -0.666649
    outer loop
      vertex 11.1749 -13.0363 -15.5022
      vertex 11.1496 -13.8411 -15.5022
      vertex 10.2585 -14.5139 -16.4744
    endloop
  endfacet
  facet normal 0.191214 -0.844996 0.499419
    outer loop
      vertex 11.5329 -12.7206 -19.5856
      vertex 12.1789 -11.417 -17.6273
      vertex 11.438 -12.1592 -18.5994
    endloop
  endfacet
  facet normal 0.381837 0.537272 -0.752023
    outer loop
      vertex 11.5301 -14.5508 -15.5022
      vertex 11.2501 -15.7126 -16.4744
      vertex 10.5937 -15.2461 -16.4744
    endloop
  endfacet
  facet normal -0.761782 0.0720348 0.643816
    outer loop
      vertex 14.1534 -13.9355 -18.6135
      vertex 13.3262 -13.9951 -19.5856
      vertex 13.2504 -14.7967 -19.5856
    endloop
  endfacet
  facet normal 0.814619 -0.293938 -0.499996
    outer loop
      vertex 11.1749 -13.0363 -15.5022
      vertex 10.3343 -13.7122 -16.4744
      vertex 9.80058 -13.5138 -17.4606
    endloop
  endfacet
  facet normal -0.0245906 -0.782234 0.6225
    outer loop
      vertex 13.1137 -11.9967 -18.6135
      vertex 12.3089 -11.9714 -18.6135
      vertex 11.5329 -12.7206 -19.5856
    endloop
  endfacet
  facet normal 0.661335 -0.75009 2.2814e-17
    outer loop
      vertex 10.4378 -12.6171 -17.4606
      vertex 11.2094 -11.9368 -17.6273
      vertex 11.2094 -11.9368 -16.4885
    endloop
  endfacet
  facet normal 0.661335 -0.75009 2.2814e-17
    outer loop
      vertex 11.2094 -11.9368 -17.6273
      vertex 10.4378 -12.6171 -17.4606
      vertex 10.4378 -12.6171 -18.5994
    endloop
  endfacet
  facet normal 0.567887 0.304468 -0.764725
    outer loop
      vertex 11.1496 -13.8411 -15.5022
      vertex 11.5301 -14.5508 -15.5022
      vertex 10.5937 -15.2461 -16.4744
    endloop
  endfacet
  facet normal -0.580856 -0.311503 0.752045
    outer loop
      vertex 14.1787 -13.1307 -18.6135
      vertex 13.7981 -12.421 -18.6135
      vertex 12.991 -13.2629 -19.5856
    endloop
  endfacet
  facet normal -0.815985 0.291089 0.499435
    outer loop
      vertex 14.2736 -13.9719 -18.3959
      vertex 14.1534 -13.9355 -18.6135
      vertex 14.0696 -14.1759 -18.6103
    endloop
  endfacet
  facet normal 0.605134 0.277029 -0.746369
    outer loop
      vertex 11.1496 -13.8411 -15.5022
      vertex 10.5937 -15.2461 -16.4744
      vertex 10.2585 -14.5139 -16.4744
    endloop
  endfacet
  facet normal 0.779163 -0.0736692 -0.622477
    outer loop
      vertex 10.3343 -13.7122 -16.4744
      vertex 11.1749 -13.0363 -15.5022
      vertex 10.2585 -14.5139 -16.4744
    endloop
  endfacet
  facet normal 0.342848 0.552887 -0.759454
    outer loop
      vertex 11.5301 -14.5508 -15.5022
      vertex 12.2145 -14.9752 -15.5022
      vertex 11.2501 -15.7126 -16.4744
    endloop
  endfacet
  facet normal -0.0701594 -0.742042 0.666672
    outer loop
      vertex 12.3346 -12.7964 -19.5856
      vertex 13.1137 -11.9967 -18.6135
      vertex 11.5329 -12.7206 -19.5856
    endloop
  endfacet
  facet normal 0.189473 -0.845033 0.500018
    outer loop
      vertex 12.3089 -11.9714 -18.6135
      vertex 12.1789 -11.417 -17.6273
      vertex 11.5329 -12.7206 -19.5856
    endloop
  endfacet
  facet normal 0.459295 -0.85665 0.234942
    outer loop
      vertex 12.1789 -11.417 -17.6273
      vertex 11.2094 -11.9368 -17.6273
      vertex 10.4378 -12.6171 -18.5994
    endloop
  endfacet
  facet normal 0.389506 -0.850806 0.352724
    outer loop
      vertex 11.438 -12.1592 -18.5994
      vertex 12.1789 -11.417 -17.6273
      vertex 10.4378 -12.6171 -18.5994
    endloop
  endfacet
  facet normal -0.762091 0.0239574 0.647026
    outer loop
      vertex 14.1534 -13.9355 -18.6135
      vertex 14.1787 -13.1307 -18.6135
      vertex 13.3262 -13.9951 -19.5856
    endloop
  endfacet
  facet normal 0.0716843 0.759172 -0.646931
    outer loop
      vertex 12.2145 -14.9752 -15.5022
      vertex 12.0518 -15.7883 -16.4744
      vertex 11.2501 -15.7126 -16.4744
    endloop
  endfacet
  facet normal -0.186098 0.846062 -0.499547
    outer loop
      vertex 12.3068 -15.7341 -16.4776
      vertex 12.0744 -15.9222 -16.7096
      vertex 12.0518 -15.7883 -16.4744
    endloop
  endfacet
  facet normal -0.186596 0.845799 -0.499805
    outer loop
      vertex 12.3068 -15.7341 -16.4776
      vertex 13.0194 -15.0005 -15.5022
      vertex 13.0502 -15.1321 -15.7364
    endloop
  endfacet
  facet normal -0.186033 0.845717 -0.500155
    outer loop
      vertex 13.0194 -15.0005 -15.5022
      vertex 12.3068 -15.7341 -16.4776
      vertex 12.0518 -15.7883 -16.4744
    endloop
  endfacet
  facet normal 0.024042 0.764876 -0.643728
    outer loop
      vertex 12.2145 -14.9752 -15.5022
      vertex 13.0194 -15.0005 -15.5022
      vertex 12.0518 -15.7883 -16.4744
    endloop
  endfacet
  facet normal 0.841047 -0.206457 -0.500016
    outer loop
      vertex 11.417 -12.1789 -15.449
      vertex 11.9714 -12.3089 -14.4628
      vertex 11.1749 -13.0363 -15.5022
    endloop
  endfacet
  facet normal -0.0246926 0.78548 -0.618394
    outer loop
      vertex 13.1307 -14.1787 -14.4628
      vertex 13.9355 -14.1534 -14.4628
      vertex 13.0194 -15.0005 -15.5022
    endloop
  endfacet
  facet normal 0.608129 0.326043 -0.723792
    outer loop
      vertex 11.9967 -13.1137 -14.4628
      vertex 11.5301 -14.5508 -15.5022
      vertex 11.1496 -13.8411 -15.5022
    endloop
  endfacet
  facet normal -0.211182 0.84021 -0.49945
    outer loop
      vertex 13.9355 -14.1534 -14.4628
      vertex 13.9719 -14.2736 -14.6804
      vertex 13.7355 -14.5101 -14.9783
    endloop
  endfacet
  facet normal 0.707107 -0.707107 2.26284e-17
    outer loop
      vertex 11.2094 -11.9368 -16.4885
      vertex 11.9368 -11.2094 -16.5878
      vertex 11.9368 -11.2094 -15.449
    endloop
  endfacet
  facet normal 0.707107 -0.707107 2.26284e-17
    outer loop
      vertex 11.9368 -11.2094 -16.5878
      vertex 11.2094 -11.9368 -16.4885
      vertex 11.2094 -11.9368 -17.6273
    endloop
  endfacet
  facet normal 0.568861 0.352671 -0.74298
    outer loop
      vertex 11.9967 -13.1137 -14.4628
      vertex 12.421 -13.7981 -14.4628
      vertex 11.5301 -14.5508 -15.5022
    endloop
  endfacet
  facet normal -0.0241006 -0.766648 0.641615
    outer loop
      vertex 13.1137 -11.9967 -18.6135
      vertex 13.8411 -11.1496 -17.574
      vertex 12.3089 -11.9714 -18.6135
    endloop
  endfacet
  facet normal -0.35269 -0.568892 0.742948
    outer loop
      vertex 13.7981 -12.421 -18.6135
      vertex 14.5508 -11.5301 -17.574
      vertex 13.1137 -11.9967 -18.6135
    endloop
  endfacet
  facet normal 0.51395 -0.829006 0.220463
    outer loop
      vertex 12.8717 -10.6298 -16.5878
      vertex 11.9368 -11.2094 -16.5878
      vertex 11.2094 -11.9368 -17.6273
    endloop
  endfacet
  facet normal 0.0252107 -0.801959 0.596847
    outer loop
      vertex 13.8411 -11.1496 -17.574
      vertex 13.0363 -11.1749 -17.574
      vertex 12.3089 -11.9714 -18.6135
    endloop
  endfacet
  facet normal 0.841346 -0.206576 -0.499463
    outer loop
      vertex 11.417 -12.1789 -15.449
      vertex 11.1749 -13.0363 -15.5022
      vertex 10.6298 -12.8717 -16.4885
    endloop
  endfacet
  facet normal 0.831194 -0.445647 -0.33244
    outer loop
      vertex 11.9368 -11.2094 -15.449
      vertex 11.417 -12.1789 -15.449
      vertex 10.6298 -12.8717 -16.4885
    endloop
  endfacet
  facet normal -0.782942 -0.0246098 0.621607
    outer loop
      vertex 15.0005 -13.0194 -17.574
      vertex 14.9752 -12.2145 -17.574
      vertex 14.1787 -13.1307 -18.6135
    endloop
  endfacet
  facet normal -0.581145 -0.360371 0.72966
    outer loop
      vertex 14.9752 -12.2145 -17.574
      vertex 14.5508 -11.5301 -17.574
      vertex 13.7981 -12.421 -18.6135
    endloop
  endfacet
  facet normal -0.32606 -0.608159 0.723759
    outer loop
      vertex 14.5508 -11.5301 -17.574
      vertex 13.8411 -11.1496 -17.574
      vertex 13.1137 -11.9967 -18.6135
    endloop
  endfacet
  facet normal -0.595229 -0.319211 0.737433
    outer loop
      vertex 14.1787 -13.1307 -18.6135
      vertex 14.9752 -12.2145 -17.574
      vertex 13.7981 -12.421 -18.6135
    endloop
  endfacet
  facet normal -0.209988 0.840398 -0.499636
    outer loop
      vertex 13.0194 -15.0005 -15.5022
      vertex 13.7355 -14.5101 -14.9783
      vertex 13.3826 -14.8629 -15.4234
    endloop
  endfacet
  facet normal -0.20953 0.840232 -0.500107
    outer loop
      vertex 13.7355 -14.5101 -14.9783
      vertex 13.0194 -15.0005 -15.5022
      vertex 13.9355 -14.1534 -14.4628
    endloop
  endfacet
  facet normal -0.209924 0.84032 -0.499794
    outer loop
      vertex 13.0194 -15.0005 -15.5022
      vertex 13.3826 -14.8629 -15.4234
      vertex 13.0502 -15.1321 -15.7364
    endloop
  endfacet
  facet normal 0.0246089 0.782913 -0.621644
    outer loop
      vertex 13.1307 -14.1787 -14.4628
      vertex 13.0194 -15.0005 -15.5022
      vertex 12.2145 -14.9752 -15.5022
    endloop
  endfacet
  facet normal 0.766618 0.0240997 -0.641651
    outer loop
      vertex 11.9714 -12.3089 -14.4628
      vertex 11.9967 -13.1137 -14.4628
      vertex 11.1496 -13.8411 -15.5022
    endloop
  endfacet
  facet normal 0.445647 -0.831194 0.33244
    outer loop
      vertex 12.1789 -11.417 -17.6273
      vertex 12.8717 -10.6298 -16.5878
      vertex 11.2094 -11.9368 -17.6273
    endloop
  endfacet
  facet normal 0.206514 -0.84134 0.499499
    outer loop
      vertex 13.0363 -11.1749 -17.574
      vertex 12.8717 -10.6298 -16.5878
      vertex 12.1789 -11.417 -17.6273
    endloop
  endfacet
  facet normal 0.319194 0.595198 -0.737465
    outer loop
      vertex 12.421 -13.7981 -14.4628
      vertex 13.1307 -14.1787 -14.4628
      vertex 12.2145 -14.9752 -15.5022
    endloop
  endfacet
  facet normal 0.360352 0.581115 -0.729693
    outer loop
      vertex 12.421 -13.7981 -14.4628
      vertex 12.2145 -14.9752 -15.5022
      vertex 11.5301 -14.5508 -15.5022
    endloop
  endfacet
  facet normal 0.801932 -0.0252098 -0.596884
    outer loop
      vertex 11.1749 -13.0363 -15.5022
      vertex 11.9714 -12.3089 -14.4628
      vertex 11.1496 -13.8411 -15.5022
    endloop
  endfacet
  facet normal -0.840272 0.209733 0.499955
    outer loop
      vertex 15.0005 -13.0194 -17.574
      vertex 14.8629 -13.3826 -17.6529
      vertex 15.1321 -13.0502 -17.3399
    endloop
  endfacet
  facet normal -0.84032 0.209773 0.499857
    outer loop
      vertex 15.0005 -13.0194 -17.574
      vertex 14.5101 -13.7355 -18.0979
      vertex 14.8629 -13.3826 -17.6529
    endloop
  endfacet
  facet normal -0.840272 0.209638 0.499995
    outer loop
      vertex 14.5101 -13.7355 -18.0979
      vertex 15.0005 -13.0194 -17.574
      vertex 14.1534 -13.9355 -18.6135
    endloop
  endfacet
  facet normal -0.785509 0.0246936 0.618358
    outer loop
      vertex 15.0005 -13.0194 -17.574
      vertex 14.1787 -13.1307 -18.6135
      vertex 14.1534 -13.9355 -18.6135
    endloop
  endfacet
  facet normal 0.206403 -0.84106 0.500016
    outer loop
      vertex 12.3089 -11.9714 -18.6135
      vertex 13.0363 -11.1749 -17.574
      vertex 12.1789 -11.417 -17.6273
    endloop
  endfacet
  facet normal 0.829006 -0.51395 -0.220463
    outer loop
      vertex 11.2094 -11.9368 -16.4885
      vertex 11.9368 -11.2094 -15.449
      vertex 10.6298 -12.8717 -16.4885
    endloop
  endfacet
  facet normal -0.840253 0.211019 0.499446
    outer loop
      vertex 14.2736 -13.9719 -18.3959
      vertex 14.5101 -13.7355 -18.0979
      vertex 14.1534 -13.9355 -18.6135
    endloop
  endfacet
  facet normal -0.234233 0.83382 -0.49988
    outer loop
      vertex 14.6129 -13.6326 -13.9115
      vertex 13.9355 -14.1534 -14.4628
      vertex 14.7967 -13.2504 -13.3601
    endloop
  endfacet
  facet normal -0.234314 0.833843 -0.499802
    outer loop
      vertex 13.9355 -14.1534 -14.4628
      vertex 14.6129 -13.6326 -13.9115
      vertex 13.9719 -14.2736 -14.6804
    endloop
  endfacet
  facet normal 0.290064 0.633606 -0.717221
    outer loop
      vertex 13.2629 -12.991 -13.3601
      vertex 13.9951 -13.3262 -13.3601
      vertex 13.1307 -14.1787 -14.4628
    endloop
  endfacet
  facet normal -0.236959 0.83366 -0.498861
    outer loop
      vertex 14.7967 -13.2504 -13.3601
      vertex 14.8505 -13.395 -13.6273
      vertex 14.6129 -13.6326 -13.9115
    endloop
  endfacet
  facet normal 0.861968 -0.462147 -0.208402
    outer loop
      vertex 11.9368 -11.2094 -15.449
      vertex 12.6171 -10.4378 -14.3463
      vertex 11.417 -12.1789 -15.449
    endloop
  endfacet
  facet normal 0.862851 -0.395021 -0.315351
    outer loop
      vertex 12.6171 -10.4378 -14.3463
      vertex 12.1592 -11.438 -14.3463
      vertex 11.417 -12.1789 -15.449
    endloop
  endfacet
  facet normal -0.0251597 0.800338 -0.599021
    outer loop
      vertex 13.9951 -13.3262 -13.3601
      vertex 13.9355 -14.1534 -14.4628
      vertex 13.1307 -14.1787 -14.4628
    endloop
  endfacet
  facet normal -0.0756115 0.799607 -0.595745
    outer loop
      vertex 13.9951 -13.3262 -13.3601
      vertex 14.7967 -13.2504 -13.3601
      vertex 13.9355 -14.1534 -14.4628
    endloop
  endfacet
  facet normal 0.818366 0.0257265 -0.574121
    outer loop
      vertex 12.7206 -11.5329 -13.3601
      vertex 11.9967 -13.1137 -14.4628
      vertex 11.9714 -12.3089 -14.4628
    endloop
  endfacet
  facet normal 0.75009 -0.661335 2.2814e-17
    outer loop
      vertex 11.9368 -11.2094 -15.449
      vertex 12.6171 -10.4378 -15.4851
      vertex 12.6171 -10.4378 -14.3463
    endloop
  endfacet
  facet normal 0.75009 -0.661335 2.2814e-17
    outer loop
      vertex 12.6171 -10.4378 -15.4851
      vertex 11.9368 -11.2094 -15.449
      vertex 11.9368 -11.2094 -16.5878
    endloop
  endfacet
  facet normal 0.333208 0.621329 -0.709171
    outer loop
      vertex 13.2629 -12.991 -13.3601
      vertex 13.1307 -14.1787 -14.4628
      vertex 12.421 -13.7981 -14.4628
    endloop
  endfacet
  facet normal -0.856834 0.130406 0.498829
    outer loop
      vertex 15.1321 -13.0502 -17.3399
      vertex 15.3292 -12.8067 -17.065
      vertex 15.0005 -13.0194 -17.574
    endloop
  endfacet
  facet normal 0.224844 -0.836423 0.499841
    outer loop
      vertex 13.0363 -11.1749 -17.574
      vertex 13.7122 -10.3343 -16.4714
      vertex 12.8717 -10.6298 -16.5878
    endloop
  endfacet
  facet normal 0.781766 0.0739152 -0.619176
    outer loop
      vertex 12.7206 -11.5329 -13.3601
      vertex 12.7964 -12.3346 -13.3601
      vertex 11.9967 -13.1137 -14.4628
    endloop
  endfacet
  facet normal 0.604399 0.374703 -0.703064
    outer loop
      vertex 12.7964 -12.3346 -13.3601
      vertex 12.421 -13.7981 -14.4628
      vertex 11.9967 -13.1137 -14.4628
    endloop
  endfacet
  facet normal 0.563178 0.400247 -0.722934
    outer loop
      vertex 12.7964 -12.3346 -13.3601
      vertex 13.2629 -12.991 -13.3601
      vertex 12.421 -13.7981 -14.4628
    endloop
  endfacet
  facet normal -0.797205 -0.0752756 0.598997
    outer loop
      vertex 15.7883 -12.0518 -16.4714
      vertex 15.7126 -11.2501 -16.4714
      vertex 14.9752 -12.2145 -17.574
    endloop
  endfacet
  facet normal -0.295983 -0.646536 0.703125
    outer loop
      vertex 15.2461 -10.5937 -16.4714
      vertex 14.5139 -10.2585 -16.4714
      vertex 13.8411 -11.1496 -17.574
    endloop
  endfacet
  facet normal 0.858035 -0.118166 -0.499812
    outer loop
      vertex 12.1592 -11.438 -14.3463
      vertex 12.7206 -11.5329 -13.3601
      vertex 11.9714 -12.3089 -14.4628
    endloop
  endfacet
  facet normal 0.858804 -0.11852 -0.498406
    outer loop
      vertex 12.1592 -11.438 -14.3463
      vertex 11.9714 -12.3089 -14.4628
      vertex 11.417 -12.1789 -15.449
    endloop
  endfacet
  facet normal 0.500029 -0.806551 0.315353
    outer loop
      vertex 12.8717 -10.6298 -16.5878
      vertex 13.5138 -9.80058 -15.4851
      vertex 11.9368 -11.2094 -16.5878
    endloop
  endfacet
  facet normal 0.225318 -0.837184 0.498352
    outer loop
      vertex 13.7122 -10.3343 -16.4714
      vertex 13.5138 -9.80058 -15.4851
      vertex 12.8717 -10.6298 -16.5878
    endloop
  endfacet
  facet normal -0.856646 0.127989 0.499777
    outer loop
      vertex 15.7883 -12.0518 -16.4714
      vertex 15.3292 -12.8067 -17.065
      vertex 15.9222 -12.0744 -16.2361
    endloop
  endfacet
  facet normal -0.856676 0.128062 0.499706
    outer loop
      vertex 15.3292 -12.8067 -17.065
      vertex 15.7883 -12.0518 -16.4714
      vertex 15.0005 -13.0194 -17.574
    endloop
  endfacet
  facet normal -0.802788 -0.0252336 0.59573
    outer loop
      vertex 15.0005 -13.0194 -17.574
      vertex 15.7883 -12.0518 -16.4714
      vertex 14.9752 -12.2145 -17.574
    endloop
  endfacet
  facet normal -0.592198 -0.367225 0.717249
    outer loop
      vertex 14.9752 -12.2145 -17.574
      vertex 15.7126 -11.2501 -16.4714
      vertex 14.5508 -11.5301 -17.574
    endloop
  endfacet
  facet normal 0.566551 -0.797254 0.20834
    outer loop
      vertex 13.5138 -9.80058 -15.4851
      vertex 12.6171 -10.4378 -15.4851
      vertex 11.9368 -11.2094 -16.5878
    endloop
  endfacet
  facet normal 0.0246721 -0.784825 0.619226
    outer loop
      vertex 13.8411 -11.1496 -17.574
      vertex 14.5139 -10.2585 -16.4714
      vertex 13.0363 -11.1749 -17.574
    endloop
  endfacet
  facet normal 0.0770669 -0.815099 0.574173
    outer loop
      vertex 14.5139 -10.2585 -16.4714
      vertex 13.7122 -10.3343 -16.4714
      vertex 13.0363 -11.1749 -17.574
    endloop
  endfacet
  facet normal -0.326451 -0.608889 0.722969
    outer loop
      vertex 14.5508 -11.5301 -17.574
      vertex 15.2461 -10.5937 -16.4714
      vertex 13.8411 -11.1496 -17.574
    endloop
  endfacet
  facet normal -0.57465 -0.408401 0.709215
    outer loop
      vertex 15.7126 -11.2501 -16.4714
      vertex 15.2461 -10.5937 -16.4714
      vertex 14.5508 -11.5301 -17.574
    endloop
  endfacet
  facet normal 0.616811 -0.761735 0.198252
    outer loop
      vertex 14.1025 -8.93271 -14.3236
      vertex 13.2476 -9.62496 -14.3236
      vertex 12.6171 -10.4378 -15.4851
    endloop
  endfacet
  facet normal -0.0767554 0.811704 -0.579004
    outer loop
      vertex 14.8042 -12.4211 -12.1985
      vertex 14.7967 -13.2504 -13.3601
      vertex 13.9951 -13.3262 -13.3601
    endloop
  endfacet
  facet normal 0.790673 0.125251 -0.599289
    outer loop
      vertex 13.4197 -10.7114 -12.1985
      vertex 13.5457 -11.5068 -12.1985
      vertex 12.7964 -12.3346 -13.3601
    endloop
  endfacet
  facet normal -0.127844 0.807582 -0.575731
    outer loop
      vertex 14.8042 -12.4211 -12.1985
      vertex 15.5995 -12.2952 -12.1985
      vertex 14.7967 -13.2504 -13.3601
    endloop
  endfacet
  facet normal -0.562048 -0.455163 0.690601
    outer loop
      vertex 16.388 -10.2413 -15.3098
      vertex 15.8812 -9.61549 -15.3098
      vertex 15.2461 -10.5937 -16.4714
    endloop
  endfacet
  facet normal -0.260592 0.826276 -0.499359
    outer loop
      vertex 15.4549 -12.6515 -12.7126
      vertex 14.7967 -13.2504 -13.3601
      vertex 15.5995 -12.2952 -12.1985
    endloop
  endfacet
  facet normal -0.260273 0.826215 -0.499627
    outer loop
      vertex 14.8629 -13.3826 -13.6132
      vertex 14.7967 -13.2504 -13.3601
      vertex 15.4549 -12.6515 -12.7126
    endloop
  endfacet
  facet normal -0.25876 0.826757 -0.499515
    outer loop
      vertex 14.7967 -13.2504 -13.3601
      vertex 14.8629 -13.3826 -13.6132
      vertex 14.8505 -13.395 -13.6273
    endloop
  endfacet
  facet normal -0.295325 -0.645099 0.70472
    outer loop
      vertex 15.2461 -10.5937 -16.4714
      vertex 15.8812 -9.61549 -15.3098
      vertex 14.5139 -10.2585 -16.4714
    endloop
  endfacet
  facet normal -0.265077 0.825807 -0.497772
    outer loop
      vertex 15.5995 -12.2952 -12.1985
      vertex 15.6506 -12.4099 -12.416
      vertex 15.4549 -12.6515 -12.7126
    endloop
  endfacet
  facet normal 0.594323 0.422382 -0.684378
    outer loop
      vertex 13.5457 -11.5068 -12.1985
      vertex 13.2629 -12.991 -13.3601
      vertex 12.7964 -12.3346 -13.3601
    endloop
  endfacet
  facet normal 0.790157 -0.612905 -3.24846e-17
    outer loop
      vertex 12.6171 -10.4378 -14.3463
      vertex 13.2476 -9.62496 -14.3236
      vertex 13.2476 -9.62496 -13.1848
    endloop
  endfacet
  facet normal 0.790157 -0.612905 -3.24846e-17
    outer loop
      vertex 13.2476 -9.62496 -14.3236
      vertex 12.6171 -10.4378 -14.3463
      vertex 12.6171 -10.4378 -15.4851
    endloop
  endfacet
  facet normal -0.865811 0.0518468 0.497679
    outer loop
      vertex 15.9222 -12.0744 -16.2361
      vertex 16.168 -11.7709 -15.8401
      vertex 15.7883 -12.0518 -16.4714
    endloop
  endfacet
  facet normal -0.805324 -0.127487 0.578964
    outer loop
      vertex 16.5139 -11.0366 -15.3098
      vertex 16.388 -10.2413 -15.3098
      vertex 15.7126 -11.2501 -16.4714
    endloop
  endfacet
  facet normal 0.82871 0.0783538 -0.554166
    outer loop
      vertex 13.4197 -10.7114 -12.1985
      vertex 12.7964 -12.3346 -13.3601
      vertex 12.7206 -11.5329 -13.3601
    endloop
  endfacet
  facet normal 0.301056 0.657617 -0.690584
    outer loop
      vertex 14.0524 -12.1326 -12.1985
      vertex 13.9951 -13.3262 -13.3601
      vertex 13.2629 -12.991 -13.3601
    endloop
  endfacet
  facet normal 0.551411 0.446468 -0.704707
    outer loop
      vertex 13.5457 -11.5068 -12.1985
      vertex 14.0524 -12.1326 -12.1985
      vertex 13.2629 -12.991 -13.3601
    endloop
  endfacet
  facet normal 0.256265 0.667799 -0.698837
    outer loop
      vertex 14.0524 -12.1326 -12.1985
      vertex 14.8042 -12.4211 -12.1985
      vertex 13.9951 -13.3262 -13.3601
    endloop
  endfacet
  facet normal 0.246541 -0.832113 0.496795
    outer loop
      vertex 14.3341 -9.45288 -15.3098
      vertex 14.1025 -8.93271 -14.3236
      vertex 13.5138 -9.80058 -15.4851
    endloop
  endfacet
  facet normal 0.890337 -0.341764 -0.300828
    outer loop
      vertex 13.2476 -9.62496 -13.1848
      vertex 12.8534 -10.6519 -13.1848
      vertex 12.1592 -11.438 -14.3463
    endloop
  endfacet
  facet normal 0.552424 -0.777375 0.300859
    outer loop
      vertex 13.5138 -9.80058 -15.4851
      vertex 14.1025 -8.93271 -14.3236
      vertex 12.6171 -10.4378 -15.4851
    endloop
  endfacet
  facet normal -0.583029 -0.414356 0.698846
    outer loop
      vertex 15.7126 -11.2501 -16.4714
      vertex 16.388 -10.2413 -15.3098
      vertex 15.2461 -10.5937 -16.4714
    endloop
  endfacet
  facet normal 0.865981 -0.0312258 -0.499101
    outer loop
      vertex 12.8534 -10.6519 -13.1848
      vertex 13.4197 -10.7114 -12.1985
      vertex 12.7206 -11.5329 -13.3601
    endloop
  endfacet
  facet normal 0.891199 -0.407998 -0.198247
    outer loop
      vertex 12.6171 -10.4378 -14.3463
      vertex 13.2476 -9.62496 -13.1848
      vertex 12.1592 -11.438 -14.3463
    endloop
  endfacet
  facet normal 0.130226 -0.822172 0.554142
    outer loop
      vertex 15.1294 -9.32691 -15.3098
      vertex 14.3341 -9.45288 -15.3098
      vertex 13.7122 -10.3343 -16.4714
    endloop
  endfacet
  facet normal 0.245586 -0.831019 0.499094
    outer loop
      vertex 13.7122 -10.3343 -16.4714
      vertex 14.3341 -9.45288 -15.3098
      vertex 13.5138 -9.80058 -15.4851
    endloop
  endfacet
  facet normal -0.814053 -0.0768664 0.575682
    outer loop
      vertex 15.7883 -12.0518 -16.4714
      vertex 16.5139 -11.0366 -15.3098
      vertex 15.7126 -11.2501 -16.4714
    endloop
  endfacet
  facet normal -0.864924 0.0465464 0.49974
    outer loop
      vertex 16.5139 -11.0366 -15.3098
      vertex 16.1803 -11.7557 -15.8202
      vertex 16.6388 -11.0498 -15.0924
    endloop
  endfacet
  facet normal -0.865533 0.0476518 0.49858
    outer loop
      vertex 16.5139 -11.0366 -15.3098
      vertex 16.168 -11.7709 -15.8401
      vertex 16.1803 -11.7557 -15.8202
    endloop
  endfacet
  facet normal -0.86506 0.0467771 0.499483
    outer loop
      vertex 16.168 -11.7709 -15.8401
      vertex 16.5139 -11.0366 -15.3098
      vertex 15.7883 -12.0518 -16.4714
    endloop
  endfacet
  facet normal 0.0753558 -0.797002 0.599257
    outer loop
      vertex 14.5139 -10.2585 -16.4714
      vertex 15.1294 -9.32691 -15.3098
      vertex 13.7122 -10.3343 -16.4714
    endloop
  endfacet
  facet normal -0.261291 -0.680708 0.684371
    outer loop
      vertex 15.8812 -9.61549 -15.3098
      vertex 15.1294 -9.32691 -15.3098
      vertex 14.5139 -10.2585 -16.4714
    endloop
  endfacet
  facet normal 0.867291 -0.0318853 -0.496779
    outer loop
      vertex 12.8534 -10.6519 -13.1848
      vertex 12.7206 -11.5329 -13.3601
      vertex 12.1592 -11.438 -14.3463
    endloop
  endfacet
  facet normal 0.867386 0.0525647 -0.494852
    outer loop
      vertex 13.4969 -9.82381 -11.9689
      vertex 13.4197 -10.7114 -12.1985
      vertex 12.8534 -10.6519 -13.1848
    endloop
  endfacet
  facet normal -0.289563 0.817434 -0.497951
    outer loop
      vertex 15.5995 -12.2952 -12.1985
      vertex 16.191 -11.7393 -11.6299
      vertex 16.1803 -11.7557 -11.6506
    endloop
  endfacet
  facet normal -0.288589 0.817263 -0.498797
    outer loop
      vertex 16.191 -11.7393 -11.6299
      vertex 15.5995 -12.2952 -12.1985
      vertex 16.3408 -11.2914 -10.9827
    endloop
  endfacet
  facet normal -0.288607 0.817259 -0.498793
    outer loop
      vertex 15.5995 -12.2952 -12.1985
      vertex 16.1803 -11.7557 -11.6506
      vertex 15.6506 -12.4099 -12.416
    endloop
  endfacet
  facet normal 0.270447 -0.825826 0.494843
    outer loop
      vertex 14.8993 -8.53419 -14.094
      vertex 14.6355 -8.02958 -13.1077
      vertex 14.1025 -8.93271 -14.3236
    endloop
  endfacet
  facet normal -0.568086 -0.460053 0.682371
    outer loop
      vertex 16.388 -10.2413 -15.3098
      vertex 16.9987 -9.19208 -14.094
      vertex 15.8812 -9.61549 -15.3098
    endloop
  endfacet
  facet normal 0.602531 -0.7441 0.288569
    outer loop
      vertex 14.1025 -8.93271 -14.3236
      vertex 14.6355 -8.02958 -13.1077
      vertex 13.2476 -9.62496 -14.3236
    endloop
  endfacet
  facet normal 0.578601 0.468484 -0.667641
    outer loop
      vertex 14.2415 -10.6335 -10.9827
      vertex 14.0524 -12.1326 -12.1985
      vertex 13.5457 -11.5068 -12.1985
    endloop
  endfacet
  facet normal 0.664587 -0.722731 0.189694
    outer loop
      vertex 14.6355 -8.02958 -13.1077
      vertex 13.8258 -8.77414 -13.1077
      vertex 13.2476 -9.62496 -14.3236
    endloop
  endfacet
  facet normal 0.184058 -0.823472 0.536672
    outer loop
      vertex 15.6852 -8.35853 -14.094
      vertex 14.8993 -8.53419 -14.094
      vertex 14.3341 -9.45288 -15.3098
    endloop
  endfacet
  facet normal -0.222633 -0.710427 0.667629
    outer loop
      vertex 16.4536 -8.59933 -14.094
      vertex 15.6852 -8.35853 -14.094
      vertex 15.1294 -9.32691 -15.3098
    endloop
  endfacet
  facet normal 0.865526 0.0535391 -0.497994
    outer loop
      vertex 13.4969 -9.82381 -11.9689
      vertex 14.0658 -9.84765 -10.9827
      vertex 13.4197 -10.7114 -12.1985
    endloop
  endfacet
  facet normal 0.533982 0.490925 -0.688371
    outer loop
      vertex 14.2415 -10.6335 -10.9827
      vertex 14.7865 -11.2263 -10.9827
      vertex 14.0524 -12.1326 -12.1985
    endloop
  endfacet
  facet normal 0.916634 -0.351858 -0.189678
    outer loop
      vertex 13.2476 -9.62496 -13.1848
      vertex 13.8258 -8.77414 -11.9689
      vertex 12.8534 -10.6519 -13.1848
    endloop
  endfacet
  facet normal 0.913658 -0.286282 -0.288569
    outer loop
      vertex 13.8258 -8.77414 -11.9689
      vertex 13.4969 -9.82381 -11.9689
      vertex 12.8534 -10.6519 -13.1848
    endloop
  endfacet
  facet normal 0.793771 0.177471 -0.581749
    outer loop
      vertex 14.0658 -9.84765 -10.9827
      vertex 14.2415 -10.6335 -10.9827
      vertex 13.5457 -11.5068 -12.1985
    endloop
  endfacet
  facet normal 0.833397 0.132019 -0.536675
    outer loop
      vertex 14.0658 -9.84765 -10.9827
      vertex 13.5457 -11.5068 -12.1985
      vertex 13.4197 -10.7114 -12.1985
    endloop
  endfacet
  facet normal -0.29478 0.816322 -0.496713
    outer loop
      vertex 16.3408 -11.2914 -10.9827
      vertex 16.4037 -11.4118 -11.2179
      vertex 16.191 -11.7393 -11.6299
    endloop
  endfacet
  facet normal 0.26468 0.689727 -0.67396
    outer loop
      vertex 14.7865 -11.2263 -10.9827
      vertex 14.8042 -12.4211 -12.1985
      vertex 14.0524 -12.1326 -12.1985
    endloop
  endfacet
  facet normal -0.18103 0.80974 -0.558167
    outer loop
      vertex 16.3408 -11.2914 -10.9827
      vertex 15.5995 -12.2952 -12.1985
      vertex 15.5549 -11.4671 -10.9827
    endloop
  endfacet
  facet normal 0.127249 -0.803377 0.581715
    outer loop
      vertex 15.1294 -9.32691 -15.3098
      vertex 15.6852 -8.35853 -14.094
      vertex 14.3341 -9.45288 -15.3098
    endloop
  endfacet
  facet normal 0.218606 0.697578 -0.682346
    outer loop
      vertex 15.5549 -11.4671 -10.9827
      vertex 14.8042 -12.4211 -12.1985
      vertex 14.7865 -11.2263 -10.9827
    endloop
  endfacet
  facet normal -0.129388 0.817335 -0.561446
    outer loop
      vertex 15.5549 -11.4671 -10.9827
      vertex 15.5995 -12.2952 -12.1985
      vertex 14.8042 -12.4211 -12.1985
    endloop
  endfacet
  facet normal -0.867477 -0.0264486 0.496774
    outer loop
      vertex 16.6388 -11.0498 -15.0924
      vertex 16.8082 -10.7889 -14.7827
      vertex 16.5139 -11.0366 -15.3098
    endloop
  endfacet
  facet normal -0.807622 -0.180463 0.561408
    outer loop
      vertex 17.1743 -9.97794 -14.094
      vertex 16.9987 -9.19208 -14.094
      vertex 16.388 -10.2413 -15.3098
    endloop
  endfacet
  facet normal -0.259939 -0.677186 0.688368
    outer loop
      vertex 15.8812 -9.61549 -15.3098
      vertex 16.4536 -8.59933 -14.094
      vertex 15.1294 -9.32691 -15.3098
    endloop
  endfacet
  facet normal -0.543782 -0.500068 0.673968
    outer loop
      vertex 16.9987 -9.19208 -14.094
      vertex 16.4536 -8.59933 -14.094
      vertex 15.8812 -9.61549 -15.3098
    endloop
  endfacet
  facet normal 0.827088 -0.562072 -8.56088e-19
    outer loop
      vertex 13.2476 -9.62496 -13.1848
      vertex 13.8258 -8.77414 -13.1077
      vertex 13.8258 -8.77414 -11.9689
    endloop
  endfacet
  facet normal 0.827088 -0.562072 -8.56088e-19
    outer loop
      vertex 13.8258 -8.77414 -13.1077
      vertex 13.2476 -9.62496 -13.1848
      vertex 13.2476 -9.62496 -14.3236
    endloop
  endfacet
  facet normal -0.819546 -0.129738 0.558132
    outer loop
      vertex 16.5139 -11.0366 -15.3098
      vertex 17.1743 -9.97794 -14.094
      vertex 16.388 -10.2413 -15.3098
    endloop
  endfacet
  facet normal -0.866055 -0.0293619 0.499087
    outer loop
      vertex 17.1743 -9.97794 -14.094
      vertex 17.3205 -10 -13.8416
      vertex 17.3285 -9.9844 -13.8268
    endloop
  endfacet
  facet normal -0.86609 -0.0326314 0.498821
    outer loop
      vertex 17.1743 -9.97794 -14.094
      vertex 16.8082 -10.7889 -14.7827
      vertex 17.3205 -10 -13.8416
    endloop
  endfacet
  facet normal -0.866026 -0.0327478 0.498925
    outer loop
      vertex 16.8082 -10.7889 -14.7827
      vertex 17.1743 -9.97794 -14.094
      vertex 16.5139 -11.0366 -15.3098
    endloop
  endfacet
  facet normal 0.268852 -0.824452 0.497994
    outer loop
      vertex 14.3341 -9.45288 -15.3098
      vertex 14.8993 -8.53419 -14.094
      vertex 14.1025 -8.93271 -14.3236
    endloop
  endfacet
  facet normal 0.238052 -0.819396 0.52146
    outer loop
      vertex 16.1791 -7.35715 -12.8287
      vertex 15.4058 -7.58181 -12.8287
      vertex 14.8993 -8.53419 -14.094
    endloop
  endfacet
  facet normal 0.177478 0.722946 -0.66772
    outer loop
      vertex 16.2443 -10.4677 -9.7174
      vertex 15.5549 -11.4671 -10.9827
      vertex 15.4622 -10.2757 -9.7174
    endloop
  endfacet
  facet normal -0.819609 -0.183141 0.542864
    outer loop
      vertex 17.1743 -9.97794 -14.094
      vertex 17.767 -8.87986 -12.8287
      vertex 16.9987 -9.19208 -14.094
    endloop
  endfacet
  facet normal 0.932813 -0.229132 -0.278133
    outer loop
      vertex 14.3495 -7.8887 -10.7036
      vertex 14.0871 -8.95695 -10.7036
      vertex 13.4969 -9.82381 -11.9689
    endloop
  endfacet
  facet normal 0.70967 -0.680494 0.182473
    outer loop
      vertex 15.1108 -7.09476 -11.8424
      vertex 14.3495 -7.8887 -11.8424
      vertex 13.8258 -8.77414 -13.1077
    endloop
  endfacet
  facet normal 0.791485 0.229888 -0.566307
    outer loop
      vertex 14.6564 -8.94502 -9.7174
      vertex 14.881 -9.7183 -9.7174
      vertex 14.2415 -10.6335 -10.9827
    endloop
  endfacet
  facet normal 0.857408 0.135101 -0.496587
    outer loop
      vertex 14.0871 -8.95695 -10.7036
      vertex 14.6564 -8.94502 -9.7174
      vertex 14.0658 -9.84765 -10.9827
    endloop
  endfacet
  facet normal 0.179774 -0.804306 0.566368
    outer loop
      vertex 15.6852 -8.35853 -14.094
      vertex 16.1791 -7.35715 -12.8287
      vertex 14.8993 -8.53419 -14.094
    endloop
  endfacet
  facet normal 0.557706 0.512736 -0.652737
    outer loop
      vertex 14.881 -9.7183 -9.7174
      vertex 14.7865 -11.2263 -10.9827
      vertex 14.2415 -10.6335 -10.9827
    endloop
  endfacet
  facet normal 0.511462 0.533301 -0.673793
    outer loop
      vertex 14.881 -9.7183 -9.7174
      vertex 15.4622 -10.2757 -9.7174
      vertex 14.7865 -11.2263 -10.9827
    endloop
  endfacet
  facet normal 0.650167 -0.707049 0.278147
    outer loop
      vertex 14.6355 -8.02958 -13.1077
      vertex 15.1108 -7.09476 -11.8424
      vertex 13.8258 -8.77414 -13.1077
    endloop
  endfacet
  facet normal -0.180704 -0.735687 0.652772
    outer loop
      vertex 16.9611 -7.54923 -12.8287
      vertex 16.1791 -7.35715 -12.8287
      vertex 15.6852 -8.35853 -14.094
    endloop
  endfacet
  facet normal -0.86043 -0.109179 0.497736
    outer loop
      vertex 17.767 -8.87986 -12.8287
      vertex 17.481 -9.68494 -13.4997
      vertex 17.8926 -8.87723 -12.611
    endloop
  endfacet
  facet normal -0.860315 -0.109352 0.497895
    outer loop
      vertex 17.481 -9.68494 -13.4997
      vertex 17.767 -8.87986 -12.8287
      vertex 17.1743 -9.97794 -14.094
    endloop
  endfacet
  facet normal -0.804425 -0.23375 0.546133
    outer loop
      vertex 17.767 -8.87986 -12.8287
      vertex 17.5423 -8.10658 -12.8287
      vertex 16.9987 -9.19208 -14.094
    endloop
  endfacet
  facet normal -0.220963 -0.705099 0.673803
    outer loop
      vertex 16.4536 -8.59933 -14.094
      vertex 16.9611 -7.54923 -12.8287
      vertex 15.6852 -8.35853 -14.094
    endloop
  endfacet
  facet normal -0.326845 0.804916 -0.49526
    outer loop
      vertex 17.0175 -10.2431 -9.7174
      vertex 17.0876 -10.3587 -9.95154
      vertex 16.9169 -10.6215 -10.266
    endloop
  endfacet
  facet normal 0.224871 0.71757 -0.659186
    outer loop
      vertex 15.4622 -10.2757 -9.7174
      vertex 15.5549 -11.4671 -10.9827
      vertex 14.7865 -11.2263 -10.9827
    endloop
  endfacet
  facet normal -0.234266 0.806477 -0.542876
    outer loop
      vertex 17.0175 -10.2431 -9.7174
      vertex 16.3408 -11.2914 -10.9827
      vertex 16.2443 -10.4677 -9.7174
    endloop
  endfacet
  facet normal -0.182768 0.817516 -0.546135
    outer loop
      vertex 16.2443 -10.4677 -9.7174
      vertex 16.3408 -11.2914 -10.9827
      vertex 15.5549 -11.4671 -10.9827
    endloop
  endfacet
  facet normal 0.294745 -0.816439 0.49654
    outer loop
      vertex 14.8993 -8.53419 -14.094
      vertex 15.4058 -7.58181 -12.8287
      vertex 14.6355 -8.02958 -13.1077
    endloop
  endfacet
  facet normal 0.29699 -0.81793 0.492735
    outer loop
      vertex 15.4058 -7.58181 -12.8287
      vertex 15.1108 -7.09476 -11.8424
      vertex 14.6355 -8.02958 -13.1077
    endloop
  endfacet
  facet normal 0.859812 0.133843 -0.492756
    outer loop
      vertex 14.0871 -8.95695 -10.7036
      vertex 14.0658 -9.84765 -10.9827
      vertex 13.4969 -9.82381 -11.9689
    endloop
  endfacet
  facet normal 0.8327 0.186175 -0.521488
    outer loop
      vertex 14.6564 -8.94502 -9.7174
      vertex 14.2415 -10.6335 -10.9827
      vertex 14.0658 -9.84765 -10.9827
    endloop
  endfacet
  facet normal -0.31844 0.806611 -0.49797
    outer loop
      vertex 16.9169 -10.6215 -10.266
      vertex 16.3408 -11.2914 -10.9827
      vertex 17.0175 -10.2431 -9.7174
    endloop
  endfacet
  facet normal -0.318346 0.806605 -0.498041
    outer loop
      vertex 16.3408 -11.2914 -10.9827
      vertex 16.9169 -10.6215 -10.266
      vertex 16.4037 -11.4118 -11.2179
    endloop
  endfacet
  facet normal -0.520473 -0.542745 0.659193
    outer loop
      vertex 17.5423 -8.10658 -12.8287
      vertex 16.9611 -7.54923 -12.8287
      vertex 16.4536 -8.59933 -14.094
    endloop
  endfacet
  facet normal -0.54795 -0.503902 0.667708
    outer loop
      vertex 16.9987 -9.19208 -14.094
      vertex 17.5423 -8.10658 -12.8287
      vertex 16.4536 -8.59933 -14.094
    endloop
  endfacet
  facet normal -0.862685 -0.101793 0.495391
    outer loop
      vertex 17.3285 -9.9844 -13.8268
      vertex 17.481 -9.68494 -13.4997
      vertex 17.1743 -9.97794 -14.094
    endloop
  endfacet
  facet normal 0.86072 -0.509079 -1.59645e-18
    outer loop
      vertex 13.8258 -8.77414 -11.9689
      vertex 14.3495 -7.8887 -11.8424
      vertex 14.3495 -7.8887 -10.7036
    endloop
  endfacet
  facet normal 0.86072 -0.509079 -1.59645e-18
    outer loop
      vertex 14.3495 -7.8887 -11.8424
      vertex 13.8258 -8.77414 -11.9689
      vertex 13.8258 -8.77414 -13.1077
    endloop
  endfacet
  facet normal 0.938209 -0.293975 -0.182599
    outer loop
      vertex 13.8258 -8.77414 -11.9689
      vertex 14.3495 -7.8887 -10.7036
      vertex 13.4969 -9.82381 -11.9689
    endloop
  endfacet
  facet normal 0.783847 0.282232 -0.553109
    outer loop
      vertex 15.1891 -8.00709 -8.4076
      vertex 15.4619 -8.76474 -8.4076
      vertex 14.881 -9.7183 -9.7174
    endloop
  endfacet
  facet normal -0.350409 0.793928 -0.496882
    outer loop
      vertex 17.0175 -10.2431 -9.7174
      vertex 17.547 -9.5554 -8.99199
      vertex 17.3205 -10 -9.54265
    endloop
  endfacet
  facet normal -0.350443 0.793929 -0.496857
    outer loop
      vertex 17.547 -9.5554 -8.99199
      vertex 17.0175 -10.2431 -9.7174
      vertex 17.6271 -9.15432 -8.4076
    endloop
  endfacet
  facet normal -0.350404 0.793927 -0.496888
    outer loop
      vertex 17.0175 -10.2431 -9.7174
      vertex 17.3205 -10 -9.54265
      vertex 17.0876 -10.3587 -9.95154
    endloop
  endfacet
  facet normal -0.136093 -0.756432 0.639758
    outer loop
      vertex 17.4017 -6.46934 -11.5189
      vertex 16.6091 -6.32674 -11.5189
      vertex 16.1791 -7.35715 -12.8287
    endloop
  endfacet
  facet normal -0.852128 -0.173539 0.493724
    outer loop
      vertex 17.8926 -8.87723 -12.611
      vertex 18.0444 -8.57934 -12.2443
      vertex 17.767 -8.87986 -12.8287
    endloop
  endfacet
  facet normal -0.523094 -0.545478 0.654849
    outer loop
      vertex 17.5423 -8.10658 -12.8287
      vertex 18.0167 -6.98909 -11.5189
      vertex 16.9611 -7.54923 -12.8287
    endloop
  endfacet
  facet normal -0.178992 -0.728714 0.661013
    outer loop
      vertex 16.9611 -7.54923 -12.8287
      vertex 17.4017 -6.46934 -11.5189
      vertex 16.1791 -7.35715 -12.8287
    endloop
  endfacet
  facet normal -0.81451 -0.236681 0.529675
    outer loop
      vertex 17.767 -8.87986 -12.8287
      vertex 18.2895 -7.74674 -11.5189
      vertex 17.5423 -8.10658 -12.8287
    endloop
  endfacet
  facet normal 0.826981 0.240198 -0.508338
    outer loop
      vertex 15.1891 -8.00709 -8.4076
      vertex 14.881 -9.7183 -9.7174
      vertex 14.6564 -8.94502 -9.7174
    endloop
  endfacet
  facet normal 0.531984 0.554699 -0.639768
    outer loop
      vertex 15.4619 -8.76474 -8.4076
      vertex 15.4622 -10.2757 -9.7174
      vertex 14.881 -9.7183 -9.7174
    endloop
  endfacet
  facet normal -0.23604 0.812585 -0.532908
    outer loop
      vertex 16.8695 -9.4271 -8.4076
      vertex 17.0175 -10.2431 -9.7174
      vertex 16.2443 -10.4677 -9.7174
    endloop
  endfacet
  facet normal 0.23243 -0.800046 0.553085
    outer loop
      vertex 16.1791 -7.35715 -12.8287
      vertex 16.6091 -6.32674 -11.5189
      vertex 15.4058 -7.58181 -12.8287
    endloop
  endfacet
  facet normal -0.492586 -0.582858 0.646248
    outer loop
      vertex 18.0167 -6.98909 -11.5189
      vertex 17.4017 -6.46934 -11.5189
      vertex 16.9611 -7.54923 -12.8287
    endloop
  endfacet
  facet normal -0.848364 -0.183012 0.496774
    outer loop
      vertex 18.2895 -7.74674 -11.5189
      vertex 18.2709 -8.13473 -11.6936
      vertex 18.4242 -7.73543 -11.2847
    endloop
  endfacet
  facet normal -0.848434 -0.182963 0.496673
    outer loop
      vertex 18.2895 -7.74674 -11.5189
      vertex 18.0444 -8.57934 -12.2443
      vertex 18.2709 -8.13473 -11.6936
    endloop
  endfacet
  facet normal -0.848289 -0.183159 0.496849
    outer loop
      vertex 18.0444 -8.57934 -12.2443
      vertex 18.2895 -7.74674 -11.5189
      vertex 17.767 -8.87986 -12.8287
    endloop
  endfacet
  facet normal 0.133826 0.743832 -0.654832
    outer loop
      vertex 16.8695 -9.4271 -8.4076
      vertex 16.2443 -10.4677 -9.7174
      vertex 16.0769 -9.2845 -8.4076
    endloop
  endfacet
  facet normal -0.287347 0.798058 -0.529655
    outer loop
      vertex 17.6271 -9.15432 -8.4076
      vertex 17.0175 -10.2431 -9.7174
      vertex 16.8695 -9.4271 -8.4076
    endloop
  endfacet
  facet normal 0.947811 -0.170543 -0.269386
    outer loop
      vertex 14.8165 -6.97212 -9.39383
      vertex 14.6217 -8.05474 -9.39383
      vertex 14.0871 -8.95695 -10.7036
    endloop
  endfacet
  facet normal 0.181942 0.741128 -0.64624
    outer loop
      vertex 16.0769 -9.2845 -8.4076
      vertex 16.2443 -10.4677 -9.7174
      vertex 15.4622 -10.2757 -9.7174
    endloop
  endfacet
  facet normal 0.484357 0.57311 -0.661017
    outer loop
      vertex 16.0769 -9.2845 -8.4076
      vertex 15.4622 -10.2757 -9.7174
      vertex 15.4619 -8.76474 -8.4076
    endloop
  endfacet
  facet normal 0.751803 -0.635317 0.176536
    outer loop
      vertex 15.5265 -6.13194 -10.5326
      vertex 14.8165 -6.97212 -10.5326
      vertex 14.3495 -7.8887 -11.8424
    endloop
  endfacet
  facet normal -0.796131 -0.286655 0.53292
    outer loop
      vertex 18.2895 -7.74674 -11.5189
      vertex 18.0167 -6.98909 -11.5189
      vertex 17.5423 -8.10658 -12.8287
    endloop
  endfacet
  facet normal -0.360039 0.791494 -0.493871
    outer loop
      vertex 17.6271 -9.15432 -8.4076
      vertex 17.6988 -9.2575 -8.62523
      vertex 17.547 -9.5554 -8.99199
    endloop
  endfacet
  facet normal 0.845403 0.21125 -0.490578
    outer loop
      vertex 14.6217 -8.05474 -9.39383
      vertex 14.6564 -8.94502 -9.7174
      vertex 14.0871 -8.95695 -10.7036
    endloop
  endfacet
  facet normal 0.842468 0.212731 -0.494968
    outer loop
      vertex 15.1891 -8.00709 -8.4076
      vertex 14.6564 -8.94502 -9.7174
      vertex 14.6217 -8.05474 -9.39383
    endloop
  endfacet
  facet normal 0.955884 -0.234799 -0.176509
    outer loop
      vertex 14.3495 -7.8887 -10.7036
      vertex 14.8165 -6.97212 -9.39383
      vertex 14.0871 -8.95695 -10.7036
    endloop
  endfacet
  facet normal 0.323137 -0.806596 0.494959
    outer loop
      vertex 15.4058 -7.58181 -12.8287
      vertex 15.8515 -6.59951 -11.5189
      vertex 15.1108 -7.09476 -11.8424
    endloop
  endfacet
  facet normal 0.695112 -0.666535 0.26935
    outer loop
      vertex 15.1108 -7.09476 -11.8424
      vertex 15.5265 -6.13194 -10.5326
      vertex 14.3495 -7.8887 -11.8424
    endloop
  endfacet
  facet normal 0.326077 -0.808109 0.490543
    outer loop
      vertex 15.8515 -6.59951 -11.5189
      vertex 15.5265 -6.13194 -10.5326
      vertex 15.1108 -7.09476 -11.8424
    endloop
  endfacet
  facet normal 0.891015 -0.453974 1.82329e-17
    outer loop
      vertex 14.3495 -7.8887 -10.7036
      vertex 14.8165 -6.97212 -10.5326
      vertex 14.8165 -6.97212 -9.39383
    endloop
  endfacet
  facet normal 0.891015 -0.453974 1.82324e-17
    outer loop
      vertex 14.8165 -6.97212 -10.5326
      vertex 14.3495 -7.8887 -10.7036
      vertex 14.3495 -7.8887 -11.8424
    endloop
  endfacet
  facet normal 0.291717 -0.810223 0.508371
    outer loop
      vertex 16.6091 -6.32674 -11.5189
      vertex 15.8515 -6.59951 -11.5189
      vertex 15.4058 -7.58181 -12.8287
    endloop
  endfacet
  facet normal 0.825044 0.2842 -0.488397
    outer loop
      vertex 15.0986 -7.12074 -8.04471
      vertex 15.1891 -8.00709 -8.4076
      vertex 14.6217 -8.05474 -9.39383
    endloop
  endfacet
  facet normal 0.737101 -0.622892 0.262084
    outer loop
      vertex 15.5265 -6.13194 -10.5326
      vertex 15.8809 -5.14493 -9.18352
      vertex 14.8165 -6.97212 -10.5326
    endloop
  endfacet
  facet normal -0.83045 -0.253644 0.496002
    outer loop
      vertex 18.7398 -6.58305 -10.1697
      vertex 18.5365 -7.44292 -10.9498
      vertex 18.8742 -6.56321 -9.93453
    endloop
  endfacet
  facet normal -0.830638 -0.253418 0.495802
    outer loop
      vertex 18.5365 -7.44292 -10.9498
      vertex 18.7398 -6.58305 -10.1697
      vertex 18.2895 -7.74674 -11.5189
    endloop
  endfacet
  facet normal 0.771425 0.333819 -0.541726
    outer loop
      vertex 15.6568 -7.08164 -7.09291
      vertex 15.9817 -7.77658 -7.05848
      vertex 15.4619 -8.76474 -8.4076
    endloop
  endfacet
  facet normal -0.394638 0.775634 -0.492598
    outer loop
      vertex 18.1671 -8.02944 -7.05848
      vertex 18.263 -8.15033 -7.32566
      vertex 18.1104 -8.44979 -7.67493
    endloop
  endfacet
  facet normal -0.460558 -0.620172 0.635037
    outer loop
      vertex 18.42 -5.84402 -10.1697
      vertex 17.7735 -5.36391 -10.1697
      vertex 17.4017 -6.46934 -11.5189
    endloop
  endfacet
  facet normal 0.353987 -0.794563 0.493318
    outer loop
      vertex 15.8515 -6.59951 -11.5189
      vertex 16.2346 -5.59116 -10.1697
      vertex 15.5265 -6.13194 -10.5326
    endloop
  endfacet
  facet normal 0.821506 0.285871 -0.493361
    outer loop
      vertex 15.5253 -7.1017 -7.32317
      vertex 15.1891 -8.00709 -8.4076
      vertex 15.0986 -7.12074 -8.04471
    endloop
  endfacet
  facet normal 0.821571 0.285781 -0.493306
    outer loop
      vertex 15.1891 -8.00709 -8.4076
      vertex 15.5253 -7.1017 -7.32317
      vertex 15.6404 -7.08168 -7.11988
    endloop
  endfacet
  facet normal -0.835769 -0.242917 0.492423
    outer loop
      vertex 18.4242 -7.73543 -11.2847
      vertex 18.5365 -7.44292 -10.9498
      vertex 18.2895 -7.74674 -11.5189
    endloop
  endfacet
  facet normal 0.284747 -0.790867 0.541709
    outer loop
      vertex 16.6091 -6.32674 -11.5189
      vertex 16.9736 -5.27136 -10.1697
      vertex 15.8515 -6.59951 -11.5189
    endloop
  endfacet
  facet normal 0.790946 -0.587365 0.171484
    outer loop
      vertex 15.8809 -5.14493 -9.18352
      vertex 15.2251 -6.02803 -9.18352
      vertex 14.8165 -6.97212 -10.5326
    endloop
  endfacet
  facet normal 0.958654 -0.110981 -0.262042
    outer loop
      vertex 15.2251 -6.02803 -8.04471
      vertex 15.0986 -7.12074 -8.04471
      vertex 14.6217 -8.05474 -9.39383
    endloop
  endfacet
  facet normal 0.969601 -0.174464 -0.17157
    outer loop
      vertex 14.8165 -6.97212 -9.39383
      vertex 15.2251 -6.02803 -8.04471
      vertex 14.6217 -8.05474 -9.39383
    endloop
  endfacet
  facet normal 0.136779 0.760247 -0.635072
    outer loop
      vertex 16.6282 -8.2567 -7.05848
      vertex 16.8695 -9.4271 -8.4076
      vertex 16.0769 -9.2845 -8.4076
    endloop
  endfacet
  facet normal 0.502048 0.594043 -0.628539
    outer loop
      vertex 15.9817 -7.77658 -7.05848
      vertex 16.0769 -9.2845 -8.4076
      vertex 15.4619 -8.76474 -8.4076
    endloop
  endfacet
  facet normal 0.453103 0.61012 -0.649962
    outer loop
      vertex 16.6282 -8.2567 -7.05848
      vertex 16.0769 -9.2845 -8.4076
      vertex 15.9817 -7.77658 -7.05848
    endloop
  endfacet
  facet normal -0.804577 -0.289696 0.518394
    outer loop
      vertex 18.2895 -7.74674 -11.5189
      vertex 18.7398 -6.58305 -10.1697
      vertex 18.0167 -6.98909 -11.5189
    endloop
  endfacet
  facet normal -0.134573 -0.747987 0.649927
    outer loop
      vertex 17.4017 -6.46934 -11.5189
      vertex 17.7735 -5.36391 -10.1697
      vertex 16.6091 -6.32674 -11.5189
    endloop
  endfacet
  facet normal 0.344574 -0.796248 0.49725
    outer loop
      vertex 16.9736 -5.27136 -10.1697
      vertex 16.2346 -5.59116 -10.1697
      vertex 15.8515 -6.59951 -11.5189
    endloop
  endfacet
  facet normal 0.357582 -0.79598 0.488417
    outer loop
      vertex 16.2346 -5.59116 -10.1697
      vertex 15.8809 -5.14493 -9.18352
      vertex 15.5265 -6.13194 -10.5326
    endloop
  endfacet
  facet normal -0.0893953 -0.772634 0.628526
    outer loop
      vertex 17.7735 -5.36391 -10.1697
      vertex 16.9736 -5.27136 -10.1697
      vertex 16.6091 -6.32674 -11.5189
    endloop
  endfacet
  facet normal 0.917735 -0.397194 1.99439e-17
    outer loop
      vertex 14.8165 -6.97212 -9.39383
      vertex 15.2251 -6.02803 -9.18352
      vertex 15.2251 -6.02803 -8.04471
    endloop
  endfacet
  facet normal 0.917735 -0.397194 1.99446e-17
    outer loop
      vertex 15.2251 -6.02803 -9.18352
      vertex 14.8165 -6.97212 -9.39383
      vertex 14.8165 -6.97212 -10.5326
    endloop
  endfacet
  facet normal 0.816571 0.293639 -0.496979
    outer loop
      vertex 15.4619 -8.76474 -8.4076
      vertex 15.6404 -7.08168 -7.11988
      vertex 15.6568 -7.08164 -7.09291
    endloop
  endfacet
  facet normal 0.816281 0.293911 -0.497294
    outer loop
      vertex 15.6404 -7.08168 -7.11988
      vertex 15.4619 -8.76474 -8.4076
      vertex 15.1891 -8.00709 -8.4076
    endloop
  endfacet
  facet normal -0.339628 0.784794 -0.518412
    outer loop
      vertex 18.1671 -8.02944 -7.05848
      vertex 17.6271 -9.15432 -8.4076
      vertex 17.4281 -8.34925 -7.05848
    endloop
  endfacet
  facet normal -0.383821 0.778971 -0.495868
    outer loop
      vertex 18.1104 -8.44979 -7.67493
      vertex 17.6271 -9.15432 -8.4076
      vertex 18.1671 -8.02944 -7.05848
    endloop
  endfacet
  facet normal -0.383919 0.778967 -0.495799
    outer loop
      vertex 17.6271 -9.15432 -8.4076
      vertex 18.1104 -8.44979 -7.67493
      vertex 17.6988 -9.2575 -8.62523
    endloop
  endfacet
  facet normal 0.0879535 0.760173 -0.64374
    outer loop
      vertex 17.4281 -8.34925 -7.05848
      vertex 16.8695 -9.4271 -8.4076
      vertex 16.6282 -8.2567 -7.05848
    endloop
  endfacet
  facet normal -0.783009 -0.338831 0.521622
    outer loop
      vertex 18.7398 -6.58305 -10.1697
      vertex 18.42 -5.84402 -10.1697
      vertex 18.0167 -6.98909 -11.5189
    endloop
  endfacet
  facet normal -0.493966 -0.584491 0.643714
    outer loop
      vertex 18.0167 -6.98909 -11.5189
      vertex 18.42 -5.84402 -10.1697
      vertex 17.4017 -6.46934 -11.5189
    endloop
  endfacet
  facet normal -0.289025 0.802716 -0.521643
    outer loop
      vertex 17.4281 -8.34925 -7.05848
      vertex 17.6271 -9.15432 -8.4076
      vertex 16.8695 -9.4271 -8.4076
    endloop
  endfacet
  facet normal 0.965339 -0.0506182 -0.256043
    outer loop
      vertex 15.5735 -5.06014 -6.6616
      vertex 15.5159 -6.15863 -6.6616
      vertex 15.0986 -7.12074 -8.04471
    endloop
  endfacet
  facet normal 0.803036 0.34758 -0.484067
    outer loop
      vertex 15.5159 -6.15863 -6.6616
      vertex 15.5253 -7.1017 -7.32317
      vertex 15.0986 -7.12074 -8.04471
    endloop
  endfacet
  facet normal -0.460896 -0.620628 0.634347
    outer loop
      vertex 18.42 -5.84402 -10.1697
      vertex 18.7506 -4.67589 -8.78663
      vertex 17.7735 -5.36391 -10.1697
    endloop
  endfacet
  facet normal -0.34111 0.788218 -0.512207
    outer loop
      vertex 17.918 -7.23845 -5.67536
      vertex 18.1671 -8.02944 -7.05848
      vertex 17.4281 -8.34925 -7.05848
    endloop
  endfacet
  facet normal 0.418243 0.644001 -0.640574
    outer loop
      vertex 17.1138 -7.19631 -5.67536
      vertex 16.6282 -8.2567 -7.05848
      vertex 16.4385 -6.75774 -5.67536
    endloop
  endfacet
  facet normal -0.41912 0.761331 -0.494685
    outer loop
      vertex 18.608 -7.2565 -6.24246
      vertex 18.1671 -8.02944 -7.05848
      vertex 18.6355 -6.87288 -5.67536
    endloop
  endfacet
  facet normal -0.41895 0.761352 -0.494797
    outer loop
      vertex 18.2709 -8.13473 -7.30838
      vertex 18.1671 -8.02944 -7.05848
      vertex 18.608 -7.2565 -6.24246
    endloop
  endfacet
  facet normal -0.419796 0.760807 -0.494919
    outer loop
      vertex 18.1671 -8.02944 -7.05848
      vertex 18.2709 -8.13473 -7.30838
      vertex 18.263 -8.15033 -7.32566
    endloop
  endfacet
  facet normal 0.754323 0.384338 -0.532241
    outer loop
      vertex 16.0642 -6.20633 -5.80766
      vertex 16.4385 -6.75774 -5.67536
      vertex 15.9817 -7.77658 -7.05848
    endloop
  endfacet
  facet normal 0.393425 -0.779538 0.487377
    outer loop
      vertex 16.5875 -4.50864 -8.73619
      vertex 15.8809 -5.14493 -9.18352
      vertex 17.2711 -4.19517 -8.78663
    endloop
  endfacet
  facet normal 0.393375 -0.779526 0.487438
    outer loop
      vertex 15.8809 -5.14493 -9.18352
      vertex 16.5875 -4.50864 -8.73619
      vertex 16.5033 -4.40763 -8.5067
    endloop
  endfacet
  facet normal -0.814236 -0.309083 0.491413
    outer loop
      vertex 18.8742 -6.56321 -9.93453
      vertex 19.0141 -6.19862 -9.47341
      vertex 18.7398 -6.58305 -10.1697
    endloop
  endfacet
  facet normal -0.765225 -0.389924 0.512241
    outer loop
      vertex 19.1162 -5.39338 -8.78663
      vertex 18.7506 -4.67589 -8.78663
      vertex 18.42 -5.84402 -10.1697
    endloop
  endfacet
  facet normal 0.468227 0.630486 -0.619072
    outer loop
      vertex 16.4385 -6.75774 -5.67536
      vertex 16.6282 -8.2567 -7.05848
      vertex 15.9817 -7.77658 -7.05848
    endloop
  endfacet
  facet normal -0.39077 0.766959 -0.508992
    outer loop
      vertex 18.6355 -6.87288 -5.67536
      vertex 18.1671 -8.02944 -7.05848
      vertex 17.918 -7.23845 -5.67536
    endloop
  endfacet
  facet normal 0.390888 -0.777818 0.492144
    outer loop
      vertex 16.2346 -5.59116 -10.1697
      vertex 17.2711 -4.19517 -8.78663
      vertex 15.8809 -5.14493 -9.18352
    endloop
  endfacet
  facet normal -0.789961 -0.34184 0.509025
    outer loop
      vertex 18.7398 -6.58305 -10.1697
      vertex 19.1162 -5.39338 -8.78663
      vertex 18.42 -5.84402 -10.1697
    endloop
  endfacet
  facet normal -0.808183 -0.319473 0.494749
    outer loop
      vertex 19.1162 -5.39338 -8.78663
      vertex 19.0211 -6.18034 -9.45014
      vertex 19.239 -5.36728 -8.56918
    endloop
  endfacet
  facet normal -0.809406 -0.318285 0.493515
    outer loop
      vertex 19.1162 -5.39338 -8.78663
      vertex 19.0141 -6.19862 -9.47341
      vertex 19.0211 -6.18034 -9.45014
    endloop
  endfacet
  facet normal -0.808147 -0.319521 0.494777
    outer loop
      vertex 19.0141 -6.19862 -9.47341
      vertex 19.1162 -5.39338 -8.78663
      vertex 18.7398 -6.58305 -10.1697
    endloop
  endfacet
  facet normal -0.430809 0.75704 -0.491216
    outer loop
      vertex 18.6355 -6.87288 -5.67536
      vertex 18.7195 -6.96618 -5.89282
      vertex 18.608 -7.2565 -6.24246
    endloop
  endfacet
  facet normal 0.0404528 0.772002 -0.634332
    outer loop
      vertex 17.918 -7.23845 -5.67536
      vertex 17.4281 -8.34925 -7.05848
      vertex 17.1138 -7.19631 -5.67536
    endloop
  endfacet
  facet normal 0.0896645 0.774961 -0.625616
    outer loop
      vertex 17.1138 -7.19631 -5.67536
      vertex 17.4281 -8.34925 -7.05848
      vertex 16.6282 -8.2567 -7.05848
    endloop
  endfacet
  facet normal 0.397219 -0.779677 0.484067
    outer loop
      vertex 16.5033 -4.40763 -8.5067
      vertex 16.1726 -4.1376 -7.8004
      vertex 15.8809 -5.14493 -9.18352
    endloop
  endfacet
  facet normal -0.424897 -0.654247 0.625639
    outer loop
      vertex 18.7506 -4.67589 -8.78663
      vertex 18.0753 -4.23732 -8.78663
      vertex 17.7735 -5.36391 -10.1697
    endloop
  endfacet
  facet normal 0.979356 -0.113377 -0.167355
    outer loop
      vertex 15.2251 -6.02803 -8.04471
      vertex 15.5735 -5.06014 -6.6616
      vertex 15.0986 -7.12074 -8.04471
    endloop
  endfacet
  facet normal 0.800018 0.349879 -0.487397
    outer loop
      vertex 15.5159 -6.15863 -6.6616
      vertex 15.9817 -7.77658 -7.05848
      vertex 15.6568 -7.08164 -7.09291
    endloop
  endfacet
  facet normal 0.800227 0.349783 -0.487123
    outer loop
      vertex 15.6404 -7.08168 -7.11988
      vertex 15.5159 -6.15863 -6.6616
      vertex 15.6568 -7.08164 -7.09291
    endloop
  endfacet
  facet normal 0.800004 0.349895 -0.487409
    outer loop
      vertex 15.5159 -6.15863 -6.6616
      vertex 15.6404 -7.08168 -7.11988
      vertex 15.5253 -7.1017 -7.32317
    endloop
  endfacet
  facet normal 0.796998 0.350167 -0.492115
    outer loop
      vertex 15.5159 -6.15863 -6.6616
      vertex 15.95 -6.24284 -6.01848
      vertex 15.9817 -7.77658 -7.05848
    endloop
  endfacet
  facet normal 0.796829 0.350289 -0.492301
    outer loop
      vertex 16.0642 -6.20633 -5.80766
      vertex 15.9817 -7.77658 -7.05848
      vertex 15.95 -6.24284 -6.01848
    endloop
  endfacet
  facet normal 0.9409 -0.338685 1.73764e-17
    outer loop
      vertex 15.2251 -6.02803 -8.04471
      vertex 15.5735 -5.06014 -7.8004
      vertex 15.5735 -5.06014 -6.6616
    endloop
  endfacet
  facet normal 0.9409 -0.338685 1.73763e-17
    outer loop
      vertex 15.5735 -5.06014 -7.8004
      vertex 15.2251 -6.02803 -8.04471
      vertex 15.2251 -6.02803 -9.18352
    endloop
  endfacet
  facet normal 0.336227 -0.776961 0.532243
    outer loop
      vertex 16.9736 -5.27136 -10.1697
      vertex 17.2711 -4.19517 -8.78663
      vertex 16.2346 -5.59116 -10.1697
    endloop
  endfacet
  facet normal -0.0882563 -0.76279 0.640595
    outer loop
      vertex 17.7735 -5.36391 -10.1697
      vertex 18.0753 -4.23732 -8.78663
      vertex 16.9736 -5.27136 -10.1697
    endloop
  endfacet
  facet normal -0.0411044 -0.784251 0.619081
    outer loop
      vertex 18.0753 -4.23732 -8.78663
      vertex 17.2711 -4.19517 -8.78663
      vertex 16.9736 -5.27136 -10.1697
    endloop
  endfacet
  facet normal 0.776072 -0.57632 0.256062
    outer loop
      vertex 15.8809 -5.14493 -9.18352
      vertex 16.1726 -4.1376 -7.8004
      vertex 15.2251 -6.02803 -9.18352
    endloop
  endfacet
  facet normal 0.826827 -0.536944 0.167474
    outer loop
      vertex 16.1726 -4.1376 -7.8004
      vertex 15.5735 -5.06014 -7.8004
      vertex 15.2251 -6.02803 -9.18352
    endloop
  endfacet
  facet normal -0.440458 0.744752 -0.501339
    outer loop
      vertex 19.0302 -5.68918 -4.26371
      vertex 18.6355 -6.87288 -5.67536
      vertex 18.3371 -6.09909 -4.26371
    endloop
  endfacet
  facet normal 0.380112 0.674547 -0.632852
    outer loop
      vertex 17.5319 -6.10752 -4.26371
      vertex 17.1138 -7.19631 -5.67536
      vertex 16.8304 -5.71222 -4.26371
    endloop
  endfacet
  facet normal 0.770003 0.406971 -0.491396
    outer loop
      vertex 15.872 -5.17223 -5.24994
      vertex 16.3258 -5.34073 -4.6784
      vertex 16.4385 -6.75774 -5.67536
    endloop
  endfacet
  facet normal 0.770065 0.406931 -0.491332
    outer loop
      vertex 16.4233 -5.29543 -4.48807
      vertex 16.4385 -6.75774 -5.67536
      vertex 16.3258 -5.34073 -4.6784
    endloop
  endfacet
  facet normal 0.433816 -0.757159 0.488379
    outer loop
      vertex 16.9159 -3.31958 -7.19244
      vertex 16.1726 -4.1376 -7.8004
      vertex 17.5004 -3.10243 -7.37498
    endloop
  endfacet
  facet normal 0.433782 -0.757154 0.488416
    outer loop
      vertex 16.1726 -4.1376 -7.8004
      vertex 16.9159 -3.31958 -7.19244
      vertex 16.8458 -3.23005 -6.99139
    endloop
  endfacet
  facet normal 0.771995 0.406865 -0.488348
    outer loop
      vertex 15.872 -5.17223 -5.24994
      vertex 16.4385 -6.75774 -5.67536
      vertex 16.0642 -6.20633 -5.80766
    endloop
  endfacet
  facet normal 0.771815 0.406948 -0.488564
    outer loop
      vertex 15.872 -5.17223 -5.24994
      vertex 16.0642 -6.20633 -5.80766
      vertex 15.95 -6.24284 -6.01848
    endloop
  endfacet
  facet normal -0.386023 -0.685037 0.617827
    outer loop
      vertex 19.0072 -3.4893 -7.37498
      vertex 18.3057 -3.094 -7.37498
      vertex 18.0753 -4.23732 -8.78663
    endloop
  endfacet
  facet normal 0.811777 -0.52717 0.251218
    outer loop
      vertex 16.1726 -4.1376 -7.8004
      vertex 16.4005 -3.11395 -6.38874
      vertex 15.5735 -5.06014 -7.8004
    endloop
  endfacet
  facet normal -0.391958 0.769292 -0.504538
    outer loop
      vertex 18.3371 -6.09909 -4.26371
      vertex 18.6355 -6.87288 -5.67536
      vertex 17.918 -7.23845 -5.67536
    endloop
  endfacet
  facet normal -0.46775 0.735473 -0.490193
    outer loop
      vertex 19.0302 -5.68918 -4.26371
      vertex 19.1273 -5.7842 -4.49893
      vertex 19.0262 -6.16142 -4.96843
    endloop
  endfacet
  facet normal -0.457219 0.740501 -0.492554
    outer loop
      vertex 18.6355 -6.87288 -5.67536
      vertex 19.0262 -6.16142 -4.96843
      vertex 19.0211 -6.18034 -4.99214
    endloop
  endfacet
  facet normal -0.45543 0.740766 -0.49381
    outer loop
      vertex 19.0262 -6.16142 -4.96843
      vertex 18.6355 -6.87288 -5.67536
      vertex 19.0302 -5.68918 -4.26371
    endloop
  endfacet
  facet normal -0.455511 0.740746 -0.493767
    outer loop
      vertex 18.6355 -6.87288 -5.67536
      vertex 19.0211 -6.18034 -4.99214
      vertex 18.7195 -6.96618 -5.89282
    endloop
  endfacet
  facet normal -0.0405258 -0.773212 0.632852
    outer loop
      vertex 18.0753 -4.23732 -8.78663
      vertex 18.3057 -3.094 -7.37498
      vertex 17.2711 -4.19517 -8.78663
    endloop
  endfacet
  facet normal 0.732826 0.433458 -0.524481
    outer loop
      vertex 16.8304 -5.71222 -4.26371
      vertex 16.4385 -6.75774 -5.67536
      vertex 16.4233 -5.29543 -4.48807
    endloop
  endfacet
  facet normal 0.432086 -0.756185 0.491411
    outer loop
      vertex 16.5033 -4.40763 -8.5067
      vertex 17.5004 -3.10243 -7.37498
      vertex 16.1726 -4.1376 -7.8004
    endloop
  endfacet
  facet normal 0.432121 -0.756185 0.49138
    outer loop
      vertex 17.5004 -3.10243 -7.37498
      vertex 16.5033 -4.40763 -8.5067
      vertex 16.5875 -4.50864 -8.73619
    endloop
  endfacet
  facet normal -0.74317 -0.439499 0.504518
    outer loop
      vertex 19.4171 -4.18242 -7.37498
      vertex 19.0072 -3.4893 -7.37498
      vertex 18.7506 -4.67589 -8.78663
    endloop
  endfacet
  facet normal 0.431061 0.663738 -0.611259
    outer loop
      vertex 16.8304 -5.71222 -4.26371
      vertex 17.1138 -7.19631 -5.67536
      vertex 16.4385 -6.75774 -5.67536
    endloop
  endfacet
  facet normal 0.967876 0.0101193 -0.251224
    outer loop
      vertex 15.8605 -4.07229 -5.24994
      vertex 15.872 -5.17223 -5.24994
      vertex 15.5159 -6.15863 -6.6616
    endloop
  endfacet
  facet normal 0.783357 0.399127 -0.476497
    outer loop
      vertex 15.872 -5.17223 -5.24994
      vertex 15.95 -6.24284 -6.01848
      vertex 15.5159 -6.15863 -6.6616
    endloop
  endfacet
  facet normal 0.985086 -0.0516536 -0.164128
    outer loop
      vertex 15.5735 -5.06014 -6.6616
      vertex 15.8605 -4.07229 -5.24994
      vertex 15.5159 -6.15863 -6.6616
    endloop
  endfacet
  facet normal 0.859396 -0.484247 0.164145
    outer loop
      vertex 16.4005 -3.11395 -6.38874
      vertex 15.8605 -4.07229 -6.38874
      vertex 15.5735 -5.06014 -7.8004
    endloop
  endfacet
  facet normal 0.960293 -0.278994 -5.9926e-18
    outer loop
      vertex 15.5735 -5.06014 -6.6616
      vertex 15.8605 -4.07229 -6.38874
      vertex 15.8605 -4.07229 -5.24994
    endloop
  endfacet
  facet normal 0.960293 -0.278994 -5.9926e-18
    outer loop
      vertex 15.8605 -4.07229 -6.38874
      vertex 15.5735 -5.06014 -6.6616
      vertex 15.5735 -5.06014 -7.8004
    endloop
  endfacet
  facet normal 0.447557 -0.756738 0.476487
    outer loop
      vertex 16.8458 -3.23005 -6.99139
      vertex 16.4005 -3.11395 -6.38874
      vertex 16.1726 -4.1376 -7.8004
    endloop
  endfacet
  facet normal -0.424489 -0.653618 0.626572
    outer loop
      vertex 18.7506 -4.67589 -8.78663
      vertex 19.0072 -3.4893 -7.37498
      vertex 18.0753 -4.23732 -8.78663
    endloop
  endfacet
  facet normal 0.0411462 0.785235 -0.61783
    outer loop
      vertex 17.5319 -6.10752 -4.26371
      vertex 17.918 -7.23845 -5.67536
      vertex 17.1138 -7.19631 -5.67536
    endloop
  endfacet
  facet normal -0.00815903 0.779318 -0.626575
    outer loop
      vertex 18.3371 -6.09909 -4.26371
      vertex 17.918 -7.23845 -5.67536
      vertex 17.5319 -6.10752 -4.26371
    endloop
  endfacet
  facet normal 0.00828437 -0.791388 0.611258
    outer loop
      vertex 18.3057 -3.094 -7.37498
      vertex 17.5004 -3.10243 -7.37498
      vertex 17.2711 -4.19517 -8.78663
    endloop
  endfacet
  facet normal 0.386571 -0.758627 0.524451
    outer loop
      vertex 17.2711 -4.19517 -8.78663
      vertex 17.5004 -3.10243 -7.37498
      vertex 16.5875 -4.50864 -8.73619
    endloop
  endfacet
  facet normal -0.789184 -0.370123 0.490099
    outer loop
      vertex 19.239 -5.36728 -8.56918
      vertex 19.3195 -5.06689 -8.2127
      vertex 19.1162 -5.39338 -8.78663
    endloop
  endfacet
  facet normal -0.780666 -0.383195 0.493682
    outer loop
      vertex 19.4171 -4.18242 -7.37498
      vertex 19.563 -4.15823 -7.12549
      vertex 19.5657 -4.14094 -7.1078
    endloop
  endfacet
  facet normal -0.781315 -0.381582 0.493905
    outer loop
      vertex 19.4171 -4.18242 -7.37498
      vertex 19.3195 -5.06689 -8.2127
      vertex 19.563 -4.15823 -7.12549
    endloop
  endfacet
  facet normal -0.781423 -0.381481 0.493811
    outer loop
      vertex 19.3195 -5.06689 -8.2127
      vertex 19.4171 -4.18242 -7.37498
      vertex 19.1162 -5.39338 -8.78663
    endloop
  endfacet
  facet normal -0.770945 -0.392838 0.50132
    outer loop
      vertex 19.1162 -5.39338 -8.78663
      vertex 19.4171 -4.18242 -7.37498
      vertex 18.7506 -4.67589 -8.78663
    endloop
  endfacet
  facet normal 0.759471 0.449159 -0.470596
    outer loop
      vertex 16.1655 -4.16541 -3.81532
      vertex 16.3258 -5.34073 -4.6784
      vertex 15.872 -5.17223 -5.24994
    endloop
  endfacet
  facet normal 0.739801 0.460268 -0.490763
    outer loop
      vertex 16.1655 -4.16541 -3.81532
      vertex 16.6476 -4.39776 -3.30649
      vertex 16.8304 -5.71222 -4.26371
    endloop
  endfacet
  facet normal 0.739806 0.460265 -0.490758
    outer loop
      vertex 16.7303 -4.34725 -3.13445
      vertex 16.8304 -5.71222 -4.26371
      vertex 16.6476 -4.39776 -3.30649
    endloop
  endfacet
  facet normal -0.48831 0.718516 -0.495266
    outer loop
      vertex 19.3499 -4.48304 -2.82909
      vertex 19.0302 -5.68918 -4.26371
      vertex 18.6839 -4.93566 -2.82909
    endloop
  endfacet
  facet normal 0.975918 -0.218139 8.51453e-18
    outer loop
      vertex 15.8605 -4.07229 -5.24994
      vertex 16.0849 -3.06836 -4.95412
      vertex 16.0849 -3.06836 -3.81532
    endloop
  endfacet
  facet normal 0.975918 -0.218139 8.51453e-18
    outer loop
      vertex 16.0849 -3.06836 -4.95412
      vertex 15.8605 -4.07229 -5.24994
      vertex 15.8605 -4.07229 -6.38874
    endloop
  endfacet
  facet normal 0.495993 -0.729777 0.470549
    outer loop
      vertex 17.085 -2.05859 -5.47349
      vertex 16.5637 -2.07801 -4.95412
      vertex 16.4005 -3.11395 -6.38874
    endloop
  endfacet
  facet normal 0.70735 0.480661 -0.518288
    outer loop
      vertex 17.1558 -4.64416 -2.82909
      vertex 16.8304 -5.71222 -4.26371
      vertex 16.7303 -4.34725 -3.13445
    endloop
  endfacet
  facet normal -0.00828217 0.79108 -0.611657
    outer loop
      vertex 17.8808 -4.99463 -2.82909
      vertex 18.3371 -6.09909 -4.26371
      vertex 17.5319 -6.10752 -4.26371
    endloop
  endfacet
  facet normal 0.740831 0.460261 -0.489213
    outer loop
      vertex 16.1655 -4.16541 -3.81532
      vertex 16.8304 -5.71222 -4.26371
      vertex 16.4233 -5.29543 -4.48807
    endloop
  endfacet
  facet normal 0.740938 0.460215 -0.489094
    outer loop
      vertex 16.1655 -4.16541 -3.81532
      vertex 16.4233 -5.29543 -4.48807
      vertex 16.3258 -5.34073 -4.6784
    endloop
  endfacet
  facet normal -0.751136 -0.43899 0.493034
    outer loop
      vertex 19.6414 -2.95496 -5.94036
      vertex 19.6183 -3.80898 -6.73596
      vertex 19.7601 -2.91364 -5.72273
    endloop
  endfacet
  facet normal -0.751121 -0.439002 0.493046
    outer loop
      vertex 19.6183 -3.80898 -6.73596
      vertex 19.6414 -2.95496 -5.94036
      vertex 19.4171 -4.18242 -7.37498
    endloop
  endfacet
  facet normal -0.717018 -0.487263 0.498457
    outer loop
      vertex 19.6414 -2.95496 -5.94036
      vertex 19.1888 -2.28895 -5.94036
      vertex 19.0072 -3.4893 -7.37498
    endloop
  endfacet
  facet normal -0.505698 0.710578 -0.489232
    outer loop
      vertex 19.4523 -4.57137 -3.06323
      vertex 19.3712 -4.87402 -3.41898
      vertex 19.3499 -4.48304 -2.82909
    endloop
  endfacet
  facet normal 0.844122 -0.475641 0.247435
    outer loop
      vertex 16.4005 -3.11395 -6.38874
      vertex 16.5637 -2.07801 -4.95412
      vertex 15.8605 -4.07229 -6.38874
    endloop
  endfacet
  facet normal 0.888467 -0.429543 0.161617
    outer loop
      vertex 16.5637 -2.07801 -4.95412
      vertex 16.0849 -3.06836 -4.95412
      vertex 15.8605 -4.07229 -6.38874
    endloop
  endfacet
  facet normal -0.760222 -0.427499 0.48919
    outer loop
      vertex 19.5657 -4.14094 -7.1078
      vertex 19.6183 -3.80898 -6.73596
      vertex 19.4171 -4.18242 -7.37498
    endloop
  endfacet
  facet normal -0.747764 -0.442216 0.495271
    outer loop
      vertex 19.4171 -4.18242 -7.37498
      vertex 19.6414 -2.95496 -5.94036
      vertex 19.0072 -3.4893 -7.37498
    endloop
  endfacet
  facet normal -0.441306 0.746186 -0.498453
    outer loop
      vertex 18.6839 -4.93566 -2.82909
      vertex 19.0302 -5.68918 -4.26371
      vertex 18.3371 -6.09909 -4.26371
    endloop
  endfacet
  facet normal -0.0574325 0.782161 -0.620424
    outer loop
      vertex 18.6839 -4.93566 -2.82909
      vertex 18.3371 -6.09909 -4.26371
      vertex 17.8808 -4.99463 -2.82909
    endloop
  endfacet
  facet normal -0.492704 0.717041 -0.493047
    outer loop
      vertex 19.3712 -4.87402 -3.41898
      vertex 19.0302 -5.68918 -4.26371
      vertex 19.3499 -4.48304 -2.82909
    endloop
  endfacet
  facet normal -0.492702 0.717042 -0.493048
    outer loop
      vertex 19.0302 -5.68918 -4.26371
      vertex 19.3712 -4.87402 -3.41898
      vertex 19.1273 -5.7842 -4.49893
    endloop
  endfacet
  facet normal -0.344325 -0.712268 0.611649
    outer loop
      vertex 19.1888 -2.28895 -5.94036
      vertex 18.4638 -1.93847 -5.94036
      vertex 18.3057 -3.094 -7.37498
    endloop
  endfacet
  facet normal 0.390867 0.693633 -0.605059
    outer loop
      vertex 17.1558 -4.64416 -2.82909
      vertex 17.5319 -6.10752 -4.26371
      vertex 16.8304 -5.71222 -4.26371
    endloop
  endfacet
  facet normal 0.339145 0.701573 -0.626718
    outer loop
      vertex 17.8808 -4.99463 -2.82909
      vertex 17.5319 -6.10752 -4.26371
      vertex 17.1558 -4.64416 -2.82909
    endloop
  endfacet
  facet normal 0.47439 -0.731894 0.489169
    outer loop
      vertex 17.1458 -2.13734 -5.65032
      vertex 16.4005 -3.11395 -6.38874
      vertex 17.6607 -1.99745 -5.94036
    endloop
  endfacet
  facet normal 0.474475 -0.731895 0.489084
    outer loop
      vertex 16.4005 -3.11395 -6.38874
      vertex 17.1458 -2.13734 -5.65032
      vertex 17.085 -2.05859 -5.47349
    endloop
  endfacet
  facet normal 0.00815681 -0.779203 0.626719
    outer loop
      vertex 18.3057 -3.094 -7.37498
      vertex 18.4638 -1.93847 -5.94036
      vertex 17.5004 -3.10243 -7.37498
    endloop
  endfacet
  facet normal 0.0583142 -0.794034 0.605069
    outer loop
      vertex 18.4638 -1.93847 -5.94036
      vertex 17.6607 -1.99745 -5.94036
      vertex 17.5004 -3.10243 -7.37498
    endloop
  endfacet
  facet normal 0.986807 0.0103172 -0.161574
    outer loop
      vertex 16.0849 -3.06836 -3.81532
      vertex 15.872 -5.17223 -5.24994
      vertex 15.8605 -4.07229 -5.24994
    endloop
  endfacet
  facet normal 0.966281 0.0709925 -0.247508
    outer loop
      vertex 16.0849 -3.06836 -3.81532
      vertex 16.1655 -4.16541 -3.81532
      vertex 15.872 -5.17223 -5.24994
    endloop
  endfacet
  facet normal -0.38502 -0.683256 0.62042
    outer loop
      vertex 19.0072 -3.4893 -7.37498
      vertex 19.1888 -2.28895 -5.94036
      vertex 18.3057 -3.094 -7.37498
    endloop
  endfacet
  facet normal 0.473441 -0.731455 0.490741
    outer loop
      vertex 16.8458 -3.23005 -6.99139
      vertex 17.6607 -1.99745 -5.94036
      vertex 16.4005 -3.11395 -6.38874
    endloop
  endfacet
  facet normal 0.473391 -0.731458 0.490784
    outer loop
      vertex 17.6607 -1.99745 -5.94036
      vertex 16.8458 -3.23005 -6.99139
      vertex 16.9159 -3.31958 -7.19244
    endloop
  endfacet
  facet normal 0.435338 -0.736092 0.518313
    outer loop
      vertex 17.5004 -3.10243 -7.37498
      vertex 17.6607 -1.99745 -5.94036
      vertex 16.9159 -3.31958 -7.19244
    endloop
  endfacet
  facet normal -0.533806 0.688091 -0.49151
    outer loop
      vertex 19.641 -3.66539 -1.99772
      vertex 18.957 -3.75275 -1.37716
      vertex 19.5932 -3.2592 -1.37716
    endloop
  endfacet
  facet normal -0.533809 0.688086 -0.491514
    outer loop
      vertex 19.563 -4.15823 -2.60295
      vertex 18.957 -3.75275 -1.37716
      vertex 19.641 -3.66539 -1.99772
    endloop
  endfacet
  facet normal -0.53368 0.688203 -0.491489
    outer loop
      vertex 18.957 -3.75275 -1.37716
      vertex 19.563 -4.15823 -2.60295
      vertex 19.483 -4.45652 -2.93376
    endloop
  endfacet
  facet normal -0.728249 -0.48068 0.488466
    outer loop
      vertex 19.7601 -2.91364 -5.72273
      vertex 19.8124 -2.58342 -5.3198
      vertex 19.6414 -2.95496 -5.94036
    endloop
  endfacet
  facet normal 0.295836 0.724859 -0.622142
    outer loop
      vertex 18.1591 -3.86203 -1.37716
      vertex 17.8808 -4.99463 -2.82909
      vertex 17.4136 -3.55777 -1.37716
    endloop
  endfacet
  facet normal 0.872932 -0.422032 0.244702
    outer loop
      vertex 16.5637 -2.07801 -4.95412
      vertex 16.6615 -1.03387 -3.5022
      vertex 16.0849 -3.06836 -4.95412
    endloop
  endfacet
  facet normal 0.960637 0.131603 -0.244659
    outer loop
      vertex 16.2458 -2.05233 -2.3634
      vertex 16.3951 -3.14215 -2.3634
      vertex 16.1655 -4.16541 -3.81532
    endloop
  endfacet
  facet normal 0.987692 -0.156412 -1.11523e-17
    outer loop
      vertex 16.0849 -3.06836 -3.81532
      vertex 16.2458 -2.05233 -3.5022
      vertex 16.2458 -2.05233 -2.3634
    endloop
  endfacet
  facet normal 0.987692 -0.156412 -1.11523e-17
    outer loop
      vertex 16.2458 -2.05233 -3.5022
      vertex 16.0849 -3.06836 -3.81532
      vertex 16.0849 -3.06836 -4.95412
    endloop
  endfacet
  facet normal 0.348022 0.719936 -0.600477
    outer loop
      vertex 17.4136 -3.55777 -1.37716
      vertex 17.8808 -4.99463 -2.82909
      vertex 17.1558 -4.64416 -2.82909
    endloop
  endfacet
  facet normal 0.542132 -0.699048 0.466288
    outer loop
      vertex 17.2044 -0.908533 -3.94578
      vertex 16.5637 -2.07801 -4.95412
      vertex 17.2244 -0.903835 -3.96199
    endloop
  endfacet
  facet normal 0.542268 -0.699021 0.466171
    outer loop
      vertex 16.5637 -2.07801 -4.95412
      vertex 17.2044 -0.908533 -3.94578
      vertex 16.6615 -1.03387 -3.5022
    endloop
  endfacet
  facet normal 0.706764 0.509967 -0.490325
    outer loop
      vertex 16.3951 -3.14215 -2.3634
      vertex 16.9096 -3.41378 -1.9043
      vertex 17.1558 -4.64416 -2.82909
    endloop
  endfacet
  facet normal 0.707077 0.509811 -0.490035
    outer loop
      vertex 16.9801 -3.36064 -1.74729
      vertex 17.1558 -4.64416 -2.82909
      vertex 16.9096 -3.41378 -1.9043
    endloop
  endfacet
  facet normal 0.0573421 -0.780798 0.622146
    outer loop
      vertex 18.4638 -1.93847 -5.94036
      vertex 18.5491 -0.775296 -4.48843
      vertex 17.6607 -1.99745 -5.94036
    endloop
  endfacet
  facet normal 0.108526 -0.79225 0.600468
    outer loop
      vertex 18.5491 -0.775296 -4.48843
      vertex 17.7513 -0.884582 -4.48843
      vertex 17.6607 -1.99745 -5.94036
    endloop
  endfacet
  facet normal 0.482196 -0.709583 0.513789
    outer loop
      vertex 17.6607 -1.99745 -5.94036
      vertex 17.7513 -0.884582 -4.48843
      vertex 17.1458 -2.13734 -5.65032
    endloop
  endfacet
  facet normal 0.913954 -0.373044 0.159767
    outer loop
      vertex 16.6615 -1.03387 -3.5022
      vertex 16.2458 -2.05233 -3.5022
      vertex 16.0849 -3.06836 -4.95412
    endloop
  endfacet
  facet normal -0.106908 0.780582 -0.615843
    outer loop
      vertex 18.957 -3.75275 -1.37716
      vertex 18.6839 -4.93566 -2.82909
      vertex 18.1591 -3.86203 -1.37716
    endloop
  endfacet
  facet normal -0.0581931 0.79252 -0.607063
    outer loop
      vertex 18.1591 -3.86203 -1.37716
      vertex 18.6839 -4.93566 -2.82909
      vertex 17.8808 -4.99463 -2.82909
    endloop
  endfacet
  facet normal -0.544173 0.682147 -0.488418
    outer loop
      vertex 19.6933 -3.33517 -1.59479
      vertex 19.641 -3.66539 -1.99772
      vertex 19.5932 -3.2592 -1.37716
    endloop
  endfacet
  facet normal 0.707239 0.509988 -0.489618
    outer loop
      vertex 16.3951 -3.14215 -2.3634
      vertex 17.1558 -4.64416 -2.82909
      vertex 16.7303 -4.34725 -3.13445
    endloop
  endfacet
  facet normal 0.70718 0.510011 -0.489679
    outer loop
      vertex 16.3951 -3.14215 -2.3634
      vertex 16.7303 -4.34725 -3.13445
      vertex 16.6476 -4.39776 -3.30649
    endloop
  endfacet
  facet normal 0.677878 0.525835 -0.513789
    outer loop
      vertex 17.0695 -3.40166 -1.67132
      vertex 17.1558 -4.64416 -2.82909
      vertex 16.9801 -3.36064 -1.74729
    endloop
  endfacet
  facet normal 0.677826 0.525866 -0.513826
    outer loop
      vertex 17.1558 -4.64416 -2.82909
      vertex 17.0695 -3.40166 -1.67132
      vertex 17.4136 -3.55777 -1.37716
    endloop
  endfacet
  facet normal 0.514966 -0.703548 0.489725
    outer loop
      vertex 17.2802 -0.973145 -4.12028
      vertex 16.5637 -2.07801 -4.95412
      vertex 17.7513 -0.884582 -4.48843
    endloop
  endfacet
  facet normal 0.515068 -0.703541 0.489628
    outer loop
      vertex 16.5637 -2.07801 -4.95412
      vertex 17.2802 -0.973145 -4.12028
      vertex 17.2244 -0.903835 -3.96199
    endloop
  endfacet
  facet normal 0.514637 -0.703424 0.490248
    outer loop
      vertex 17.085 -2.05859 -5.47349
      vertex 17.7513 -0.884582 -4.48843
      vertex 16.5637 -2.07801 -4.95412
    endloop
  endfacet
  facet normal 0.514667 -0.70342 0.490223
    outer loop
      vertex 17.7513 -0.884582 -4.48843
      vertex 17.085 -2.05859 -5.47349
      vertex 17.1458 -2.13734 -5.65032
    endloop
  endfacet
  facet normal 0.731697 0.49729 -0.466179
    outer loop
      vertex 16.3951 -3.14215 -2.3634
      vertex 16.6476 -4.39776 -3.30649
      vertex 16.1655 -4.16541 -3.81532
    endloop
  endfacet
  facet normal 0.984509 0.0723316 -0.159719
    outer loop
      vertex 16.2458 -2.05233 -2.3634
      vertex 16.1655 -4.16541 -3.81532
      vertex 16.0849 -3.06836 -3.81532
    endloop
  endfacet
  facet normal -0.524991 0.694816 -0.491543
    outer loop
      vertex 19.483 -4.45652 -2.93376
      vertex 19.3499 -4.48304 -2.82909
      vertex 18.957 -3.75275 -1.37716
    endloop
  endfacet
  facet normal -0.525077 0.694643 -0.491696
    outer loop
      vertex 19.3499 -4.48304 -2.82909
      vertex 19.483 -4.45652 -2.93376
      vertex 19.4523 -4.57137 -3.06323
    endloop
  endfacet
  facet normal -0.488728 0.71913 -0.49396
    outer loop
      vertex 18.957 -3.75275 -1.37716
      vertex 19.3499 -4.48304 -2.82909
      vertex 18.6839 -4.93566 -2.82909
    endloop
  endfacet
  facet normal -0.300235 -0.735751 0.607066
    outer loop
      vertex 19.2947 -1.07955 -4.48843
      vertex 18.5491 -0.775296 -4.48843
      vertex 18.4638 -1.93847 -5.94036
    endloop
  endfacet
  facet normal -0.342903 -0.709327 0.615851
    outer loop
      vertex 19.1888 -2.28895 -5.94036
      vertex 19.2947 -1.07955 -4.48843
      vertex 18.4638 -1.93847 -5.94036
    endloop
  endfacet
  facet normal -0.720352 -0.4894 0.491508
    outer loop
      vertex 19.1888 -2.28895 -5.94036
      vertex 19.8904 -2.09057 -4.71457
      vertex 19.9066 -1.78218 -4.38376
    endloop
  endfacet
  facet normal -0.720261 -0.48956 0.491482
    outer loop
      vertex 19.1888 -2.28895 -5.94036
      vertex 19.8124 -2.58342 -5.3198
      vertex 19.8904 -2.09057 -4.71457
    endloop
  endfacet
  facet normal -0.720278 -0.489479 0.491538
    outer loop
      vertex 19.8124 -2.58342 -5.3198
      vertex 19.1888 -2.28895 -5.94036
      vertex 19.6414 -2.95496 -5.94036
    endloop
  endfacet
  facet normal -0.713962 -0.498681 0.491503
    outer loop
      vertex 19.7882 -1.71583 -4.48843
      vertex 19.9066 -1.78218 -4.38376
      vertex 19.9128 -1.66345 -4.25429
    endloop
  endfacet
  facet normal -0.713973 -0.498605 0.491564
    outer loop
      vertex 19.9066 -1.78218 -4.38376
      vertex 19.7882 -1.71583 -4.48843
      vertex 19.1888 -2.28895 -5.94036
    endloop
  endfacet
  facet normal -0.687047 -0.532875 0.493975
    outer loop
      vertex 19.7882 -1.71583 -4.48843
      vertex 19.2947 -1.07955 -4.48843
      vertex 19.1888 -2.28895 -5.94036
    endloop
  endfacet
  facet normal 0.671458 0.555932 -0.489984
    outer loop
      vertex 16.5601 -2.10649 -0.899896
      vertex 17.0695 -3.40166 -1.67132
      vertex 16.9801 -3.36064 -1.74729
    endloop
  endfacet
  facet normal 0.671487 0.555924 -0.489952
    outer loop
      vertex 17.0695 -3.40166 -1.67132
      vertex 16.5601 -2.10649 -0.899896
      vertex 17.0699 -2.37056 -0.500834
    endloop
  endfacet
  facet normal 0.671709 0.555848 -0.489735
    outer loop
      vertex 16.5601 -2.10649 -0.899896
      vertex 16.9801 -3.36064 -1.74729
      vertex 16.9096 -3.41378 -1.9043
    endloop
  endfacet
  facet normal -0.688951 -0.534329 0.489733
    outer loop
      vertex 19.2947 -1.07955 -4.48843
      vertex 19.9292 -1.35055 -3.8915
      vertex 19.972 -0.534539 -2.94097
    endloop
  endfacet
  facet normal -0.688946 -0.534348 0.489719
    outer loop
      vertex 19.9292 -1.35055 -3.8915
      vertex 19.2947 -1.07955 -4.48843
      vertex 19.7882 -1.71583 -4.48843
    endloop
  endfacet
  facet normal -0.2542 -0.755342 0.60402
    outer loop
      vertex 19.3244 0.134096 -3.02493
      vertex 18.5612 0.39094 -3.02493
      vertex 18.5491 -0.775296 -4.48843
    endloop
  endfacet
  facet normal 0.526883 -0.679319 0.510803
    outer loop
      vertex 17.7513 -0.884582 -4.48843
      vertex 17.7718 0.231775 -3.02493
      vertex 17.2802 -0.973145 -4.12028
    endloop
  endfacet
  facet normal 0.555649 -0.671871 0.489739
    outer loop
      vertex 16.6615 -1.03387 -3.5022
      vertex 17.3242 0.164332 -2.61028
      vertex 17.2693 0.225227 -2.46445
    endloop
  endfacet
  facet normal 0.555442 -0.6719 0.489932
    outer loop
      vertex 16.6615 -1.03387 -3.5022
      vertex 17.4112 0.177802 -2.69044
      vertex 17.3242 0.164332 -2.61028
    endloop
  endfacet
  facet normal 0.555431 -0.671901 0.489944
    outer loop
      vertex 17.4112 0.177802 -2.69044
      vertex 16.6615 -1.03387 -3.5022
      vertex 17.2044 -0.908533 -3.94578
    endloop
  endfacet
  facet normal -0.298565 -0.73166 0.612807
    outer loop
      vertex 19.2947 -1.07955 -4.48843
      vertex 19.3244 0.134096 -3.02493
      vertex 18.5491 -0.775296 -4.48843
    endloop
  endfacet
  facet normal 0.995554 -0.0941953 2.73595e-18
    outer loop
      vertex 16.2458 -2.05233 -2.3634
      vertex 16.3427 -1.02819 -2.0387
      vertex 16.3427 -1.02819 -0.899896
    endloop
  endfacet
  facet normal 0.995554 -0.0941953 2.73596e-18
    outer loop
      vertex 16.3427 -1.02819 -2.0387
      vertex 16.2458 -2.05233 -2.3634
      vertex 16.2458 -2.05233 -3.5022
    endloop
  endfacet
  facet normal 0.644777 0.56859 -0.51085
    outer loop
      vertex 17.2518 -2.36071 -0.249018
      vertex 17.4136 -3.55777 -1.37716
      vertex 17.1672 -2.33529 -0.327504
    endloop
  endfacet
  facet normal 0.644898 0.568528 -0.510767
    outer loop
      vertex 17.4136 -3.55777 -1.37716
      vertex 17.2518 -2.36071 -0.249018
      vertex 17.6026 -2.45735 0.0863361
    endloop
  endfacet
  facet normal 0.67118 0.55613 -0.49014
    outer loop
      vertex 17.4136 -3.55777 -1.37716
      vertex 17.1052 -2.38901 -0.473357
      vertex 17.1672 -2.33529 -0.327504
    endloop
  endfacet
  facet normal 0.671245 0.556102 -0.490082
    outer loop
      vertex 17.1052 -2.38901 -0.473357
      vertex 17.4136 -3.55777 -1.37716
      vertex 17.0695 -3.40166 -1.67132
    endloop
  endfacet
  facet normal 0.671732 0.555758 -0.489806
    outer loop
      vertex 17.0699 -2.37056 -0.500834
      vertex 17.1052 -2.38901 -0.473357
      vertex 17.0695 -3.40166 -1.67132
    endloop
  endfacet
  facet normal 0.555179 -0.67201 0.49008
    outer loop
      vertex 17.2044 -0.908533 -3.94578
      vertex 17.7718 0.231775 -3.02493
      vertex 17.4112 0.177802 -2.69044
    endloop
  endfacet
  facet normal 0.555114 -0.672023 0.490136
    outer loop
      vertex 17.2244 -0.903835 -3.96199
      vertex 17.7718 0.231775 -3.02493
      vertex 17.2044 -0.908533 -3.94578
    endloop
  endfacet
  facet normal 0.555288 -0.671986 0.489989
    outer loop
      vertex 17.7718 0.231775 -3.02493
      vertex 17.2244 -0.903835 -3.96199
      vertex 17.2802 -0.973145 -4.12028
    endloop
  endfacet
  facet normal -0.673189 -0.553965 0.489836
    outer loop
      vertex 19.6389 -0.626009 -3.5022
      vertex 19.972 -0.534539 -2.94097
      vertex 19.9772 -0.435864 -2.82223
    endloop
  endfacet
  facet normal -0.672995 -0.55426 0.489769
    outer loop
      vertex 19.972 -0.534539 -2.94097
      vertex 19.6389 -0.626009 -3.5022
      vertex 19.2947 -1.07955 -4.48843
    endloop
  endfacet
  facet normal 0.158501 -0.786107 0.597422
    outer loop
      vertex 18.5612 0.39094 -3.02493
      vertex 17.7718 0.231775 -3.02493
      vertex 17.7513 -0.884582 -4.48843
    endloop
  endfacet
  facet normal -0.582607 0.650072 -0.487827
    outer loop
      vertex 19.8669 -2.23936 -0.331156
      vertex 19.8351 -2.43982 -0.560308
      vertex 19.7952 -2.22014 -0.219913
    endloop
  endfacet
  facet normal 0.950922 0.191719 -0.242881
    outer loop
      vertex 16.5601 -2.10649 -0.899896
      vertex 16.3951 -3.14215 -2.3634
      vertex 16.3427 -1.02819 -0.899896
    endloop
  endfacet
  facet normal 0.700206 0.543176 -0.463326
    outer loop
      vertex 16.5601 -2.10649 -0.899896
      vertex 16.9096 -3.41378 -1.9043
      vertex 16.3951 -3.14215 -2.3634
    endloop
  endfacet
  facet normal 0.978215 0.134011 -0.158547
    outer loop
      vertex 16.3427 -1.02819 -0.899896
      vertex 16.3951 -3.14215 -2.3634
      vertex 16.2458 -2.05233 -2.3634
    endloop
  endfacet
  facet normal -0.108143 0.789599 -0.604019
    outer loop
      vertex 18.3658 -2.71419 0.0863361
      vertex 18.957 -3.75275 -1.37716
      vertex 18.1591 -3.86203 -1.37716
    endloop
  endfacet
  facet normal -0.576548 0.654061 -0.489691
    outer loop
      vertex 19.8351 -2.43982 -0.560308
      vertex 19.4797 -2.49822 -0.219873
      vertex 19.7952 -2.22014 -0.219913
    endloop
  endfacet
  facet normal -0.576589 0.653981 -0.489748
    outer loop
      vertex 19.713 -3.21095 -1.44628
      vertex 19.4797 -2.49822 -0.219873
      vertex 19.8351 -2.43982 -0.560308
    endloop
  endfacet
  facet normal -0.576623 0.653957 -0.48974
    outer loop
      vertex 19.4797 -2.49822 -0.219873
      vertex 19.713 -3.21095 -1.44628
      vertex 19.1552 -2.55503 0.0863361
    endloop
  endfacet
  facet normal 0.898114 -0.366579 0.242922
    outer loop
      vertex 16.6615 -1.03387 -3.5022
      vertex 16.6935 0.0143528 -2.0387
      vertex 16.2458 -2.05233 -3.5022
    endloop
  endfacet
  facet normal 0.585378 -0.664927 0.463902
    outer loop
      vertex 17.2322 0.210991 -2.43804
      vertex 16.6615 -1.03387 -3.5022
      vertex 17.2693 0.225227 -2.46445
    endloop
  endfacet
  facet normal 0.586083 -0.66473 0.463294
    outer loop
      vertex 16.6615 -1.03387 -3.5022
      vertex 17.2322 0.210991 -2.43804
      vertex 16.6935 0.0143528 -2.0387
    endloop
  endfacet
  facet normal -0.650019 -0.578417 0.492859
    outer loop
      vertex 19.6389 -0.626009 -3.5022
      vertex 19.3244 0.134096 -3.02493
      vertex 19.2947 -1.07955 -4.48843
    endloop
  endfacet
  facet normal -0.660661 -0.570444 0.487975
    outer loop
      vertex 19.8569 -0.469934 -3.02493
      vertex 19.9772 -0.435864 -2.82223
      vertex 19.9785 -0.409551 -2.78971
    endloop
  endfacet
  facet normal -0.661573 -0.569115 0.488293
    outer loop
      vertex 19.9772 -0.435864 -2.82223
      vertex 19.8569 -0.469934 -3.02493
      vertex 19.6389 -0.626009 -3.5022
    endloop
  endfacet
  facet normal -0.156184 0.774641 -0.612811
    outer loop
      vertex 19.1552 -2.55503 0.0863361
      vertex 18.957 -3.75275 -1.37716
      vertex 18.3658 -2.71419 0.0863361
    endloop
  endfacet
  facet normal 0.250472 0.744278 -0.619123
    outer loop
      vertex 18.3658 -2.71419 0.0863361
      vertex 18.1591 -3.86203 -1.37716
      vertex 17.6026 -2.45735 0.0863361
    endloop
  endfacet
  facet normal 0.935819 -0.314889 0.158394
    outer loop
      vertex 16.6935 0.0143528 -2.0387
      vertex 16.3427 -1.02819 -2.0387
      vertex 16.2458 -2.05233 -3.5022
    endloop
  endfacet
  facet normal 0.106578 -0.778032 0.619118
    outer loop
      vertex 18.5491 -0.775296 -4.48843
      vertex 18.5612 0.39094 -3.02493
      vertex 17.7513 -0.884582 -4.48843
    endloop
  endfacet
  facet normal -0.6548 -0.577258 0.487862
    outer loop
      vertex 19.6389 -0.626009 -3.5022
      vertex 19.8569 -0.469934 -3.02493
      vertex 19.3244 0.134096 -3.02493
    endloop
  endfacet
  facet normal -0.69422 -0.529226 0.487831
    outer loop
      vertex 19.9128 -1.66345 -4.25429
      vertex 19.9292 -1.35055 -3.8915
      vertex 19.7882 -1.71583 -4.48843
    endloop
  endfacet
  facet normal -0.557432 0.670364 -0.489777
    outer loop
      vertex 19.713 -3.21095 -1.44628
      vertex 19.4084 -3.06504 -0.899896
      vertex 19.1552 -2.55503 0.0863361
    endloop
  endfacet
  facet normal -0.557442 0.670353 -0.48978
    outer loop
      vertex 19.4084 -3.06504 -0.899896
      vertex 19.713 -3.21095 -1.44628
      vertex 19.6975 -3.30887 -1.56266
    endloop
  endfacet
  facet normal 0.303027 0.742478 -0.597412
    outer loop
      vertex 17.6026 -2.45735 0.0863361
      vertex 18.1591 -3.86203 -1.37716
      vertex 17.4136 -3.55777 -1.37716
    endloop
  endfacet
  facet normal -0.542833 0.683371 -0.488197
    outer loop
      vertex 19.6975 -3.30887 -1.56266
      vertex 19.5932 -3.2592 -1.37716
      vertex 19.4084 -3.06504 -0.899896
    endloop
  endfacet
  facet normal -0.543008 0.683196 -0.488248
    outer loop
      vertex 19.5932 -3.2592 -1.37716
      vertex 19.6975 -3.30887 -1.56266
      vertex 19.6933 -3.33517 -1.59479
    endloop
  endfacet
  facet normal -0.535087 0.689742 -0.487789
    outer loop
      vertex 19.4084 -3.06504 -0.899896
      vertex 19.5932 -3.2592 -1.37716
      vertex 18.957 -3.75275 -1.37716
    endloop
  endfacet
  facet normal -0.530061 0.689989 -0.492899
    outer loop
      vertex 19.1552 -2.55503 0.0863361
      vertex 19.4084 -3.06504 -0.899896
      vertex 18.957 -3.75275 -1.37716
    endloop
  endfacet
  facet normal -0.604744 0.628683 -0.48892
    outer loop
      vertex 19.8958 -1.98768 -0.0323145
      vertex 19.5625 -1.84034 0.569402
      vertex 19.2778 -1.34722 1.55563
    endloop
  endfacet
  facet normal -0.604834 0.628578 -0.488944
    outer loop
      vertex 19.5625 -1.84034 0.569402
      vertex 19.8958 -1.98768 -0.0323145
      vertex 19.8908 -2.08363 -0.149481
    endloop
  endfacet
  facet normal 0.608612 0.608496 -0.509239
    outer loop
      vertex 17.3676 -1.28579 1.20539
      vertex 17.6026 -2.45735 0.0863361
      vertex 17.2844 -1.26924 1.12573
    endloop
  endfacet
  facet normal 0.608485 0.608552 -0.509324
    outer loop
      vertex 17.6026 -2.45735 0.0863361
      vertex 17.3676 -1.28579 1.20539
      vertex 17.7222 -1.34722 1.55563
    endloop
  endfacet
  facet normal -0.579814 0.655622 -0.483711
    outer loop
      vertex 19.7952 -2.22014 -0.219913
      vertex 19.8908 -2.08363 -0.149481
      vertex 19.8904 -2.09057 -0.158408
    endloop
  endfacet
  facet normal -0.578009 0.655634 -0.48585
    outer loop
      vertex 19.8908 -2.08363 -0.149481
      vertex 19.4797 -2.49822 -0.219873
      vertex 19.5625 -1.84034 0.569402
    endloop
  endfacet
  facet normal -0.577836 0.655523 -0.486204
    outer loop
      vertex 19.8908 -2.08363 -0.149481
      vertex 19.7952 -2.22014 -0.219913
      vertex 19.4797 -2.49822 -0.219873
    endloop
  endfacet
  facet normal -0.578172 0.655454 -0.485898
    outer loop
      vertex 19.7952 -2.22014 -0.219913
      vertex 19.8904 -2.09057 -0.158408
      vertex 19.8669 -2.23936 -0.331156
    endloop
  endfacet
  facet normal 0.634223 0.598122 -0.48991
    outer loop
      vertex 16.6597 -1.06252 0.569402
      vertex 17.2518 -2.36071 -0.249018
      vertex 17.1672 -2.33529 -0.327504
    endloop
  endfacet
  facet normal 0.634346 0.598097 -0.489782
    outer loop
      vertex 17.2518 -2.36071 -0.249018
      vertex 16.6597 -1.06252 0.569402
      vertex 17.1857 -1.30452 0.955138
    endloop
  endfacet
  facet normal 0.634233 0.598119 -0.4899
    outer loop
      vertex 16.6597 -1.06252 0.569402
      vertex 17.1672 -2.33529 -0.327504
      vertex 17.1052 -2.38901 -0.473357
    endloop
  endfacet
  facet normal -0.569247 0.657789 -0.493226
    outer loop
      vertex 19.2778 -1.34722 1.55563
      vertex 19.5625 -1.84034 0.569402
      vertex 19.1552 -2.55503 0.0863361
    endloop
  endfacet
  facet normal 0.953812 -0.255572 0.157877
    outer loop
      vertex 16.6597 1.06252 -0.569402
      vertex 16.375 0 -0.569402
      vertex 16.3427 -1.02819 -2.0387
    endloop
  endfacet
  facet normal 0.595537 -0.636753 0.489776
    outer loop
      vertex 16.6935 0.0143528 -2.0387
      vertex 17.2844 1.26924 -1.12573
      vertex 17.2273 1.32446 -0.984509
    endloop
  endfacet
  facet normal 0.595569 -0.636747 0.489746
    outer loop
      vertex 16.6935 0.0143528 -2.0387
      vertex 17.3676 1.28579 -1.20539
      vertex 17.2844 1.26924 -1.12573
    endloop
  endfacet
  facet normal 0.595519 -0.636754 0.489798
    outer loop
      vertex 17.3676 1.28579 -1.20539
      vertex 16.6935 0.0143528 -2.0387
      vertex 17.2322 0.210991 -2.43804
    endloop
  endfacet
  facet normal -0.157743 0.782372 -0.602504
    outer loop
      vertex 18.5 -1.55563 1.55563
      vertex 19.1552 -2.55503 0.0863361
      vertex 18.3658 -2.71419 0.0863361
    endloop
  endfacet
  facet normal 0.256136 0.761109 -0.595908
    outer loop
      vertex 17.7222 -1.34722 1.55563
      vertex 18.3658 -2.71419 0.0863361
      vertex 17.6026 -2.45735 0.0863361
    endloop
  endfacet
  facet normal 0.569159 -0.645542 0.509248
    outer loop
      vertex 17.4112 0.177802 -2.69044
      vertex 17.7222 1.34722 -1.55563
      vertex 17.3242 0.164332 -2.61028
    endloop
  endfacet
  facet normal 0.569061 -0.645578 0.509312
    outer loop
      vertex 17.7222 1.34722 -1.55563
      vertex 17.4112 0.177802 -2.69044
      vertex 17.7718 0.231775 -3.02493
    endloop
  endfacet
  facet normal 0.919634 -0.309443 0.241906
    outer loop
      vertex 16.6935 0.0143528 -2.0387
      vertex 16.6597 1.06252 -0.569402
      vertex 16.3427 -1.02819 -2.0387
    endloop
  endfacet
  facet normal 0.626913 -0.627259 0.462089
    outer loop
      vertex 17.1857 1.30452 -0.955138
      vertex 16.6935 0.0143528 -2.0387
      vertex 17.2273 1.32446 -0.984509
    endloop
  endfacet
  facet normal 0.627213 -0.627153 0.461826
    outer loop
      vertex 16.6935 0.0143528 -2.0387
      vertex 17.1857 1.30452 -0.955138
      vertex 16.6597 1.06252 -0.569402
    endloop
  endfacet
  facet normal 0.937224 0.251127 -0.241964
    outer loop
      vertex 16.6597 -1.06252 0.569402
      vertex 16.5601 -2.10649 -0.899896
      vertex 16.375 0 0.569402
    endloop
  endfacet
  facet normal -0.204828 0.764433 -0.611299
    outer loop
      vertex 19.2778 -1.34722 1.55563
      vertex 19.1552 -2.55503 0.0863361
      vertex 18.5 -1.55563 1.55563
    endloop
  endfacet
  facet normal -0.574984 0.65713 -0.487415
    outer loop
      vertex 19.5625 -1.84034 0.569402
      vertex 19.4797 -2.49822 -0.219873
      vertex 19.1552 -2.55503 0.0863361
    endloop
  endfacet
  facet normal -0.616761 0.616936 -0.488872
    outer loop
      vertex 19.9397 -1.15115 0.967906
      vertex 19.5934 -1.34518 1.15994
      vertex 19.9095 -1.02917 1.15994
    endloop
  endfacet
  facet normal -0.616906 0.6168 -0.488861
    outer loop
      vertex 19.5934 -1.34518 1.15994
      vertex 19.8958 -1.98768 -0.0323145
      vertex 19.2778 -1.34722 1.55563
    endloop
  endfacet
  facet normal -0.616762 0.616921 -0.488889
    outer loop
      vertex 19.8958 -1.98768 -0.0323145
      vertex 19.5934 -1.34518 1.15994
      vertex 19.9397 -1.15115 0.967906
    endloop
  endfacet
  facet normal -0.621418 0.613434 -0.48738
    outer loop
      vertex 19.9459 -1.03199 1.10998
      vertex 19.9397 -1.15115 0.967906
      vertex 19.9095 -1.02917 1.15994
    endloop
  endfacet
  facet normal -0.206568 -0.770926 0.602497
    outer loop
      vertex 18.5612 0.39094 -3.02493
      vertex 19.2778 1.34722 -1.55563
      vertex 18.5 1.55563 -1.55563
    endloop
  endfacet
  facet normal -0.615086 -0.619771 0.487394
    outer loop
      vertex 19.6395 0.608363 -2.0387
      vertex 19.5934 1.34518 -1.15994
      vertex 19.2778 1.34722 -1.55563
    endloop
  endfacet
  facet normal 0.203556 0.759683 -0.617614
    outer loop
      vertex 18.5 -1.55563 1.55563
      vertex 18.3658 -2.71419 0.0863361
      vertex 17.7222 -1.34722 1.55563
    endloop
  endfacet
  facet normal 0.633584 0.598545 -0.49022
    outer loop
      vertex 17.6026 -2.45735 0.0863361
      vertex 17.2273 -1.32446 0.984509
      vertex 17.2844 -1.26924 1.12573
    endloop
  endfacet
  facet normal 0.633553 0.598556 -0.490246
    outer loop
      vertex 17.2273 -1.32446 0.984509
      vertex 17.6026 -2.45735 0.0863361
      vertex 17.2518 -2.36071 -0.249018
    endloop
  endfacet
  facet normal 0.633243 0.598747 -0.490413
    outer loop
      vertex 17.1857 -1.30452 0.955138
      vertex 17.2273 -1.32446 0.984509
      vertex 17.2518 -2.36071 -0.249018
    endloop
  endfacet
  facet normal -0.617865 -0.618041 0.486075
    outer loop
      vertex 19.5934 1.34518 -1.15994
      vertex 19.9573 0.814328 -1.37235
      vertex 19.9095 1.02917 -1.15994
    endloop
  endfacet
  facet normal -0.618054 -0.618063 0.485806
    outer loop
      vertex 19.9573 0.814328 -1.37235
      vertex 19.5934 1.34518 -1.15994
      vertex 19.6395 0.608363 -2.0387
    endloop
  endfacet
  facet normal -0.6186 -0.617703 0.485568
    outer loop
      vertex 19.9459 1.03199 -1.10998
      vertex 19.9095 1.02917 -1.15994
      vertex 19.9573 0.814328 -1.37235
    endloop
  endfacet
  facet normal 0.999507 -0.0313989 2.59717e-18
    outer loop
      vertex 16.3427 -1.02819 -0.899896
      vertex 16.375 0 -0.569402
      vertex 16.375 0 0.569402
    endloop
  endfacet
  facet normal 0.999507 -0.0313989 2.59717e-18
    outer loop
      vertex 16.375 0 -0.569402
      vertex 16.3427 -1.02819 -0.899896
      vertex 16.3427 -1.02819 -2.0387
    endloop
  endfacet
  facet normal 0.594642 -0.6372 0.490283
    outer loop
      vertex 17.2322 0.210991 -2.43804
      vertex 17.7222 1.34722 -1.55563
      vertex 17.3676 1.28579 -1.20539
    endloop
  endfacet
  facet normal 0.593991 -0.637365 0.490857
    outer loop
      vertex 17.2693 0.225227 -2.46445
      vertex 17.7222 1.34722 -1.55563
      vertex 17.2322 0.210991 -2.43804
    endloop
  endfacet
  facet normal 0.594979 -0.637087 0.490021
    outer loop
      vertex 17.7222 1.34722 -1.55563
      vertex 17.2693 0.225227 -2.46445
      vertex 17.3242 0.164332 -2.61028
    endloop
  endfacet
  facet normal 0.155449 -0.770969 0.61761
    outer loop
      vertex 18.5612 0.39094 -3.02493
      vertex 18.5 1.55563 -1.55563
      vertex 17.7718 0.231775 -3.02493
    endloop
  endfacet
  facet normal 0.967986 0.195159 -0.157849
    outer loop
      vertex 16.375 0 0.569402
      vertex 16.5601 -2.10649 -0.899896
      vertex 16.3427 -1.02819 -0.899896
    endloop
  endfacet
  facet normal -0.654376 -0.576904 0.48885
    outer loop
      vertex 19.3244 0.134096 -3.02493
      vertex 20 0 -2.27882
      vertex 19.9624 0.717162 -1.48281
    endloop
  endfacet
  facet normal -0.654156 -0.577396 0.488563
    outer loop
      vertex 19.3244 0.134096 -3.02493
      vertex 19.999 -0.0195554 -2.30327
      vertex 20 0 -2.27882
    endloop
  endfacet
  facet normal -0.654375 -0.576883 0.488876
    outer loop
      vertex 19.999 -0.0195554 -2.30327
      vertex 19.3244 0.134096 -3.02493
      vertex 19.8569 -0.469934 -3.02493
    endloop
  endfacet
  facet normal 0.665341 0.586532 -0.461846
    outer loop
      vertex 16.6597 -1.06252 0.569402
      vertex 17.0699 -2.37056 -0.500834
      vertex 16.5601 -2.10649 -0.899896
    endloop
  endfacet
  facet normal 0.665711 0.586375 -0.461512
    outer loop
      vertex 17.0699 -2.37056 -0.500834
      vertex 16.6597 -1.06252 0.569402
      vertex 17.1052 -2.38901 -0.473357
    endloop
  endfacet
  facet normal 0.207846 -0.775696 0.595899
    outer loop
      vertex 17.7718 0.231775 -3.02493
      vertex 18.5 1.55563 -1.55563
      vertex 17.7222 1.34722 -1.55563
    endloop
  endfacet
  facet normal -0.60938 -0.620792 0.493228
    outer loop
      vertex 19.3244 0.134096 -3.02493
      vertex 19.6395 0.608363 -2.0387
      vertex 19.2778 1.34722 -1.55563
    endloop
  endfacet
  facet normal -0.643006 -0.589522 0.488884
    outer loop
      vertex 19.6395 0.608363 -2.0387
      vertex 19.9624 0.717162 -1.48281
      vertex 19.9573 0.814328 -1.37235
    endloop
  endfacet
  facet normal -0.643083 -0.589417 0.488909
    outer loop
      vertex 19.9624 0.717162 -1.48281
      vertex 19.6395 0.608363 -2.0387
      vertex 19.3244 0.134096 -3.02493
    endloop
  endfacet
  facet normal -0.658313 -0.573515 0.48755
    outer loop
      vertex 19.9785 -0.409551 -2.78971
      vertex 19.999 -0.0195554 -2.30327
      vertex 19.8569 -0.469934 -3.02493
    endloop
  endfacet
  facet normal -0.252426 -0.750071 0.611289
    outer loop
      vertex 19.3244 0.134096 -3.02493
      vertex 19.2778 1.34722 -1.55563
      vertex 18.5612 0.39094 -3.02493
    endloop
  endfacet
  facet normal 0.62931 0.777155 -7.66248e-18
    outer loop
      vertex 13.3826 14.8629 30
      vertex 11.7557 16.1803 20.7671
      vertex 11.7557 16.1803 30
    endloop
  endfacet
  facet normal 0.629291 0.77717 5.35022e-06
    outer loop
      vertex 13.3826 14.8629 30
      vertex 12.1756 15.8403 20.4483
      vertex 11.7557 16.1803 20.7671
    endloop
  endfacet
  facet normal 0.629261 0.777194 1.16921e-05
    outer loop
      vertex 13.3826 14.8629 30
      vertex 12.4099 15.6506 20.2692
      vertex 12.1756 15.8403 20.4483
    endloop
  endfacet
  facet normal 0.629355 0.777118 -3.9148e-06
    outer loop
      vertex 13.3826 14.8629 30
      vertex 13.1399 15.0594 19.564
      vertex 12.4099 15.6506 20.2692
    endloop
  endfacet
  facet normal 0.629253 0.7772 -1.31158e-19
    outer loop
      vertex 13.1399 15.0594 19.564
      vertex 13.3826 14.8629 30
      vertex 13.3826 14.8629 19.3287
    endloop
  endfacet
  facet normal 0.62931 0.777155 -1.5575e-18
    outer loop
      vertex 11.7557 16.1803 -30
      vertex 13.3826 14.8629 15.4234
      vertex 13.3826 14.8629 -30
    endloop
  endfacet
  facet normal 0.629358 0.777116 -2.87386e-06
    outer loop
      vertex 13.3826 14.8629 15.4234
      vertex 11.7557 16.1803 -30
      vertex 13.0502 15.1321 15.7364
    endloop
  endfacet
  facet normal 0.629324 0.777143 -1.26975e-06
    outer loop
      vertex 13.0502 15.1321 15.7364
      vertex 11.7557 16.1803 -30
      vertex 12.3068 15.7341 16.4776
    endloop
  endfacet
  facet normal 0.629132 0.777298 2.4871e-06
    outer loop
      vertex 12.3068 15.7341 16.4776
      vertex 11.7557 16.1803 -30
      vertex 12.0744 15.9222 16.7096
    endloop
  endfacet
  facet normal 0.629353 0.77712 1.01154e-19
    outer loop
      vertex 12.0744 15.9222 16.7096
      vertex 11.7557 16.1803 -30
      vertex 11.7557 16.1803 17.044
    endloop
  endfacet
  facet normal -0.258916 0.9659 3.7326e-19
    outer loop
      vertex -4.78459 19.3951 24.3495
      vertex -4.15823 19.563 30
      vertex -4.15823 19.563 24.4849
    endloop
  endfacet
  facet normal -0.258853 0.965917 -7.4211e-06
    outer loop
      vertex -4.15823 19.563 30
      vertex -4.78459 19.3951 24.3495
      vertex -6.18034 19.0211 30
    endloop
  endfacet
  facet normal -0.258777 0.965937 1.28266e-05
    outer loop
      vertex -5.2747 19.2638 24.2205
      vertex -6.18034 19.0211 30
      vertex -4.78459 19.3951 24.3495
    endloop
  endfacet
  facet normal -0.258879 0.96591 -4.22985e-06
    outer loop
      vertex -6.0351 19.06 23.9414
      vertex -6.18034 19.0211 30
      vertex -5.2747 19.2638 24.2205
    endloop
  endfacet
  facet normal -0.258714 0.965954 0
    outer loop
      vertex -6.18034 19.0211 30
      vertex -6.0351 19.06 23.9414
      vertex -6.18034 19.0211 23.8806
    endloop
  endfacet
  facet normal -0.257956 0.966152 -0.0030199
    outer loop
      vertex -4.15823 19.563 21.272
      vertex -5.15919 19.2947 20.9358
      vertex -4.68293 19.4224 21.1092
    endloop
  endfacet
  facet normal -0.258468 0.966019 -0.00114522
    outer loop
      vertex -5.15919 19.2947 20.9358
      vertex -6.18034 19.0211 20.6138
      vertex -5.93068 19.088 20.6991
    endloop
  endfacet
  facet normal -0.258903 0.965903 0
    outer loop
      vertex -4.15823 19.563 -30
      vertex -5.15919 19.2947 20.9358
      vertex -4.15823 19.563 21.272
    endloop
  endfacet
  facet normal -0.258805 0.96593 2.06508e-06
    outer loop
      vertex -4.15823 19.563 -30
      vertex -6.18034 19.0211 20.6138
      vertex -5.15919 19.2947 20.9358
    endloop
  endfacet
  facet normal -0.258853 0.965917 0
    outer loop
      vertex -6.18034 19.0211 20.6138
      vertex -4.15823 19.563 -30
      vertex -6.18034 19.0211 -30
    endloop
  endfacet
  facet normal -0.891035 0.453935 0
    outer loop
      vertex -17.3205 10 -30
      vertex -17.547 9.5554 8.99199
      vertex -17.3205 10 9.54265
    endloop
  endfacet
  facet normal -0.890992 0.454019 1.20501e-06
    outer loop
      vertex -17.3205 10 -30
      vertex -17.6988 9.2575 8.62523
      vertex -17.547 9.5554 8.99199
    endloop
  endfacet
  facet normal -0.890984 0.454034 1.57251e-06
    outer loop
      vertex -17.3205 10 -30
      vertex -18.1104 8.44979 7.67493
      vertex -17.6988 9.2575 8.62523
    endloop
  endfacet
  facet normal -0.890986 0.454031 1.40103e-06
    outer loop
      vertex -17.3205 10 -30
      vertex -18.263 8.15033 7.32566
      vertex -18.1104 8.44979 7.67493
    endloop
  endfacet
  facet normal -0.891007 0.45399 0
    outer loop
      vertex -18.2709 8.13473 7.30838
      vertex -17.3205 10 -30
      vertex -18.2709 8.13473 -30
    endloop
  endfacet
  facet normal -0.892069 0.451899 -0.000131589
    outer loop
      vertex -17.3205 10 -30
      vertex -18.2709 8.13473 7.30838
      vertex -18.263 8.15033 7.32566
    endloop
  endfacet
  facet normal -0.889935 0.456087 0.000305218
    outer loop
      vertex -18.2709 8.13473 30
      vertex -17.3205 10 13.8416
      vertex -17.3285 9.9844 13.8268
    endloop
  endfacet
  facet normal -0.891096 0.453815 -2.23138e-05
    outer loop
      vertex -18.2709 8.13473 30
      vertex -17.3285 9.9844 13.8268
      vertex -17.481 9.68494 13.4997
    endloop
  endfacet
  facet normal -0.890985 0.454032 3.41165e-06
    outer loop
      vertex -18.2709 8.13473 30
      vertex -17.481 9.68494 13.4997
      vertex -17.8926 8.87723 12.611
    endloop
  endfacet
  facet normal -0.890987 0.454029 3.22141e-06
    outer loop
      vertex -18.2709 8.13473 30
      vertex -17.8926 8.87723 12.611
      vertex -18.0444 8.57934 12.2443
    endloop
  endfacet
  facet normal -0.891039 0.453927 0
    outer loop
      vertex -18.2709 8.13473 30
      vertex -18.0444 8.57934 12.2443
      vertex -18.2709 8.13473 11.6936
    endloop
  endfacet
  facet normal -0.891007 0.45399 0
    outer loop
      vertex -17.3205 10 13.8416
      vertex -18.2709 8.13473 30
      vertex -17.3205 10 30
    endloop
  endfacet
  facet normal 0.933871 -0.357609 1.52007e-20
    outer loop
      vertex 19.0141 -6.19862 -9.47341
      vertex 19.0211 -6.18034 -30
      vertex 19.0211 -6.18034 -9.45014
    endloop
  endfacet
  facet normal 0.933626 -0.358249 -6.5322e-07
    outer loop
      vertex 18.8742 -6.56321 -9.93453
      vertex 19.0211 -6.18034 -30
      vertex 19.0141 -6.19862 -9.47341
    endloop
  endfacet
  facet normal 0.933578 -0.358375 -3.40508e-06
    outer loop
      vertex 18.5365 -7.44292 -10.9498
      vertex 19.0211 -6.18034 -30
      vertex 18.8742 -6.56321 -9.93453
    endloop
  endfacet
  facet normal 0.933566 -0.358406 -5.822e-06
    outer loop
      vertex 18.4242 -7.73543 -11.2847
      vertex 19.0211 -6.18034 -30
      vertex 18.5365 -7.44292 -10.9498
    endloop
  endfacet
  facet normal 0.933564 -0.35841 -6.11643e-06
    outer loop
      vertex 18.2709 -8.13473 -11.6936
      vertex 19.0211 -6.18034 -30
      vertex 18.4242 -7.73543 -11.2847
    endloop
  endfacet
  facet normal 0.933584 -0.35836 -1.28159e-18
    outer loop
      vertex 19.0211 -6.18034 -30
      vertex 18.2709 -8.13473 -11.6936
      vertex 18.2709 -8.13473 -30
    endloop
  endfacet
  facet normal 0.933584 -0.35836 -6.70471e-19
    outer loop
      vertex 18.2709 -8.13473 30
      vertex 19.0211 -6.18034 -4.99214
      vertex 19.0211 -6.18034 30
    endloop
  endfacet
  facet normal 0.933601 -0.358313 2.97211e-06
    outer loop
      vertex 19.0211 -6.18034 -4.99214
      vertex 18.2709 -8.13473 30
      vertex 18.7195 -6.96618 -5.89282
    endloop
  endfacet
  facet normal 0.933521 -0.358522 -4.80796e-06
    outer loop
      vertex 18.7195 -6.96618 -5.89282
      vertex 18.2709 -8.13473 30
      vertex 18.608 -7.2565 -6.24246
    endloop
  endfacet
  facet normal 0.933588 -0.358349 -1.97711e-19
    outer loop
      vertex 18.608 -7.2565 -6.24246
      vertex 18.2709 -8.13473 30
      vertex 18.2709 -8.13473 -7.30838
    endloop
  endfacet
  facet normal -0.453969 -0.891018 0
    outer loop
      vertex -10 -17.3205 -30
      vertex -9.2575 -17.6988 -22.511
      vertex -10 -17.3205 -22.0112
    endloop
  endfacet
  facet normal -0.453979 -0.891012 1.22977e-06
    outer loop
      vertex -10 -17.3205 -30
      vertex -9.00039 -17.8298 -22.6373
      vertex -9.2575 -17.6988 -22.511
    endloop
  endfacet
  facet normal -0.454046 -0.890978 1.27628e-05
    outer loop
      vertex -10 -17.3205 -30
      vertex -8.15033 -18.263 -23.0452
      vertex -9.00039 -17.8298 -22.6373
    endloop
  endfacet
  facet normal -0.451967 -0.892034 -0.000683228
    outer loop
      vertex -10 -17.3205 -30
      vertex -8.13473 -18.2709 -23.0505
      vertex -8.15033 -18.263 -23.0452
    endloop
  endfacet
  facet normal -0.45399 -0.891007 -0
    outer loop
      vertex -8.13473 -18.2709 -23.0505
      vertex -10 -17.3205 -30
      vertex -8.13473 -18.2709 -30
    endloop
  endfacet
  facet normal -0.45399 -0.891007 0
    outer loop
      vertex -10 -17.3205 -18.4596
      vertex -8.13473 -18.2709 30
      vertex -10 -17.3205 30
    endloop
  endfacet
  facet normal -0.456265 -0.889844 0.0001104
    outer loop
      vertex -9.9844 -17.3285 -18.4688
      vertex -8.13473 -18.2709 30
      vertex -10 -17.3205 -18.4596
    endloop
  endfacet
  facet normal -0.453968 -0.891018 -9.43368e-08
    outer loop
      vertex -9.13434 -17.7616 -19.0039
      vertex -8.13473 -18.2709 30
      vertex -9.9844 -17.3285 -18.4688
    endloop
  endfacet
  facet normal -0.453979 -0.891012 1.94566e-07
    outer loop
      vertex -8.87723 -17.8926 -19.1676
      vertex -8.13473 -18.2709 30
      vertex -9.13434 -17.7616 -19.0039
    endloop
  endfacet
  facet normal -0.453969 -0.891018 -0
    outer loop
      vertex -8.13473 -18.2709 30
      vertex -8.87723 -17.8926 -19.1676
      vertex -8.13473 -18.2709 -19.6673
    endloop
  endfacet
  facet normal 0.891035 0.453935 3.01196e-19
    outer loop
      vertex 17.547 9.5554 8.99199
      vertex 17.3205 10 -30
      vertex 17.3205 10 9.54265
    endloop
  endfacet
  facet normal 0.890992 0.454019 1.20501e-06
    outer loop
      vertex 17.6988 9.2575 8.62523
      vertex 17.3205 10 -30
      vertex 17.547 9.5554 8.99199
    endloop
  endfacet
  facet normal 0.890984 0.454034 1.57251e-06
    outer loop
      vertex 18.1104 8.44979 7.67493
      vertex 17.3205 10 -30
      vertex 17.6988 9.2575 8.62523
    endloop
  endfacet
  facet normal 0.890986 0.454031 1.40103e-06
    outer loop
      vertex 18.263 8.15033 7.32566
      vertex 17.3205 10 -30
      vertex 18.1104 8.44979 7.67493
    endloop
  endfacet
  facet normal 0.892069 0.451899 -0.000131589
    outer loop
      vertex 18.2709 8.13473 7.30838
      vertex 17.3205 10 -30
      vertex 18.263 8.15033 7.32566
    endloop
  endfacet
  facet normal 0.891007 0.45399 -5.92749e-19
    outer loop
      vertex 17.3205 10 -30
      vertex 18.2709 8.13473 7.30838
      vertex 18.2709 8.13473 -30
    endloop
  endfacet
  facet normal 0.891007 0.45399 -1.36861e-18
    outer loop
      vertex 18.2709 8.13473 30
      vertex 17.3205 10 13.8416
      vertex 17.3205 10 30
    endloop
  endfacet
  facet normal 0.889935 0.456087 0.000305218
    outer loop
      vertex 17.3205 10 13.8416
      vertex 18.2709 8.13473 30
      vertex 17.3285 9.9844 13.8268
    endloop
  endfacet
  facet normal 0.891096 0.453815 -2.23138e-05
    outer loop
      vertex 17.3285 9.9844 13.8268
      vertex 18.2709 8.13473 30
      vertex 17.481 9.68494 13.4997
    endloop
  endfacet
  facet normal 0.890985 0.454032 3.41165e-06
    outer loop
      vertex 17.481 9.68494 13.4997
      vertex 18.2709 8.13473 30
      vertex 17.8926 8.87723 12.611
    endloop
  endfacet
  facet normal 0.890987 0.454029 3.22141e-06
    outer loop
      vertex 17.8926 8.87723 12.611
      vertex 18.2709 8.13473 30
      vertex 18.0444 8.57934 12.2443
    endloop
  endfacet
  facet normal 0.891039 0.453927 2.27e-19
    outer loop
      vertex 18.0444 8.57934 12.2443
      vertex 18.2709 8.13473 30
      vertex 18.2709 8.13473 11.6936
    endloop
  endfacet
  facet normal 0.837509 0.546424 -1.44585e-20
    outer loop
      vertex 16.191 11.7393 11.6299
      vertex 16.1803 11.7557 -30
      vertex 16.1803 11.7557 11.6506
    endloop
  endfacet
  facet normal 0.838648 0.544674 -9.81867e-07
    outer loop
      vertex 16.4037 11.4118 11.2179
      vertex 16.1803 11.7557 -30
      vertex 16.191 11.7393 11.6299
    endloop
  endfacet
  facet normal 0.838683 0.54462 -1.61966e-06
    outer loop
      vertex 16.9169 10.6215 10.266
      vertex 16.1803 11.7557 -30
      vertex 16.4037 11.4118 11.2179
    endloop
  endfacet
  facet normal 0.83862 0.544717 2.25859e-06
    outer loop
      vertex 17.0876 10.3587 9.95154
      vertex 16.1803 11.7557 -30
      vertex 16.9169 10.6215 10.266
    endloop
  endfacet
  facet normal 0.838713 0.544573 -4.9084e-06
    outer loop
      vertex 17.3205 10 9.54265
      vertex 16.1803 11.7557 -30
      vertex 17.0876 10.3587 9.95154
    endloop
  endfacet
  facet normal 0.838663 0.544651 8.6966e-19
    outer loop
      vertex 16.1803 11.7557 -30
      vertex 17.3205 10 9.54265
      vertex 17.3205 10 -30
    endloop
  endfacet
  facet normal 0.838663 0.544651 2.42519e-18
    outer loop
      vertex 17.3205 10 30
      vertex 16.1803 11.7557 15.8202
      vertex 16.1803 11.7557 30
    endloop
  endfacet
  facet normal 0.83863 0.544702 9.01017e-06
    outer loop
      vertex 16.1803 11.7557 15.8202
      vertex 17.3205 10 30
      vertex 16.6388 11.0498 15.0924
    endloop
  endfacet
  facet normal 0.838713 0.544573 -3.8627e-06
    outer loop
      vertex 16.6388 11.0498 15.0924
      vertex 17.3205 10 30
      vertex 16.8082 10.7889 14.7827
    endloop
  endfacet
  facet normal 0.838679 0.544626 -1.24475e-18
    outer loop
      vertex 16.8082 10.7889 14.7827
      vertex 17.3205 10 30
      vertex 17.3205 10 13.8416
    endloop
  endfacet
  facet normal 0.356466 0.934297 -0.00450947
    outer loop
      vertex 6.84234 18.767 20.2946
      vertex 6.32072 18.9672 20.54
      vertex 6.73843 18.8069 20.3474
    endloop
  endfacet
  facet normal 0.357848 0.933779 -0.00114858
    outer loop
      vertex 7.73543 18.4242 19.8515
      vertex 6.32072 18.9672 20.54
      vertex 6.84234 18.767 20.2946
    endloop
  endfacet
  facet normal 0.35836 0.933584 4.72367e-19
    outer loop
      vertex 6.18034 19.0211 -30
      vertex 8.13473 18.2709 19.6673
      vertex 8.13473 18.2709 -30
    endloop
  endfacet
  facet normal 0.358893 0.933379 -2.40818e-05
    outer loop
      vertex 8.13473 18.2709 19.6673
      vertex 6.18034 19.0211 -30
      vertex 8.05307 18.3023 19.7044
    endloop
  endfacet
  facet normal 0.35829 0.93361 1.96706e-06
    outer loop
      vertex 8.05307 18.3023 19.7044
      vertex 6.18034 19.0211 -30
      vertex 7.73543 18.4242 19.8515
    endloop
  endfacet
  facet normal 0.358336 0.933593 3.45931e-07
    outer loop
      vertex 7.73543 18.4242 19.8515
      vertex 6.18034 19.0211 -30
      vertex 6.32072 18.9672 20.54
    endloop
  endfacet
  facet normal 0.358444 0.933551 -1.26317e-20
    outer loop
      vertex 6.32072 18.9672 20.54
      vertex 6.18034 19.0211 -30
      vertex 6.18034 19.0211 20.6138
    endloop
  endfacet
  facet normal 0.35836 0.933584 3.83391e-18
    outer loop
      vertex 8.13473 18.2709 30
      vertex 6.18034 19.0211 23.8806
      vertex 6.18034 19.0211 30
    endloop
  endfacet
  facet normal 0.358286 0.933612 2.70432e-05
    outer loop
      vertex 8.13473 18.2709 30
      vertex 6.42164 18.9285 23.8104
      vertex 6.18034 19.0211 23.8806
    endloop
  endfacet
  facet normal 0.358337 0.933592 1.09041e-05
    outer loop
      vertex 8.13473 18.2709 30
      vertex 7.1673 18.6423 23.5229
      vertex 6.42164 18.9285 23.8104
    endloop
  endfacet
  facet normal 0.358382 0.933575 3.0891e-06
    outer loop
      vertex 8.13473 18.2709 30
      vertex 7.6276 18.4656 23.3124
      vertex 7.1673 18.6423 23.5229
    endloop
  endfacet
  facet normal 0.358535 0.933516 -1.01598e-05
    outer loop
      vertex 8.13473 18.2709 30
      vertex 7.95462 18.34 23.1435
      vertex 7.6276 18.4656 23.3124
    endloop
  endfacet
  facet normal 0.358197 0.933646 5.21249e-19
    outer loop
      vertex 7.95462 18.34 23.1435
      vertex 8.13473 18.2709 30
      vertex 8.13473 18.2709 23.0505
    endloop
  endfacet
  facet normal 0.156634 0.987656 0.00123411
    outer loop
      vertex 2.6892 19.7956 21.5684
      vertex 2.09057 19.8904 21.6788
      vertex 2.36076 19.8476 21.6388
    endloop
  endfacet
  facet normal 0.156772 0.987633 0.00180455
    outer loop
      vertex 3.90351 19.6033 21.32
      vertex 2.6892 19.7956 21.5684
      vertex 3.43858 19.6769 21.4299
    endloop
  endfacet
  facet normal 0.156412 0.987692 6.13681e-10
    outer loop
      vertex 2.09057 19.8904 -30
      vertex 2.6892 19.7956 21.5684
      vertex 3.90351 19.6033 21.32
    endloop
  endfacet
  facet normal 0.156395 0.987695 2.495e-19
    outer loop
      vertex 2.09057 19.8904 -30
      vertex 4.15823 19.563 21.272
      vertex 4.15823 19.563 -30
    endloop
  endfacet
  facet normal 0.15627 0.987714 5.15127e-06
    outer loop
      vertex 4.15823 19.563 21.272
      vertex 2.09057 19.8904 -30
      vertex 3.90351 19.6033 21.32
    endloop
  endfacet
  facet normal 0.156412 0.987692 4.71626e-20
    outer loop
      vertex 2.6892 19.7956 21.5684
      vertex 2.09057 19.8904 -30
      vertex 2.09057 19.8904 21.6788
    endloop
  endfacet
  facet normal 0.156395 0.987695 9.76916e-06
    outer loop
      vertex 2.81022 19.7765 24.7711
      vertex 2.09057 19.8904 30
      vertex 4.15823 19.563 30
    endloop
  endfacet
  facet normal 0.156335 0.987704 0
    outer loop
      vertex 2.09057 19.8904 30
      vertex 2.42289 19.8378 24.8199
      vertex 2.09057 19.8904 24.8445
    endloop
  endfacet
  facet normal 0.156186 0.987728 -9.82013e-06
    outer loop
      vertex 2.09057 19.8904 30
      vertex 2.50447 19.8249 24.8134
      vertex 2.42289 19.8378 24.8199
    endloop
  endfacet
  facet normal 0.156694 0.987647 3.17297e-05
    outer loop
      vertex 2.09057 19.8904 30
      vertex 2.52401 19.8218 24.8107
      vertex 2.50447 19.8249 24.8134
    endloop
  endfacet
  facet normal 0.156329 0.987705 5.55728e-07
    outer loop
      vertex 2.09057 19.8904 30
      vertex 2.81022 19.7765 24.7711
      vertex 2.52401 19.8218 24.8107
    endloop
  endfacet
  facet normal 0.156445 0.987687 -3.37362e-06
    outer loop
      vertex 4.15823 19.563 30
      vertex 3.55961 19.6578 24.6326
      vertex 2.81022 19.7765 24.7711
    endloop
  endfacet
  facet normal 0.156616 0.98766 -2.29421e-05
    outer loop
      vertex 4.15823 19.563 30
      vertex 3.9859 19.5902 24.5412
      vertex 3.55961 19.6578 24.6326
    endloop
  endfacet
  facet normal 0.155907 0.987772 -3.07673e-19
    outer loop
      vertex 3.9859 19.5902 24.5412
      vertex 4.15823 19.563 30
      vertex 4.15823 19.563 24.4849
    endloop
  endfacet
  facet normal -0.707107 0.707107 -3.21379e-16
    outer loop
      vertex -14.8629 13.3826 30
      vertex -13.3826 14.8629 19.3287
      vertex -13.395 14.8505 19.3185
    endloop
  endfacet
  facet normal -0.707107 0.707107 1.57136e-18
    outer loop
      vertex -14.8629 13.3826 30
      vertex -13.395 14.8505 19.3185
      vertex -14.0696 14.1759 18.6103
    endloop
  endfacet
  facet normal -0.707107 0.707107 -3.35118e-18
    outer loop
      vertex -14.8629 13.3826 30
      vertex -14.0696 14.1759 18.6103
      vertex -14.2736 13.9719 18.3959
    endloop
  endfacet
  facet normal -0.706966 0.707247 1.42734e-05
    outer loop
      vertex -14.8629 13.3826 30
      vertex -14.2736 13.9719 18.3959
      vertex -14.5101 13.7355 18.0979
    endloop
  endfacet
  facet normal -0.707207 0.707007 0
    outer loop
      vertex -14.8629 13.3826 30
      vertex -14.5101 13.7355 18.0979
      vertex -14.8629 13.3826 17.6529
    endloop
  endfacet
  facet normal -0.707107 0.707107 0
    outer loop
      vertex -13.3826 14.8629 19.3287
      vertex -14.8629 13.3826 30
      vertex -13.3826 14.8629 30
    endloop
  endfacet
  facet normal -0.707007 0.707207 0
    outer loop
      vertex -13.3826 14.8629 -30
      vertex -13.7355 14.5101 14.9783
      vertex -13.3826 14.8629 15.4234
    endloop
  endfacet
  facet normal -0.707254 0.70696 -3.87979e-06
    outer loop
      vertex -13.3826 14.8629 -30
      vertex -13.9719 14.2736 14.6804
      vertex -13.7355 14.5101 14.9783
    endloop
  endfacet
  facet normal -0.707107 0.707107 1.85777e-19
    outer loop
      vertex -13.3826 14.8629 -30
      vertex -14.6129 13.6326 13.9115
      vertex -13.9719 14.2736 14.6804
    endloop
  endfacet
  facet normal -0.707107 0.707107 -4.39383e-18
    outer loop
      vertex -13.3826 14.8629 -30
      vertex -14.8505 13.395 13.6273
      vertex -14.6129 13.6326 13.9115
    endloop
  endfacet
  facet normal -0.707107 0.707107 0
    outer loop
      vertex -14.8629 13.3826 13.6132
      vertex -13.3826 14.8629 -30
      vertex -14.8629 13.3826 -30
    endloop
  endfacet
  facet normal -0.707107 0.707107 -8.43525e-17
    outer loop
      vertex -13.3826 14.8629 -30
      vertex -14.8629 13.3826 13.6132
      vertex -14.8505 13.395 13.6273
    endloop
  endfacet
  facet normal -0.156335 0.987704 6.47505e-19
    outer loop
      vertex -2.42289 19.8378 24.8199
      vertex -2.09057 19.8904 30
      vertex -2.09057 19.8904 24.8445
    endloop
  endfacet
  facet normal -0.156186 0.987728 -9.82013e-06
    outer loop
      vertex -2.50447 19.8249 24.8134
      vertex -2.09057 19.8904 30
      vertex -2.42289 19.8378 24.8199
    endloop
  endfacet
  facet normal -0.156694 0.987647 3.17297e-05
    outer loop
      vertex -2.52401 19.8218 24.8107
      vertex -2.09057 19.8904 30
      vertex -2.50447 19.8249 24.8134
    endloop
  endfacet
  facet normal -0.156329 0.987705 5.55728e-07
    outer loop
      vertex -2.81022 19.7765 24.7711
      vertex -2.09057 19.8904 30
      vertex -2.52401 19.8218 24.8107
    endloop
  endfacet
  facet normal -0.156395 0.987695 9.76916e-06
    outer loop
      vertex -2.09057 19.8904 30
      vertex -2.81022 19.7765 24.7711
      vertex -4.15823 19.563 30
    endloop
  endfacet
  facet normal -0.156445 0.987687 -3.37362e-06
    outer loop
      vertex -3.55961 19.6578 24.6326
      vertex -4.15823 19.563 30
      vertex -2.81022 19.7765 24.7711
    endloop
  endfacet
  facet normal -0.156616 0.98766 -2.29421e-05
    outer loop
      vertex -3.9859 19.5902 24.5412
      vertex -4.15823 19.563 30
      vertex -3.55961 19.6578 24.6326
    endloop
  endfacet
  facet normal -0.155907 0.987772 0
    outer loop
      vertex -4.15823 19.563 30
      vertex -3.9859 19.5902 24.5412
      vertex -4.15823 19.563 24.4849
    endloop
  endfacet
  facet normal -0.156634 0.987656 0.00123411
    outer loop
      vertex -2.09057 19.8904 21.6788
      vertex -2.6892 19.7956 21.5684
      vertex -2.36076 19.8476 21.6388
    endloop
  endfacet
  facet normal -0.156412 0.987692 0
    outer loop
      vertex -2.09057 19.8904 -30
      vertex -2.6892 19.7956 21.5684
      vertex -2.09057 19.8904 21.6788
    endloop
  endfacet
  facet normal -0.156772 0.987633 0.00180455
    outer loop
      vertex -2.6892 19.7956 21.5684
      vertex -3.90351 19.6033 21.32
      vertex -3.43858 19.6769 21.4299
    endloop
  endfacet
  facet normal -0.156412 0.987692 6.13681e-10
    outer loop
      vertex -2.6892 19.7956 21.5684
      vertex -2.09057 19.8904 -30
      vertex -3.90351 19.6033 21.32
    endloop
  endfacet
  facet normal -0.15627 0.987714 5.15127e-06
    outer loop
      vertex -2.09057 19.8904 -30
      vertex -4.15823 19.563 21.272
      vertex -3.90351 19.6033 21.32
    endloop
  endfacet
  facet normal -0.156395 0.987695 0
    outer loop
      vertex -4.15823 19.563 21.272
      vertex -2.09057 19.8904 -30
      vertex -4.15823 19.563 -30
    endloop
  endfacet
  facet normal 0.998695 -0.05107 -1.54218e-21
    outer loop
      vertex 19.999 -0.0195554 -2.30327
      vertex 20 0 -30
      vertex 20 0 -2.27882
    endloop
  endfacet
  facet normal 0.998621 -0.052491 -1.00592e-06
    outer loop
      vertex 19.9785 -0.409551 -2.78971
      vertex 20 0 -30
      vertex 19.999 -0.0195554 -2.30327
    endloop
  endfacet
  facet normal 0.998779 -0.0494013 4.56224e-05
    outer loop
      vertex 19.9772 -0.435864 -2.82223
      vertex 20 0 -30
      vertex 19.9785 -0.409551 -2.78971
    endloop
  endfacet
  facet normal 0.998615 -0.0526179 -6.1019e-06
    outer loop
      vertex 19.972 -0.534539 -2.94097
      vertex 20 0 -30
      vertex 19.9772 -0.435864 -2.82223
    endloop
  endfacet
  facet normal 0.998627 -0.0523767 -1.32457e-06
    outer loop
      vertex 19.9292 -1.35055 -3.8915
      vertex 20 0 -30
      vertex 19.972 -0.534539 -2.94097
    endloop
  endfacet
  facet normal 0.998629 -0.0523416 4.95894e-07
    outer loop
      vertex 19.9128 -1.66345 -4.25429
      vertex 20 0 -30
      vertex 19.9292 -1.35055 -3.8915
    endloop
  endfacet
  facet normal 0.998639 -0.0521615 1.21668e-05
    outer loop
      vertex 19.9066 -1.78218 -4.38376
      vertex 20 0 -30
      vertex 19.9128 -1.66345 -4.25429
    endloop
  endfacet
  facet normal 0.998624 -0.05245 -7.96254e-06
    outer loop
      vertex 19.8904 -2.09057 -4.71457
      vertex 20 0 -30
      vertex 19.9066 -1.78218 -4.38376
    endloop
  endfacet
  facet normal 0.998629 -0.052354 1.88693e-19
    outer loop
      vertex 20 0 -30
      vertex 19.8904 -2.09057 -4.71457
      vertex 19.8904 -2.09057 -30
    endloop
  endfacet
  facet normal 0.998629 -0.052354 1.72114e-19
    outer loop
      vertex 19.8904 -2.09057 30
      vertex 20 0 2.27882
      vertex 20 0 30
    endloop
  endfacet
  facet normal 0.998628 -0.0523567 -2.07506e-07
    outer loop
      vertex 20 0 2.27882
      vertex 19.8904 -2.09057 30
      vertex 19.9624 -0.717162 1.48281
    endloop
  endfacet
  facet normal 0.998626 -0.0524121 -2.88004e-06
    outer loop
      vertex 19.9624 -0.717162 1.48281
      vertex 19.8904 -2.09057 30
      vertex 19.9573 -0.814328 1.37235
    endloop
  endfacet
  facet normal 0.998631 -0.0523054 1.89034e-06
    outer loop
      vertex 19.9573 -0.814328 1.37235
      vertex 19.8904 -2.09057 30
      vertex 19.9459 -1.03199 1.10998
    endloop
  endfacet
  facet normal 0.998648 -0.0519772 1.39485e-05
    outer loop
      vertex 19.9459 -1.03199 1.10998
      vertex 19.8904 -2.09057 30
      vertex 19.9397 -1.15115 0.967906
    endloop
  endfacet
  facet normal 0.998626 -0.0524066 1.54787e-08
    outer loop
      vertex 19.9397 -1.15115 0.967906
      vertex 19.8904 -2.09057 30
      vertex 19.8958 -1.98768 -0.0323145
    endloop
  endfacet
  facet normal 0.998645 -0.0520414 1.27002e-06
    outer loop
      vertex 19.8958 -1.98768 -0.0323145
      vertex 19.8904 -2.09057 30
      vertex 19.8908 -2.08363 -0.149481
    endloop
  endfacet
  facet normal 0.998343 -0.0575414 -6.9837e-22
    outer loop
      vertex 19.8908 -2.08363 -0.149481
      vertex 19.8904 -2.09057 30
      vertex 19.8904 -2.09057 -0.158408
    endloop
  endfacet
  facet normal 0.777364 -0.629051 9.64234e-21
    outer loop
      vertex 16.168 -11.7709 -15.8401
      vertex 16.1803 -11.7557 -30
      vertex 16.1803 -11.7557 -15.8202
    endloop
  endfacet
  facet normal 0.777108 -0.629367 -5.61584e-07
    outer loop
      vertex 15.9222 -12.0744 -16.2361
      vertex 16.1803 -11.7557 -30
      vertex 16.168 -11.7709 -15.8401
    endloop
  endfacet
  facet normal 0.777148 -0.629318 1.3171e-06
    outer loop
      vertex 15.3292 -12.8067 -17.065
      vertex 16.1803 -11.7557 -30
      vertex 15.9222 -12.0744 -16.2361
    endloop
  endfacet
  facet normal 0.777263 -0.629175 2.05132e-05
    outer loop
      vertex 15.1321 -13.0502 -17.3399
      vertex 16.1803 -11.7557 -30
      vertex 15.3292 -12.8067 -17.065
    endloop
  endfacet
  facet normal 0.777119 -0.629354 -9.72284e-06
    outer loop
      vertex 14.8629 -13.3826 -17.6529
      vertex 16.1803 -11.7557 -30
      vertex 15.1321 -13.0502 -17.3399
    endloop
  endfacet
  facet normal 0.777155 -0.62931 5.72984e-18
    outer loop
      vertex 16.1803 -11.7557 -30
      vertex 14.8629 -13.3826 -17.6529
      vertex 14.8629 -13.3826 -30
    endloop
  endfacet
  facet normal 0.777155 -0.62931 1.69858e-18
    outer loop
      vertex 14.8629 -13.3826 30
      vertex 16.1803 -11.7557 -11.6506
      vertex 16.1803 -11.7557 30
    endloop
  endfacet
  facet normal 0.77718 -0.629278 2.02252e-06
    outer loop
      vertex 16.1803 -11.7557 -11.6506
      vertex 14.8629 -13.3826 30
      vertex 15.6506 -12.4099 -12.416
    endloop
  endfacet
  facet normal 0.77706 -0.629427 -3.61898e-06
    outer loop
      vertex 15.6506 -12.4099 -12.416
      vertex 14.8629 -13.3826 30
      vertex 15.4549 -12.6515 -12.7126
    endloop
  endfacet
  facet normal 0.777163 -0.629299 6.8707e-20
    outer loop
      vertex 15.4549 -12.6515 -12.7126
      vertex 14.8629 -13.3826 30
      vertex 14.8629 -13.3826 -13.6132
    endloop
  endfacet
  facet normal -0.156329 -0.987705 -5.55728e-07
    outer loop
      vertex -2.09057 -19.8904 -30
      vertex -2.52401 -19.8218 -24.8107
      vertex -2.81022 -19.7765 -24.7711
    endloop
  endfacet
  facet normal -0.155907 -0.987772 0
    outer loop
      vertex -4.15823 -19.563 -30
      vertex -3.9859 -19.5902 -24.5412
      vertex -4.15823 -19.563 -24.4849
    endloop
  endfacet
  facet normal -0.156616 -0.98766 2.29421e-05
    outer loop
      vertex -4.15823 -19.563 -30
      vertex -3.55961 -19.6578 -24.6326
      vertex -3.9859 -19.5902 -24.5412
    endloop
  endfacet
  facet normal -0.156445 -0.987687 3.37362e-06
    outer loop
      vertex -4.15823 -19.563 -30
      vertex -2.81022 -19.7765 -24.7711
      vertex -3.55961 -19.6578 -24.6326
    endloop
  endfacet
  facet normal -0.156395 -0.987695 -9.76916e-06
    outer loop
      vertex -2.09057 -19.8904 -30
      vertex -2.81022 -19.7765 -24.7711
      vertex -4.15823 -19.563 -30
    endloop
  endfacet
  facet normal -0.156694 -0.987647 -3.17297e-05
    outer loop
      vertex -2.52401 -19.8218 -24.8107
      vertex -2.09057 -19.8904 -30
      vertex -2.50447 -19.8249 -24.8134
    endloop
  endfacet
  facet normal -0.156186 -0.987728 9.82013e-06
    outer loop
      vertex -2.50447 -19.8249 -24.8134
      vertex -2.09057 -19.8904 -30
      vertex -2.42289 -19.8378 -24.8199
    endloop
  endfacet
  facet normal -0.156335 -0.987704 -6.47505e-19
    outer loop
      vertex -2.42289 -19.8378 -24.8199
      vertex -2.09057 -19.8904 -30
      vertex -2.09057 -19.8904 -24.8445
    endloop
  endfacet
  facet normal -0.156395 -0.987695 0
    outer loop
      vertex -4.15823 -19.563 -21.272
      vertex -2.09057 -19.8904 30
      vertex -4.15823 -19.563 30
    endloop
  endfacet
  facet normal -0.15627 -0.987714 -5.15127e-06
    outer loop
      vertex -3.90351 -19.6033 -21.32
      vertex -2.09057 -19.8904 30
      vertex -4.15823 -19.563 -21.272
    endloop
  endfacet
  facet normal -0.156772 -0.987633 -0.00180455
    outer loop
      vertex -2.6892 -19.7956 -21.5684
      vertex -3.90351 -19.6033 -21.32
      vertex -3.43858 -19.6769 -21.4299
    endloop
  endfacet
  facet normal -0.156412 -0.987692 -6.13681e-10
    outer loop
      vertex -3.90351 -19.6033 -21.32
      vertex -2.6892 -19.7956 -21.5684
      vertex -2.09057 -19.8904 30
    endloop
  endfacet
  facet normal -0.156634 -0.987656 -0.00123411
    outer loop
      vertex -2.09057 -19.8904 -21.6788
      vertex -2.6892 -19.7956 -21.5684
      vertex -2.36076 -19.8476 -21.6388
    endloop
  endfacet
  facet normal -0.156412 -0.987692 4.71626e-20
    outer loop
      vertex -2.6892 -19.7956 -21.5684
      vertex -2.09057 -19.8904 -21.6788
      vertex -2.09057 -19.8904 30
    endloop
  endfacet
  facet normal -0.707107 -0.707107 8.43525e-17
    outer loop
      vertex -13.3826 -14.8629 30
      vertex -14.8629 -13.3826 -13.6132
      vertex -14.8505 -13.395 -13.6273
    endloop
  endfacet
  facet normal -0.707107 -0.707107 4.39383e-18
    outer loop
      vertex -13.3826 -14.8629 30
      vertex -14.8505 -13.395 -13.6273
      vertex -14.6129 -13.6326 -13.9115
    endloop
  endfacet
  facet normal -0.707107 -0.707107 -1.85777e-19
    outer loop
      vertex -13.3826 -14.8629 30
      vertex -14.6129 -13.6326 -13.9115
      vertex -13.9719 -14.2736 -14.6804
    endloop
  endfacet
  facet normal -0.707254 -0.70696 3.87979e-06
    outer loop
      vertex -13.3826 -14.8629 30
      vertex -13.9719 -14.2736 -14.6804
      vertex -13.7355 -14.5101 -14.9783
    endloop
  endfacet
  facet normal -0.707007 -0.707207 -0
    outer loop
      vertex -13.3826 -14.8629 30
      vertex -13.7355 -14.5101 -14.9783
      vertex -13.3826 -14.8629 -15.4234
    endloop
  endfacet
  facet normal -0.707107 -0.707107 0
    outer loop
      vertex -14.8629 -13.3826 -13.6132
      vertex -13.3826 -14.8629 30
      vertex -14.8629 -13.3826 30
    endloop
  endfacet
  facet normal -0.707207 -0.707007 0
    outer loop
      vertex -14.8629 -13.3826 -30
      vertex -14.5101 -13.7355 -18.0979
      vertex -14.8629 -13.3826 -17.6529
    endloop
  endfacet
  facet normal -0.706966 -0.707247 -1.42734e-05
    outer loop
      vertex -14.8629 -13.3826 -30
      vertex -14.2736 -13.9719 -18.3959
      vertex -14.5101 -13.7355 -18.0979
    endloop
  endfacet
  facet normal -0.707107 -0.707107 3.35118e-18
    outer loop
      vertex -14.8629 -13.3826 -30
      vertex -14.0696 -14.1759 -18.6103
      vertex -14.2736 -13.9719 -18.3959
    endloop
  endfacet
  facet normal -0.707107 -0.707107 -1.57136e-18
    outer loop
      vertex -14.8629 -13.3826 -30
      vertex -13.395 -14.8505 -19.3185
      vertex -14.0696 -14.1759 -18.6103
    endloop
  endfacet
  facet normal -0.707107 -0.707107 -0
    outer loop
      vertex -13.3826 -14.8629 -19.3287
      vertex -14.8629 -13.3826 -30
      vertex -13.3826 -14.8629 -30
    endloop
  endfacet
  facet normal -0.707107 -0.707107 3.21379e-16
    outer loop
      vertex -14.8629 -13.3826 -30
      vertex -13.3826 -14.8629 -19.3287
      vertex -13.395 -14.8505 -19.3185
    endloop
  endfacet
  facet normal 0.965537 0.260266 5.18253e-21
    outer loop
      vertex 19.0262 6.16142 4.96843
      vertex 19.0211 6.18034 -30
      vertex 19.0211 6.18034 4.99214
    endloop
  endfacet
  facet normal 0.96591 0.258878 -8.05677e-07
    outer loop
      vertex 19.1273 5.7842 4.49893
      vertex 19.0211 6.18034 -30
      vertex 19.0262 6.16142 4.96843
    endloop
  endfacet
  facet normal 0.965921 0.258838 -1.29192e-06
    outer loop
      vertex 19.3712 4.87402 3.41898
      vertex 19.0211 6.18034 -30
      vertex 19.1273 5.7842 4.49893
    endloop
  endfacet
  facet normal 0.965921 0.258836 -1.38903e-06
    outer loop
      vertex 19.4523 4.57137 3.06323
      vertex 19.0211 6.18034 -30
      vertex 19.3712 4.87402 3.41898
    endloop
  endfacet
  facet normal 0.966073 0.258271 -3.08567e-05
    outer loop
      vertex 19.483 4.45652 2.93376
      vertex 19.0211 6.18034 -30
      vertex 19.4523 4.57137 3.06323
    endloop
  endfacet
  facet normal 0.96587 0.259029 1.16574e-05
    outer loop
      vertex 19.563 4.15823 2.60295
      vertex 19.0211 6.18034 -30
      vertex 19.483 4.45652 2.93376
    endloop
  endfacet
  facet normal 0.965917 0.258853 -1.30257e-18
    outer loop
      vertex 19.0211 6.18034 -30
      vertex 19.563 4.15823 2.60295
      vertex 19.563 4.15823 -30
    endloop
  endfacet
  facet normal 0.965917 0.258853 -2.06657e-18
    outer loop
      vertex 19.563 4.15823 30
      vertex 19.0211 6.18034 9.45014
      vertex 19.0211 6.18034 30
    endloop
  endfacet
  facet normal 0.965914 0.258864 1.07381e-06
    outer loop
      vertex 19.0211 6.18034 9.45014
      vertex 19.563 4.15823 30
      vertex 19.239 5.36728 8.56918
    endloop
  endfacet
  facet normal 0.965917 0.258851 3.04459e-07
    outer loop
      vertex 19.239 5.36728 8.56918
      vertex 19.563 4.15823 30
      vertex 19.3195 5.06689 8.2127
    endloop
  endfacet
  facet normal 0.965919 0.258844 -4.5787e-19
    outer loop
      vertex 19.3195 5.06689 8.2127
      vertex 19.563 4.15823 30
      vertex 19.563 4.15823 7.12549
    endloop
  endfacet
  facet normal 0.933588 0.358349 1.97711e-19
    outer loop
      vertex 18.608 7.2565 6.24246
      vertex 18.2709 8.13473 -30
      vertex 18.2709 8.13473 7.30838
    endloop
  endfacet
  facet normal 0.933521 0.358522 4.80796e-06
    outer loop
      vertex 18.7195 6.96618 5.89282
      vertex 18.2709 8.13473 -30
      vertex 18.608 7.2565 6.24246
    endloop
  endfacet
  facet normal 0.933601 0.358313 -2.97211e-06
    outer loop
      vertex 19.0211 6.18034 4.99214
      vertex 18.2709 8.13473 -30
      vertex 18.7195 6.96618 5.89282
    endloop
  endfacet
  facet normal 0.933584 0.35836 6.70471e-19
    outer loop
      vertex 18.2709 8.13473 -30
      vertex 19.0211 6.18034 4.99214
      vertex 19.0211 6.18034 -30
    endloop
  endfacet
  facet normal 0.933584 0.35836 1.28159e-18
    outer loop
      vertex 19.0211 6.18034 30
      vertex 18.2709 8.13473 11.6936
      vertex 18.2709 8.13473 30
    endloop
  endfacet
  facet normal 0.933564 0.35841 6.11643e-06
    outer loop
      vertex 18.2709 8.13473 11.6936
      vertex 19.0211 6.18034 30
      vertex 18.4242 7.73543 11.2847
    endloop
  endfacet
  facet normal 0.933566 0.358406 5.822e-06
    outer loop
      vertex 18.4242 7.73543 11.2847
      vertex 19.0211 6.18034 30
      vertex 18.5365 7.44292 10.9498
    endloop
  endfacet
  facet normal 0.933578 0.358375 3.40508e-06
    outer loop
      vertex 18.5365 7.44292 10.9498
      vertex 19.0211 6.18034 30
      vertex 18.8742 6.56321 9.93453
    endloop
  endfacet
  facet normal 0.933626 0.358249 6.5322e-07
    outer loop
      vertex 18.8742 6.56321 9.93453
      vertex 19.0211 6.18034 30
      vertex 19.0141 6.19862 9.47341
    endloop
  endfacet
  facet normal 0.933871 0.357609 -1.52007e-20
    outer loop
      vertex 19.0141 6.19862 9.47341
      vertex 19.0211 6.18034 30
      vertex 19.0211 6.18034 9.45014
    endloop
  endfacet
  facet normal 0.777163 0.629299 -6.8707e-20
    outer loop
      vertex 15.4549 12.6515 12.7126
      vertex 14.8629 13.3826 -30
      vertex 14.8629 13.3826 13.6132
    endloop
  endfacet
  facet normal 0.77706 0.629427 3.61898e-06
    outer loop
      vertex 15.6506 12.4099 12.416
      vertex 14.8629 13.3826 -30
      vertex 15.4549 12.6515 12.7126
    endloop
  endfacet
  facet normal 0.77718 0.629278 -2.02252e-06
    outer loop
      vertex 16.1803 11.7557 11.6506
      vertex 14.8629 13.3826 -30
      vertex 15.6506 12.4099 12.416
    endloop
  endfacet
  facet normal 0.777155 0.62931 -1.69858e-18
    outer loop
      vertex 14.8629 13.3826 -30
      vertex 16.1803 11.7557 11.6506
      vertex 16.1803 11.7557 -30
    endloop
  endfacet
  facet normal 0.777155 0.62931 -5.72984e-18
    outer loop
      vertex 16.1803 11.7557 30
      vertex 14.8629 13.3826 17.6529
      vertex 14.8629 13.3826 30
    endloop
  endfacet
  facet normal 0.777119 0.629354 9.72284e-06
    outer loop
      vertex 14.8629 13.3826 17.6529
      vertex 16.1803 11.7557 30
      vertex 15.1321 13.0502 17.3399
    endloop
  endfacet
  facet normal 0.777263 0.629175 -2.05132e-05
    outer loop
      vertex 15.1321 13.0502 17.3399
      vertex 16.1803 11.7557 30
      vertex 15.3292 12.8067 17.065
    endloop
  endfacet
  facet normal 0.777148 0.629318 -1.3171e-06
    outer loop
      vertex 15.3292 12.8067 17.065
      vertex 16.1803 11.7557 30
      vertex 15.9222 12.0744 16.2361
    endloop
  endfacet
  facet normal 0.777108 0.629367 5.61584e-07
    outer loop
      vertex 15.9222 12.0744 16.2361
      vertex 16.1803 11.7557 30
      vertex 16.168 11.7709 15.8401
    endloop
  endfacet
  facet normal 0.777364 0.629051 -9.64234e-21
    outer loop
      vertex 16.168 11.7709 15.8401
      vertex 16.1803 11.7557 30
      vertex 16.1803 11.7557 15.8202
    endloop
  endfacet
  facet normal 0.707107 0.707107 2.63043e-18
    outer loop
      vertex 14.8629 13.3826 30
      vertex 13.3826 14.8629 19.3287
      vertex 13.3826 14.8629 30
    endloop
  endfacet
  facet normal 0.707107 0.707107 -6.80103e-18
    outer loop
      vertex 13.3826 14.8629 19.3287
      vertex 14.8629 13.3826 30
      vertex 13.395 14.8505 19.3185
    endloop
  endfacet
  facet normal 0.707107 0.707107 -2.73825e-18
    outer loop
      vertex 13.395 14.8505 19.3185
      vertex 14.8629 13.3826 30
      vertex 14.0696 14.1759 18.6103
    endloop
  endfacet
  facet normal 0.707107 0.707107 -1.30665e-19
    outer loop
      vertex 14.0696 14.1759 18.6103
      vertex 14.8629 13.3826 30
      vertex 14.2736 13.9719 18.3959
    endloop
  endfacet
  facet normal 0.706966 0.707247 1.42734e-05
    outer loop
      vertex 14.2736 13.9719 18.3959
      vertex 14.8629 13.3826 30
      vertex 14.5101 13.7355 18.0979
    endloop
  endfacet
  facet normal 0.707207 0.707007 -3.15647e-19
    outer loop
      vertex 14.5101 13.7355 18.0979
      vertex 14.8629 13.3826 30
      vertex 14.8629 13.3826 17.6529
    endloop
  endfacet
  facet normal 0.707007 0.707207 -8.58e-20
    outer loop
      vertex 13.7355 14.5101 14.9783
      vertex 13.3826 14.8629 -30
      vertex 13.3826 14.8629 15.4234
    endloop
  endfacet
  facet normal 0.707254 0.70696 -3.87979e-06
    outer loop
      vertex 13.9719 14.2736 14.6804
      vertex 13.3826 14.8629 -30
      vertex 13.7355 14.5101 14.9783
    endloop
  endfacet
  facet normal 0.707107 0.707107 -1.08568e-18
    outer loop
      vertex 14.6129 13.6326 13.9115
      vertex 13.3826 14.8629 -30
      vertex 13.9719 14.2736 14.6804
    endloop
  endfacet
  facet normal 0.707107 0.707107 -4.10588e-19
    outer loop
      vertex 14.8505 13.395 13.6273
      vertex 13.3826 14.8629 -30
      vertex 14.6129 13.6326 13.9115
    endloop
  endfacet
  facet normal 0.707107 0.707107 -1.78507e-18
    outer loop
      vertex 14.8629 13.3826 13.6132
      vertex 13.3826 14.8629 -30
      vertex 14.8505 13.395 13.6273
    endloop
  endfacet
  facet normal 0.707107 0.707107 6.43616e-19
    outer loop
      vertex 13.3826 14.8629 -30
      vertex 14.8629 13.3826 13.6132
      vertex 14.8629 13.3826 -30
    endloop
  endfacet
  facet normal 0.544651 0.838663 4.30461e-18
    outer loop
      vertex 11.7557 16.1803 30
      vertex 10 17.3205 22.0112
      vertex 10 17.3205 30
    endloop
  endfacet
  facet normal 0.544159 0.838982 0.000153705
    outer loop
      vertex 11.7557 16.1803 30
      vertex 10.0734 17.2729 21.9741
      vertex 10 17.3205 22.0112
    endloop
  endfacet
  facet normal 0.544687 0.838639 -3.7716e-06
    outer loop
      vertex 11.7557 16.1803 30
      vertex 10.3587 17.0876 21.8271
      vertex 10.0734 17.2729 21.9741
    endloop
  endfacet
  facet normal 0.544695 0.838634 -5.69263e-06
    outer loop
      vertex 11.7557 16.1803 30
      vertex 11.161 16.5665 21.2576
      vertex 10.3587 17.0876 21.8271
    endloop
  endfacet
  facet normal 0.544479 0.838775 1.52466e-05
    outer loop
      vertex 11.7557 16.1803 30
      vertex 11.4118 16.4037 21.0777
      vertex 11.161 16.5665 21.2576
    endloop
  endfacet
  facet normal 0.544757 0.838594 1.30109e-18
    outer loop
      vertex 11.4118 16.4037 21.0777
      vertex 11.7557 16.1803 30
      vertex 11.7557 16.1803 20.7671
    endloop
  endfacet
  facet normal 0.544651 0.838663 7.3099e-19
    outer loop
      vertex 10 17.3205 -30
      vertex 11.7557 16.1803 17.044
      vertex 11.7557 16.1803 -30
    endloop
  endfacet
  facet normal 0.544707 0.838626 -2.97815e-06
    outer loop
      vertex 11.7557 16.1803 17.044
      vertex 10 17.3205 -30
      vertex 11.3026 16.4746 17.3958
    endloop
  endfacet
  facet normal 0.544707 0.838627 -2.97398e-06
    outer loop
      vertex 11.3026 16.4746 17.3958
      vertex 10 17.3205 -30
      vertex 11.0498 16.6388 17.5928
    endloop
  endfacet
  facet normal 0.544588 0.838703 7.41385e-07
    outer loop
      vertex 11.0498 16.6388 17.5928
      vertex 10 17.3205 -30
      vertex 10.2619 17.1504 18.2423
    endloop
  endfacet
  facet normal 0.544684 0.838641 -4.47766e-21
    outer loop
      vertex 10.2619 17.1504 18.2423
      vertex 10 17.3205 -30
      vertex 10 17.3205 18.4596
    endloop
  endfacet
  facet normal 0.0518083 0.998598 -0.0108639
    outer loop
      vertex 1.34871 19.9293 21.7422
      vertex 0.069311 19.9964 21.8087
      vertex 1.25416 19.9343 21.7509
    endloop
  endfacet
  facet normal 0.0523911 0.998627 0.000320039
    outer loop
      vertex 2.09057 19.8904 21.6788
      vertex 0.069311 19.9964 21.8087
      vertex 1.34871 19.9293 21.7422
    endloop
  endfacet
  facet normal 0.0523706 0.998628 -6.71617e-07
    outer loop
      vertex 0 20 -30
      vertex 0.069311 19.9964 21.8087
      vertex 2.09057 19.8904 21.6788
    endloop
  endfacet
  facet normal 0.052354 0.998629 -9.2324e-20
    outer loop
      vertex 0 20 -30
      vertex 2.09057 19.8904 21.6788
      vertex 2.09057 19.8904 -30
    endloop
  endfacet
  facet normal 0.0518699 0.998654 2.37021e-21
    outer loop
      vertex 0.069311 19.9964 21.8087
      vertex 0 20 -30
      vertex 0 20 21.8122
    endloop
  endfacet
  facet normal 0.052354 0.998629 1.39451e-05
    outer loop
      vertex 1.15726 19.9394 24.9593
      vertex 0 20 30
      vertex 2.09057 19.8904 30
    endloop
  endfacet
  facet normal 0.0522934 0.998632 0
    outer loop
      vertex 0 20 30
      vertex 1.15726 19.9394 24.9593
      vertex 0 20 24.9878
    endloop
  endfacet
  facet normal 0.0525582 0.998618 -2.39716e-05
    outer loop
      vertex 2.09057 19.8904 30
      vertex 1.25416 19.9343 24.9568
      vertex 1.15726 19.9394 24.9593
    endloop
  endfacet
  facet normal 0.0524141 0.998625 2.04008e-19
    outer loop
      vertex 1.25416 19.9343 24.9568
      vertex 2.09057 19.8904 30
      vertex 2.09057 19.8904 24.8445
    endloop
  endfacet
  facet normal 0.45399 0.891007 -4.5635e-19
    outer loop
      vertex 8.13473 18.2709 -30
      vertex 10 17.3205 18.4596
      vertex 10 17.3205 -30
    endloop
  endfacet
  facet normal 0.456265 0.889844 -0.0001104
    outer loop
      vertex 10 17.3205 18.4596
      vertex 8.13473 18.2709 -30
      vertex 9.9844 17.3285 18.4688
    endloop
  endfacet
  facet normal 0.453968 0.891018 9.43368e-08
    outer loop
      vertex 9.9844 17.3285 18.4688
      vertex 8.13473 18.2709 -30
      vertex 9.13434 17.7616 19.0039
    endloop
  endfacet
  facet normal 0.453979 0.891012 -1.94566e-07
    outer loop
      vertex 9.13434 17.7616 19.0039
      vertex 8.13473 18.2709 -30
      vertex 8.87723 17.8926 19.1676
    endloop
  endfacet
  facet normal 0.453969 0.891018 6.55547e-19
    outer loop
      vertex 8.87723 17.8926 19.1676
      vertex 8.13473 18.2709 -30
      vertex 8.13473 18.2709 19.6673
    endloop
  endfacet
  facet normal 0.45399 0.891007 -3.18217e-18
    outer loop
      vertex 10 17.3205 30
      vertex 8.13473 18.2709 23.0505
      vertex 8.13473 18.2709 30
    endloop
  endfacet
  facet normal 0.451967 0.892034 0.000683228
    outer loop
      vertex 10 17.3205 30
      vertex 8.15033 18.263 23.0452
      vertex 8.13473 18.2709 23.0505
    endloop
  endfacet
  facet normal 0.454046 0.890978 -1.27628e-05
    outer loop
      vertex 10 17.3205 30
      vertex 9.00039 17.8298 22.6373
      vertex 8.15033 18.263 23.0452
    endloop
  endfacet
  facet normal 0.453979 0.891012 -1.22977e-06
    outer loop
      vertex 10 17.3205 30
      vertex 9.2575 17.6988 22.511
      vertex 9.00039 17.8298 22.6373
    endloop
  endfacet
  facet normal 0.453969 0.891018 3.19616e-18
    outer loop
      vertex 9.2575 17.6988 22.511
      vertex 10 17.3205 30
      vertex 10 17.3205 22.0112
    endloop
  endfacet
  facet normal 0.257956 0.966152 -0.0030199
    outer loop
      vertex 5.15919 19.2947 20.9358
      vertex 4.15823 19.563 21.272
      vertex 4.68293 19.4224 21.1092
    endloop
  endfacet
  facet normal 0.258468 0.966019 -0.00114522
    outer loop
      vertex 6.18034 19.0211 20.6138
      vertex 5.15919 19.2947 20.9358
      vertex 5.93068 19.088 20.6991
    endloop
  endfacet
  facet normal 0.258853 0.965917 -8.39054e-19
    outer loop
      vertex 4.15823 19.563 -30
      vertex 6.18034 19.0211 20.6138
      vertex 6.18034 19.0211 -30
    endloop
  endfacet
  facet normal 0.258805 0.96593 2.06508e-06
    outer loop
      vertex 6.18034 19.0211 20.6138
      vertex 4.15823 19.563 -30
      vertex 5.15919 19.2947 20.9358
    endloop
  endfacet
  facet normal 0.258903 0.965903 -4.14741e-19
    outer loop
      vertex 5.15919 19.2947 20.9358
      vertex 4.15823 19.563 -30
      vertex 4.15823 19.563 21.272
    endloop
  endfacet
  facet normal 0.258853 0.965917 -7.4211e-06
    outer loop
      vertex 4.78459 19.3951 24.3495
      vertex 4.15823 19.563 30
      vertex 6.18034 19.0211 30
    endloop
  endfacet
  facet normal 0.258916 0.9659 0
    outer loop
      vertex 4.15823 19.563 30
      vertex 4.78459 19.3951 24.3495
      vertex 4.15823 19.563 24.4849
    endloop
  endfacet
  facet normal 0.258777 0.965937 1.28266e-05
    outer loop
      vertex 6.18034 19.0211 30
      vertex 5.2747 19.2638 24.2205
      vertex 4.78459 19.3951 24.3495
    endloop
  endfacet
  facet normal 0.258879 0.96591 -4.22985e-06
    outer loop
      vertex 6.18034 19.0211 30
      vertex 6.0351 19.06 23.9414
      vertex 5.2747 19.2638 24.2205
    endloop
  endfacet
  facet normal 0.258714 0.965954 5.20128e-20
    outer loop
      vertex 6.0351 19.06 23.9414
      vertex 6.18034 19.0211 30
      vertex 6.18034 19.0211 23.8806
    endloop
  endfacet
  facet normal -0.998343 0.0575414 0
    outer loop
      vertex -19.8904 2.09057 -30
      vertex -19.8908 2.08363 0.149481
      vertex -19.8904 2.09057 0.158408
    endloop
  endfacet
  facet normal -0.998645 0.0520414 -1.27002e-06
    outer loop
      vertex -19.8904 2.09057 -30
      vertex -19.8958 1.98768 0.0323145
      vertex -19.8908 2.08363 0.149481
    endloop
  endfacet
  facet normal -0.998626 0.0524066 -1.54787e-08
    outer loop
      vertex -19.8904 2.09057 -30
      vertex -19.9397 1.15115 -0.967906
      vertex -19.8958 1.98768 0.0323145
    endloop
  endfacet
  facet normal -0.998648 0.0519772 -1.39485e-05
    outer loop
      vertex -19.8904 2.09057 -30
      vertex -19.9459 1.03199 -1.10998
      vertex -19.9397 1.15115 -0.967906
    endloop
  endfacet
  facet normal -0.998631 0.0523054 -1.89034e-06
    outer loop
      vertex -19.8904 2.09057 -30
      vertex -19.9573 0.814328 -1.37235
      vertex -19.9459 1.03199 -1.10998
    endloop
  endfacet
  facet normal -0.998626 0.0524121 2.88004e-06
    outer loop
      vertex -19.8904 2.09057 -30
      vertex -19.9624 0.717162 -1.48281
      vertex -19.9573 0.814328 -1.37235
    endloop
  endfacet
  facet normal -0.998629 0.052354 0
    outer loop
      vertex -20 0 -2.27882
      vertex -19.8904 2.09057 -30
      vertex -20 0 -30
    endloop
  endfacet
  facet normal -0.998628 0.0523567 2.07506e-07
    outer loop
      vertex -19.8904 2.09057 -30
      vertex -20 0 -2.27882
      vertex -19.9624 0.717162 -1.48281
    endloop
  endfacet
  facet normal -0.998624 0.05245 7.96254e-06
    outer loop
      vertex -20 0 30
      vertex -19.8904 2.09057 4.71457
      vertex -19.9066 1.78218 4.38376
    endloop
  endfacet
  facet normal -0.998639 0.0521615 -1.21668e-05
    outer loop
      vertex -20 0 30
      vertex -19.9066 1.78218 4.38376
      vertex -19.9128 1.66345 4.25429
    endloop
  endfacet
  facet normal -0.998629 0.0523416 -4.95894e-07
    outer loop
      vertex -20 0 30
      vertex -19.9128 1.66345 4.25429
      vertex -19.9292 1.35055 3.8915
    endloop
  endfacet
  facet normal -0.998627 0.0523767 1.32457e-06
    outer loop
      vertex -20 0 30
      vertex -19.9292 1.35055 3.8915
      vertex -19.972 0.534539 2.94097
    endloop
  endfacet
  facet normal -0.998615 0.0526179 6.1019e-06
    outer loop
      vertex -20 0 30
      vertex -19.972 0.534539 2.94097
      vertex -19.9772 0.435864 2.82223
    endloop
  endfacet
  facet normal -0.998779 0.0494013 -4.56224e-05
    outer loop
      vertex -20 0 30
      vertex -19.9772 0.435864 2.82223
      vertex -19.9785 0.409551 2.78971
    endloop
  endfacet
  facet normal -0.998621 0.052491 1.00592e-06
    outer loop
      vertex -20 0 30
      vertex -19.9785 0.409551 2.78971
      vertex -19.999 0.0195554 2.30327
    endloop
  endfacet
  facet normal -0.998695 0.05107 0
    outer loop
      vertex -20 0 30
      vertex -19.999 0.0195554 2.30327
      vertex -20 0 2.27882
    endloop
  endfacet
  facet normal -0.998629 0.052354 0
    outer loop
      vertex -19.8904 2.09057 4.71457
      vertex -20 0 30
      vertex -19.8904 2.09057 30
    endloop
  endfacet
  facet normal -0.933588 0.358349 0
    outer loop
      vertex -18.2709 8.13473 -30
      vertex -18.608 7.2565 6.24246
      vertex -18.2709 8.13473 7.30838
    endloop
  endfacet
  facet normal -0.933521 0.358522 4.80796e-06
    outer loop
      vertex -18.2709 8.13473 -30
      vertex -18.7195 6.96618 5.89282
      vertex -18.608 7.2565 6.24246
    endloop
  endfacet
  facet normal -0.933584 0.35836 0
    outer loop
      vertex -19.0211 6.18034 4.99214
      vertex -18.2709 8.13473 -30
      vertex -19.0211 6.18034 -30
    endloop
  endfacet
  facet normal -0.933601 0.358313 -2.97211e-06
    outer loop
      vertex -18.2709 8.13473 -30
      vertex -19.0211 6.18034 4.99214
      vertex -18.7195 6.96618 5.89282
    endloop
  endfacet
  facet normal -0.933564 0.35841 6.11643e-06
    outer loop
      vertex -19.0211 6.18034 30
      vertex -18.2709 8.13473 11.6936
      vertex -18.4242 7.73543 11.2847
    endloop
  endfacet
  facet normal -0.933566 0.358406 5.822e-06
    outer loop
      vertex -19.0211 6.18034 30
      vertex -18.4242 7.73543 11.2847
      vertex -18.5365 7.44292 10.9498
    endloop
  endfacet
  facet normal -0.933578 0.358375 3.40508e-06
    outer loop
      vertex -19.0211 6.18034 30
      vertex -18.5365 7.44292 10.9498
      vertex -18.8742 6.56321 9.93453
    endloop
  endfacet
  facet normal -0.933626 0.358249 6.5322e-07
    outer loop
      vertex -19.0211 6.18034 30
      vertex -18.8742 6.56321 9.93453
      vertex -19.0141 6.19862 9.47341
    endloop
  endfacet
  facet normal -0.933871 0.357609 0
    outer loop
      vertex -19.0211 6.18034 30
      vertex -19.0141 6.19862 9.47341
      vertex -19.0211 6.18034 9.45014
    endloop
  endfacet
  facet normal -0.933584 0.35836 0
    outer loop
      vertex -18.2709 8.13473 11.6936
      vertex -19.0211 6.18034 30
      vertex -18.2709 8.13473 30
    endloop
  endfacet
  facet normal -0.965537 0.260266 0
    outer loop
      vertex -19.0211 6.18034 -30
      vertex -19.0262 6.16142 4.96843
      vertex -19.0211 6.18034 4.99214
    endloop
  endfacet
  facet normal -0.96591 0.258878 -8.05677e-07
    outer loop
      vertex -19.0211 6.18034 -30
      vertex -19.1273 5.7842 4.49893
      vertex -19.0262 6.16142 4.96843
    endloop
  endfacet
  facet normal -0.965921 0.258838 -1.29192e-06
    outer loop
      vertex -19.0211 6.18034 -30
      vertex -19.3712 4.87402 3.41898
      vertex -19.1273 5.7842 4.49893
    endloop
  endfacet
  facet normal -0.965921 0.258836 -1.38903e-06
    outer loop
      vertex -19.0211 6.18034 -30
      vertex -19.4523 4.57137 3.06323
      vertex -19.3712 4.87402 3.41898
    endloop
  endfacet
  facet normal -0.966073 0.258271 -3.08567e-05
    outer loop
      vertex -19.0211 6.18034 -30
      vertex -19.483 4.45652 2.93376
      vertex -19.4523 4.57137 3.06323
    endloop
  endfacet
  facet normal -0.965917 0.258853 0
    outer loop
      vertex -19.563 4.15823 2.60295
      vertex -19.0211 6.18034 -30
      vertex -19.563 4.15823 -30
    endloop
  endfacet
  facet normal -0.96587 0.259029 1.16574e-05
    outer loop
      vertex -19.0211 6.18034 -30
      vertex -19.563 4.15823 2.60295
      vertex -19.483 4.45652 2.93376
    endloop
  endfacet
  facet normal -0.965914 0.258864 1.07381e-06
    outer loop
      vertex -19.563 4.15823 30
      vertex -19.0211 6.18034 9.45014
      vertex -19.239 5.36728 8.56918
    endloop
  endfacet
  facet normal -0.965917 0.258851 3.04459e-07
    outer loop
      vertex -19.563 4.15823 30
      vertex -19.239 5.36728 8.56918
      vertex -19.3195 5.06689 8.2127
    endloop
  endfacet
  facet normal -0.965919 0.258844 0
    outer loop
      vertex -19.563 4.15823 30
      vertex -19.3195 5.06689 8.2127
      vertex -19.563 4.15823 7.12549
    endloop
  endfacet
  facet normal -0.965917 0.258853 0
    outer loop
      vertex -19.0211 6.18034 9.45014
      vertex -19.563 4.15823 30
      vertex -19.0211 6.18034 30
    endloop
  endfacet
  facet normal -0.837509 0.546424 0
    outer loop
      vertex -16.1803 11.7557 -30
      vertex -16.191 11.7393 11.6299
      vertex -16.1803 11.7557 11.6506
    endloop
  endfacet
  facet normal -0.838648 0.544674 -9.81867e-07
    outer loop
      vertex -16.1803 11.7557 -30
      vertex -16.4037 11.4118 11.2179
      vertex -16.191 11.7393 11.6299
    endloop
  endfacet
  facet normal -0.838683 0.54462 -1.61966e-06
    outer loop
      vertex -16.1803 11.7557 -30
      vertex -16.9169 10.6215 10.266
      vertex -16.4037 11.4118 11.2179
    endloop
  endfacet
  facet normal -0.83862 0.544717 2.25859e-06
    outer loop
      vertex -16.1803 11.7557 -30
      vertex -17.0876 10.3587 9.95154
      vertex -16.9169 10.6215 10.266
    endloop
  endfacet
  facet normal -0.838663 0.544651 0
    outer loop
      vertex -17.3205 10 9.54265
      vertex -16.1803 11.7557 -30
      vertex -17.3205 10 -30
    endloop
  endfacet
  facet normal -0.838713 0.544573 -4.9084e-06
    outer loop
      vertex -16.1803 11.7557 -30
      vertex -17.3205 10 9.54265
      vertex -17.0876 10.3587 9.95154
    endloop
  endfacet
  facet normal -0.83863 0.544702 9.01017e-06
    outer loop
      vertex -17.3205 10 30
      vertex -16.1803 11.7557 15.8202
      vertex -16.6388 11.0498 15.0924
    endloop
  endfacet
  facet normal -0.838713 0.544573 -3.8627e-06
    outer loop
      vertex -17.3205 10 30
      vertex -16.6388 11.0498 15.0924
      vertex -16.8082 10.7889 14.7827
    endloop
  endfacet
  facet normal -0.838679 0.544626 0
    outer loop
      vertex -17.3205 10 30
      vertex -16.8082 10.7889 14.7827
      vertex -17.3205 10 13.8416
    endloop
  endfacet
  facet normal -0.838663 0.544651 0
    outer loop
      vertex -16.1803 11.7557 15.8202
      vertex -17.3205 10 30
      vertex -16.1803 11.7557 30
    endloop
  endfacet
  facet normal -0.777163 0.629299 0
    outer loop
      vertex -14.8629 13.3826 -30
      vertex -15.4549 12.6515 12.7126
      vertex -14.8629 13.3826 13.6132
    endloop
  endfacet
  facet normal -0.77706 0.629427 3.61898e-06
    outer loop
      vertex -14.8629 13.3826 -30
      vertex -15.6506 12.4099 12.416
      vertex -15.4549 12.6515 12.7126
    endloop
  endfacet
  facet normal -0.777155 0.62931 0
    outer loop
      vertex -16.1803 11.7557 11.6506
      vertex -14.8629 13.3826 -30
      vertex -16.1803 11.7557 -30
    endloop
  endfacet
  facet normal -0.77718 0.629278 -2.02252e-06
    outer loop
      vertex -14.8629 13.3826 -30
      vertex -16.1803 11.7557 11.6506
      vertex -15.6506 12.4099 12.416
    endloop
  endfacet
  facet normal -0.777119 0.629354 9.72284e-06
    outer loop
      vertex -16.1803 11.7557 30
      vertex -14.8629 13.3826 17.6529
      vertex -15.1321 13.0502 17.3399
    endloop
  endfacet
  facet normal -0.777263 0.629175 -2.05132e-05
    outer loop
      vertex -16.1803 11.7557 30
      vertex -15.1321 13.0502 17.3399
      vertex -15.3292 12.8067 17.065
    endloop
  endfacet
  facet normal -0.777148 0.629318 -1.3171e-06
    outer loop
      vertex -16.1803 11.7557 30
      vertex -15.3292 12.8067 17.065
      vertex -15.9222 12.0744 16.2361
    endloop
  endfacet
  facet normal -0.777108 0.629367 5.61584e-07
    outer loop
      vertex -16.1803 11.7557 30
      vertex -15.9222 12.0744 16.2361
      vertex -16.168 11.7709 15.8401
    endloop
  endfacet
  facet normal -0.777364 0.629051 0
    outer loop
      vertex -16.1803 11.7557 30
      vertex -16.168 11.7709 15.8401
      vertex -16.1803 11.7557 15.8202
    endloop
  endfacet
  facet normal -0.777155 0.62931 0
    outer loop
      vertex -14.8629 13.3826 17.6529
      vertex -16.1803 11.7557 30
      vertex -14.8629 13.3826 30
    endloop
  endfacet
  facet normal -0.0518083 0.998598 -0.0108639
    outer loop
      vertex -0.069311 19.9964 21.8087
      vertex -1.34871 19.9293 21.7422
      vertex -1.25416 19.9343 21.7509
    endloop
  endfacet
  facet normal -0.0518699 0.998654 0
    outer loop
      vertex 0 20 -30
      vertex -0.069311 19.9964 21.8087
      vertex 0 20 21.8122
    endloop
  endfacet
  facet normal -0.0523911 0.998627 0.000320039
    outer loop
      vertex -0.069311 19.9964 21.8087
      vertex -2.09057 19.8904 21.6788
      vertex -1.34871 19.9293 21.7422
    endloop
  endfacet
  facet normal -0.0523706 0.998628 -6.71617e-07
    outer loop
      vertex -0.069311 19.9964 21.8087
      vertex 0 20 -30
      vertex -2.09057 19.8904 21.6788
    endloop
  endfacet
  facet normal -0.052354 0.998629 0
    outer loop
      vertex -2.09057 19.8904 21.6788
      vertex 0 20 -30
      vertex -2.09057 19.8904 -30
    endloop
  endfacet
  facet normal -0.0522934 0.998632 -6.8365e-19
    outer loop
      vertex -1.15726 19.9394 24.9593
      vertex 0 20 30
      vertex 0 20 24.9878
    endloop
  endfacet
  facet normal -0.052354 0.998629 1.39451e-05
    outer loop
      vertex 0 20 30
      vertex -1.15726 19.9394 24.9593
      vertex -2.09057 19.8904 30
    endloop
  endfacet
  facet normal -0.0525582 0.998618 -2.39716e-05
    outer loop
      vertex -1.25416 19.9343 24.9568
      vertex -2.09057 19.8904 30
      vertex -1.15726 19.9394 24.9593
    endloop
  endfacet
  facet normal -0.0524141 0.998625 0
    outer loop
      vertex -2.09057 19.8904 30
      vertex -1.25416 19.9343 24.9568
      vertex -2.09057 19.8904 24.8445
    endloop
  endfacet
  facet normal -0.453969 0.891018 0
    outer loop
      vertex -8.13473 18.2709 -30
      vertex -8.87723 17.8926 19.1676
      vertex -8.13473 18.2709 19.6673
    endloop
  endfacet
  facet normal -0.453979 0.891012 -1.94566e-07
    outer loop
      vertex -8.13473 18.2709 -30
      vertex -9.13434 17.7616 19.0039
      vertex -8.87723 17.8926 19.1676
    endloop
  endfacet
  facet normal -0.453968 0.891018 9.43368e-08
    outer loop
      vertex -8.13473 18.2709 -30
      vertex -9.9844 17.3285 18.4688
      vertex -9.13434 17.7616 19.0039
    endloop
  endfacet
  facet normal -0.456265 0.889844 -0.0001104
    outer loop
      vertex -8.13473 18.2709 -30
      vertex -10 17.3205 18.4596
      vertex -9.9844 17.3285 18.4688
    endloop
  endfacet
  facet normal -0.45399 0.891007 0
    outer loop
      vertex -10 17.3205 18.4596
      vertex -8.13473 18.2709 -30
      vertex -10 17.3205 -30
    endloop
  endfacet
  facet normal -0.45399 0.891007 0
    outer loop
      vertex -8.13473 18.2709 23.0505
      vertex -10 17.3205 30
      vertex -8.13473 18.2709 30
    endloop
  endfacet
  facet normal -0.451967 0.892034 0.000683228
    outer loop
      vertex -8.15033 18.263 23.0452
      vertex -10 17.3205 30
      vertex -8.13473 18.2709 23.0505
    endloop
  endfacet
  facet normal -0.454046 0.890978 -1.27628e-05
    outer loop
      vertex -9.00039 17.8298 22.6373
      vertex -10 17.3205 30
      vertex -8.15033 18.263 23.0452
    endloop
  endfacet
  facet normal -0.453979 0.891012 -1.22977e-06
    outer loop
      vertex -9.2575 17.6988 22.511
      vertex -10 17.3205 30
      vertex -9.00039 17.8298 22.6373
    endloop
  endfacet
  facet normal -0.453969 0.891018 0
    outer loop
      vertex -10 17.3205 30
      vertex -9.2575 17.6988 22.511
      vertex -10 17.3205 22.0112
    endloop
  endfacet
  facet normal -0.544684 0.838641 0
    outer loop
      vertex -10 17.3205 -30
      vertex -10.2619 17.1504 18.2423
      vertex -10 17.3205 18.4596
    endloop
  endfacet
  facet normal -0.544588 0.838703 7.41385e-07
    outer loop
      vertex -10 17.3205 -30
      vertex -11.0498 16.6388 17.5928
      vertex -10.2619 17.1504 18.2423
    endloop
  endfacet
  facet normal -0.544707 0.838627 -2.97398e-06
    outer loop
      vertex -10 17.3205 -30
      vertex -11.3026 16.4746 17.3958
      vertex -11.0498 16.6388 17.5928
    endloop
  endfacet
  facet normal -0.544707 0.838626 -2.97815e-06
    outer loop
      vertex -10 17.3205 -30
      vertex -11.7557 16.1803 17.044
      vertex -11.3026 16.4746 17.3958
    endloop
  endfacet
  facet normal -0.544651 0.838663 0
    outer loop
      vertex -11.7557 16.1803 17.044
      vertex -10 17.3205 -30
      vertex -11.7557 16.1803 -30
    endloop
  endfacet
  facet normal -0.544651 0.838663 0
    outer loop
      vertex -10 17.3205 22.0112
      vertex -11.7557 16.1803 30
      vertex -10 17.3205 30
    endloop
  endfacet
  facet normal -0.544159 0.838982 0.000153705
    outer loop
      vertex -10.0734 17.2729 21.9741
      vertex -11.7557 16.1803 30
      vertex -10 17.3205 22.0112
    endloop
  endfacet
  facet normal -0.544687 0.838639 -3.7716e-06
    outer loop
      vertex -10.3587 17.0876 21.8271
      vertex -11.7557 16.1803 30
      vertex -10.0734 17.2729 21.9741
    endloop
  endfacet
  facet normal -0.544695 0.838634 -5.69263e-06
    outer loop
      vertex -11.161 16.5665 21.2576
      vertex -11.7557 16.1803 30
      vertex -10.3587 17.0876 21.8271
    endloop
  endfacet
  facet normal -0.544479 0.838775 1.52466e-05
    outer loop
      vertex -11.4118 16.4037 21.0777
      vertex -11.7557 16.1803 30
      vertex -11.161 16.5665 21.2576
    endloop
  endfacet
  facet normal -0.544757 0.838594 0
    outer loop
      vertex -11.7557 16.1803 30
      vertex -11.4118 16.4037 21.0777
      vertex -11.7557 16.1803 20.7671
    endloop
  endfacet
  facet normal -0.356466 0.934297 -0.00450947
    outer loop
      vertex -6.32072 18.9672 20.54
      vertex -6.84234 18.767 20.2946
      vertex -6.73843 18.8069 20.3474
    endloop
  endfacet
  facet normal -0.357848 0.933779 -0.00114858
    outer loop
      vertex -6.32072 18.9672 20.54
      vertex -7.73543 18.4242 19.8515
      vertex -6.84234 18.767 20.2946
    endloop
  endfacet
  facet normal -0.358444 0.933551 0
    outer loop
      vertex -6.18034 19.0211 -30
      vertex -6.32072 18.9672 20.54
      vertex -6.18034 19.0211 20.6138
    endloop
  endfacet
  facet normal -0.358336 0.933593 3.45931e-07
    outer loop
      vertex -6.18034 19.0211 -30
      vertex -7.73543 18.4242 19.8515
      vertex -6.32072 18.9672 20.54
    endloop
  endfacet
  facet normal -0.35829 0.93361 1.96706e-06
    outer loop
      vertex -6.18034 19.0211 -30
      vertex -8.05307 18.3023 19.7044
      vertex -7.73543 18.4242 19.8515
    endloop
  endfacet
  facet normal -0.358893 0.933379 -2.40818e-05
    outer loop
      vertex -6.18034 19.0211 -30
      vertex -8.13473 18.2709 19.6673
      vertex -8.05307 18.3023 19.7044
    endloop
  endfacet
  facet normal -0.35836 0.933584 0
    outer loop
      vertex -8.13473 18.2709 19.6673
      vertex -6.18034 19.0211 -30
      vertex -8.13473 18.2709 -30
    endloop
  endfacet
  facet normal -0.35836 0.933584 0
    outer loop
      vertex -6.18034 19.0211 23.8806
      vertex -8.13473 18.2709 30
      vertex -6.18034 19.0211 30
    endloop
  endfacet
  facet normal -0.358286 0.933612 2.70432e-05
    outer loop
      vertex -6.42164 18.9285 23.8104
      vertex -8.13473 18.2709 30
      vertex -6.18034 19.0211 23.8806
    endloop
  endfacet
  facet normal -0.358337 0.933592 1.09041e-05
    outer loop
      vertex -7.1673 18.6423 23.5229
      vertex -8.13473 18.2709 30
      vertex -6.42164 18.9285 23.8104
    endloop
  endfacet
  facet normal -0.358382 0.933575 3.0891e-06
    outer loop
      vertex -7.6276 18.4656 23.3124
      vertex -8.13473 18.2709 30
      vertex -7.1673 18.6423 23.5229
    endloop
  endfacet
  facet normal -0.358535 0.933516 -1.01598e-05
    outer loop
      vertex -7.95462 18.34 23.1435
      vertex -8.13473 18.2709 30
      vertex -7.6276 18.4656 23.3124
    endloop
  endfacet
  facet normal -0.358197 0.933646 0
    outer loop
      vertex -8.13473 18.2709 30
      vertex -7.95462 18.34 23.1435
      vertex -8.13473 18.2709 23.0505
    endloop
  endfacet
  facet normal -0.62931 0.777155 0
    outer loop
      vertex -11.7557 16.1803 20.7671
      vertex -13.3826 14.8629 30
      vertex -11.7557 16.1803 30
    endloop
  endfacet
  facet normal -0.629291 0.77717 5.35022e-06
    outer loop
      vertex -12.1756 15.8403 20.4483
      vertex -13.3826 14.8629 30
      vertex -11.7557 16.1803 20.7671
    endloop
  endfacet
  facet normal -0.629261 0.777194 1.16921e-05
    outer loop
      vertex -12.4099 15.6506 20.2692
      vertex -13.3826 14.8629 30
      vertex -12.1756 15.8403 20.4483
    endloop
  endfacet
  facet normal -0.629355 0.777118 -3.9148e-06
    outer loop
      vertex -13.1399 15.0594 19.564
      vertex -13.3826 14.8629 30
      vertex -12.4099 15.6506 20.2692
    endloop
  endfacet
  facet normal -0.629253 0.7772 0
    outer loop
      vertex -13.3826 14.8629 30
      vertex -13.1399 15.0594 19.564
      vertex -13.3826 14.8629 19.3287
    endloop
  endfacet
  facet normal -0.629353 0.77712 0
    outer loop
      vertex -11.7557 16.1803 -30
      vertex -12.0744 15.9222 16.7096
      vertex -11.7557 16.1803 17.044
    endloop
  endfacet
  facet normal -0.629132 0.777298 2.4871e-06
    outer loop
      vertex -11.7557 16.1803 -30
      vertex -12.3068 15.7341 16.4776
      vertex -12.0744 15.9222 16.7096
    endloop
  endfacet
  facet normal -0.629324 0.777143 -1.26975e-06
    outer loop
      vertex -11.7557 16.1803 -30
      vertex -13.0502 15.1321 15.7364
      vertex -12.3068 15.7341 16.4776
    endloop
  endfacet
  facet normal -0.629358 0.777116 -2.87386e-06
    outer loop
      vertex -11.7557 16.1803 -30
      vertex -13.3826 14.8629 15.4234
      vertex -13.0502 15.1321 15.7364
    endloop
  endfacet
  facet normal -0.62931 0.777155 0
    outer loop
      vertex -13.3826 14.8629 15.4234
      vertex -11.7557 16.1803 -30
      vertex -13.3826 14.8629 -30
    endloop
  endfacet
  facet normal 0.998343 0.0575414 6.9837e-22
    outer loop
      vertex 19.8908 2.08363 0.149481
      vertex 19.8904 2.09057 -30
      vertex 19.8904 2.09057 0.158408
    endloop
  endfacet
  facet normal 0.998645 0.0520414 -1.27002e-06
    outer loop
      vertex 19.8958 1.98768 0.0323145
      vertex 19.8904 2.09057 -30
      vertex 19.8908 2.08363 0.149481
    endloop
  endfacet
  facet normal 0.998626 0.0524066 -1.54787e-08
    outer loop
      vertex 19.9397 1.15115 -0.967906
      vertex 19.8904 2.09057 -30
      vertex 19.8958 1.98768 0.0323145
    endloop
  endfacet
  facet normal 0.998648 0.0519772 -1.39485e-05
    outer loop
      vertex 19.9459 1.03199 -1.10998
      vertex 19.8904 2.09057 -30
      vertex 19.9397 1.15115 -0.967906
    endloop
  endfacet
  facet normal 0.998631 0.0523054 -1.89034e-06
    outer loop
      vertex 19.9573 0.814328 -1.37235
      vertex 19.8904 2.09057 -30
      vertex 19.9459 1.03199 -1.10998
    endloop
  endfacet
  facet normal 0.998626 0.0524121 2.88004e-06
    outer loop
      vertex 19.9624 0.717162 -1.48281
      vertex 19.8904 2.09057 -30
      vertex 19.9573 0.814328 -1.37235
    endloop
  endfacet
  facet normal 0.998628 0.0523567 2.07506e-07
    outer loop
      vertex 20 0 -2.27882
      vertex 19.8904 2.09057 -30
      vertex 19.9624 0.717162 -1.48281
    endloop
  endfacet
  facet normal 0.998629 0.052354 -1.72114e-19
    outer loop
      vertex 19.8904 2.09057 -30
      vertex 20 0 -2.27882
      vertex 20 0 -30
    endloop
  endfacet
  facet normal 0.998629 0.052354 -1.88693e-19
    outer loop
      vertex 20 0 30
      vertex 19.8904 2.09057 4.71457
      vertex 19.8904 2.09057 30
    endloop
  endfacet
  facet normal 0.998624 0.05245 7.96254e-06
    outer loop
      vertex 19.8904 2.09057 4.71457
      vertex 20 0 30
      vertex 19.9066 1.78218 4.38376
    endloop
  endfacet
  facet normal 0.998639 0.0521615 -1.21668e-05
    outer loop
      vertex 19.9066 1.78218 4.38376
      vertex 20 0 30
      vertex 19.9128 1.66345 4.25429
    endloop
  endfacet
  facet normal 0.998629 0.0523416 -4.95894e-07
    outer loop
      vertex 19.9128 1.66345 4.25429
      vertex 20 0 30
      vertex 19.9292 1.35055 3.8915
    endloop
  endfacet
  facet normal 0.998627 0.0523767 1.32457e-06
    outer loop
      vertex 19.9292 1.35055 3.8915
      vertex 20 0 30
      vertex 19.972 0.534539 2.94097
    endloop
  endfacet
  facet normal 0.998615 0.0526179 6.1019e-06
    outer loop
      vertex 19.972 0.534539 2.94097
      vertex 20 0 30
      vertex 19.9772 0.435864 2.82223
    endloop
  endfacet
  facet normal 0.998779 0.0494013 -4.56224e-05
    outer loop
      vertex 19.9772 0.435864 2.82223
      vertex 20 0 30
      vertex 19.9785 0.409551 2.78971
    endloop
  endfacet
  facet normal 0.998621 0.052491 1.00592e-06
    outer loop
      vertex 19.9785 0.409551 2.78971
      vertex 20 0 30
      vertex 19.999 0.0195554 2.30327
    endloop
  endfacet
  facet normal 0.998695 0.05107 1.54218e-21
    outer loop
      vertex 19.999 0.0195554 2.30327
      vertex 20 0 30
      vertex 20 0 2.27882
    endloop
  endfacet
  facet normal 0.0522934 -0.998632 0
    outer loop
      vertex 0 -20 -30
      vertex 1.15726 -19.9394 -24.9593
      vertex 0 -20 -24.9878
    endloop
  endfacet
  facet normal 0.052354 -0.998629 -1.39451e-05
    outer loop
      vertex 2.09057 -19.8904 -30
      vertex 1.15726 -19.9394 -24.9593
      vertex 0 -20 -30
    endloop
  endfacet
  facet normal 0.0525582 -0.998618 2.39716e-05
    outer loop
      vertex 1.15726 -19.9394 -24.9593
      vertex 2.09057 -19.8904 -30
      vertex 1.25416 -19.9343 -24.9568
    endloop
  endfacet
  facet normal 0.0524141 -0.998625 -2.04008e-19
    outer loop
      vertex 1.25416 -19.9343 -24.9568
      vertex 2.09057 -19.8904 -30
      vertex 2.09057 -19.8904 -24.8445
    endloop
  endfacet
  facet normal 0.052354 -0.998629 9.2324e-20
    outer loop
      vertex 0 -20 30
      vertex 2.09057 -19.8904 -21.6788
      vertex 2.09057 -19.8904 30
    endloop
  endfacet
  facet normal 0.0523638 -0.998628 3.97598e-07
    outer loop
      vertex 0 -20 30
      vertex 1.34871 -19.9293 -21.7422
      vertex 2.09057 -19.8904 -21.6788
    endloop
  endfacet
  facet normal 0.0523745 -0.998628 6.76889e-07
    outer loop
      vertex 0.069311 -19.9964 -21.8087
      vertex 1.34871 -19.9293 -21.7422
      vertex 0 -20 30
    endloop
  endfacet
  facet normal 0.0518083 -0.998598 0.0108639
    outer loop
      vertex 1.34871 -19.9293 -21.7422
      vertex 0.069311 -19.9964 -21.8087
      vertex 1.25416 -19.9343 -21.7509
    endloop
  endfacet
  facet normal 0.0518699 -0.998654 -2.37021e-21
    outer loop
      vertex 0.069311 -19.9964 -21.8087
      vertex 0 -20 30
      vertex 0 -20 -21.8122
    endloop
  endfacet
  facet normal 0.965919 -0.258844 4.5787e-19
    outer loop
      vertex 19.3195 -5.06689 -8.2127
      vertex 19.563 -4.15823 -30
      vertex 19.563 -4.15823 -7.12549
    endloop
  endfacet
  facet normal 0.965917 -0.258851 -3.04459e-07
    outer loop
      vertex 19.239 -5.36728 -8.56918
      vertex 19.563 -4.15823 -30
      vertex 19.3195 -5.06689 -8.2127
    endloop
  endfacet
  facet normal 0.965914 -0.258864 -1.07381e-06
    outer loop
      vertex 19.0211 -6.18034 -9.45014
      vertex 19.563 -4.15823 -30
      vertex 19.239 -5.36728 -8.56918
    endloop
  endfacet
  facet normal 0.965917 -0.258853 2.06657e-18
    outer loop
      vertex 19.563 -4.15823 -30
      vertex 19.0211 -6.18034 -9.45014
      vertex 19.0211 -6.18034 -30
    endloop
  endfacet
  facet normal 0.965917 -0.258853 1.30257e-18
    outer loop
      vertex 19.0211 -6.18034 30
      vertex 19.563 -4.15823 -2.60295
      vertex 19.563 -4.15823 30
    endloop
  endfacet
  facet normal 0.96587 -0.259029 -1.16574e-05
    outer loop
      vertex 19.563 -4.15823 -2.60295
      vertex 19.0211 -6.18034 30
      vertex 19.483 -4.45652 -2.93376
    endloop
  endfacet
  facet normal 0.966073 -0.258271 3.08567e-05
    outer loop
      vertex 19.483 -4.45652 -2.93376
      vertex 19.0211 -6.18034 30
      vertex 19.4523 -4.57137 -3.06323
    endloop
  endfacet
  facet normal 0.965921 -0.258836 1.38903e-06
    outer loop
      vertex 19.4523 -4.57137 -3.06323
      vertex 19.0211 -6.18034 30
      vertex 19.3712 -4.87402 -3.41898
    endloop
  endfacet
  facet normal 0.965921 -0.258838 1.29192e-06
    outer loop
      vertex 19.3712 -4.87402 -3.41898
      vertex 19.0211 -6.18034 30
      vertex 19.1273 -5.7842 -4.49893
    endloop
  endfacet
  facet normal 0.96591 -0.258878 8.05677e-07
    outer loop
      vertex 19.1273 -5.7842 -4.49893
      vertex 19.0211 -6.18034 30
      vertex 19.0262 -6.16142 -4.96843
    endloop
  endfacet
  facet normal 0.965537 -0.260266 -5.18253e-21
    outer loop
      vertex 19.0262 -6.16142 -4.96843
      vertex 19.0211 -6.18034 30
      vertex 19.0211 -6.18034 -4.99214
    endloop
  endfacet
  facet normal 0.156694 -0.987647 -3.17297e-05
    outer loop
      vertex 2.09057 -19.8904 -30
      vertex 2.52401 -19.8218 -24.8107
      vertex 2.50447 -19.8249 -24.8134
    endloop
  endfacet
  facet normal 0.156335 -0.987704 0
    outer loop
      vertex 2.09057 -19.8904 -30
      vertex 2.42289 -19.8378 -24.8199
      vertex 2.09057 -19.8904 -24.8445
    endloop
  endfacet
  facet normal 0.156186 -0.987728 9.82013e-06
    outer loop
      vertex 2.09057 -19.8904 -30
      vertex 2.50447 -19.8249 -24.8134
      vertex 2.42289 -19.8378 -24.8199
    endloop
  endfacet
  facet normal 0.156329 -0.987705 -5.55728e-07
    outer loop
      vertex 2.52401 -19.8218 -24.8107
      vertex 2.09057 -19.8904 -30
      vertex 2.81022 -19.7765 -24.7711
    endloop
  endfacet
  facet normal 0.156395 -0.987695 -9.76916e-06
    outer loop
      vertex 4.15823 -19.563 -30
      vertex 2.81022 -19.7765 -24.7711
      vertex 2.09057 -19.8904 -30
    endloop
  endfacet
  facet normal 0.156445 -0.987687 3.37362e-06
    outer loop
      vertex 2.81022 -19.7765 -24.7711
      vertex 4.15823 -19.563 -30
      vertex 3.55961 -19.6578 -24.6326
    endloop
  endfacet
  facet normal 0.156616 -0.98766 2.29421e-05
    outer loop
      vertex 3.55961 -19.6578 -24.6326
      vertex 4.15823 -19.563 -30
      vertex 3.9859 -19.5902 -24.5412
    endloop
  endfacet
  facet normal 0.155907 -0.987772 3.07673e-19
    outer loop
      vertex 3.9859 -19.5902 -24.5412
      vertex 4.15823 -19.563 -30
      vertex 4.15823 -19.563 -24.4849
    endloop
  endfacet
  facet normal 0.156395 -0.987695 -2.495e-19
    outer loop
      vertex 2.09057 -19.8904 30
      vertex 4.15823 -19.563 -21.272
      vertex 4.15823 -19.563 30
    endloop
  endfacet
  facet normal 0.15627 -0.987714 -5.15127e-06
    outer loop
      vertex 2.09057 -19.8904 30
      vertex 3.90351 -19.6033 -21.32
      vertex 4.15823 -19.563 -21.272
    endloop
  endfacet
  facet normal 0.156412 -0.987692 -6.13681e-10
    outer loop
      vertex 2.6892 -19.7956 -21.5684
      vertex 3.90351 -19.6033 -21.32
      vertex 2.09057 -19.8904 30
    endloop
  endfacet
  facet normal 0.156772 -0.987633 -0.00180455
    outer loop
      vertex 3.90351 -19.6033 -21.32
      vertex 2.6892 -19.7956 -21.5684
      vertex 3.43858 -19.6769 -21.4299
    endloop
  endfacet
  facet normal 0.156412 -0.987692 0
    outer loop
      vertex 2.09057 -19.8904 -21.6788
      vertex 2.6892 -19.7956 -21.5684
      vertex 2.09057 -19.8904 30
    endloop
  endfacet
  facet normal 0.156634 -0.987656 -0.00123411
    outer loop
      vertex 2.6892 -19.7956 -21.5684
      vertex 2.09057 -19.8904 -21.6788
      vertex 2.36076 -19.8476 -21.6388
    endloop
  endfacet
  facet normal 0.258916 -0.9659 0
    outer loop
      vertex 4.15823 -19.563 -30
      vertex 4.78459 -19.3951 -24.3495
      vertex 4.15823 -19.563 -24.4849
    endloop
  endfacet
  facet normal 0.258853 -0.965917 7.4211e-06
    outer loop
      vertex 6.18034 -19.0211 -30
      vertex 4.78459 -19.3951 -24.3495
      vertex 4.15823 -19.563 -30
    endloop
  endfacet
  facet normal 0.258777 -0.965937 -1.28266e-05
    outer loop
      vertex 4.78459 -19.3951 -24.3495
      vertex 6.18034 -19.0211 -30
      vertex 5.2747 -19.2638 -24.2205
    endloop
  endfacet
  facet normal 0.258879 -0.96591 4.22985e-06
    outer loop
      vertex 5.2747 -19.2638 -24.2205
      vertex 6.18034 -19.0211 -30
      vertex 6.0351 -19.06 -23.9414
    endloop
  endfacet
  facet normal 0.258714 -0.965954 -5.20128e-20
    outer loop
      vertex 6.0351 -19.06 -23.9414
      vertex 6.18034 -19.0211 -30
      vertex 6.18034 -19.0211 -23.8806
    endloop
  endfacet
  facet normal 0.258853 -0.965917 8.39054e-19
    outer loop
      vertex 4.15823 -19.563 30
      vertex 6.18034 -19.0211 -20.6138
      vertex 6.18034 -19.0211 30
    endloop
  endfacet
  facet normal 0.258805 -0.96593 -2.06508e-06
    outer loop
      vertex 5.15919 -19.2947 -20.9358
      vertex 6.18034 -19.0211 -20.6138
      vertex 4.15823 -19.563 30
    endloop
  endfacet
  facet normal 0.258468 -0.966019 0.00114522
    outer loop
      vertex 6.18034 -19.0211 -20.6138
      vertex 5.15919 -19.2947 -20.9358
      vertex 5.93068 -19.088 -20.6991
    endloop
  endfacet
  facet normal 0.258903 -0.965903 0
    outer loop
      vertex 4.15823 -19.563 -21.272
      vertex 5.15919 -19.2947 -20.9358
      vertex 4.15823 -19.563 30
    endloop
  endfacet
  facet normal 0.257956 -0.966152 0.0030199
    outer loop
      vertex 5.15919 -19.2947 -20.9358
      vertex 4.15823 -19.563 -21.272
      vertex 4.68293 -19.4224 -21.1092
    endloop
  endfacet
  facet normal 0.62931 -0.777155 7.66248e-18
    outer loop
      vertex 13.3826 -14.8629 -30
      vertex 11.7557 -16.1803 -20.7671
      vertex 11.7557 -16.1803 -30
    endloop
  endfacet
  facet normal 0.629291 -0.77717 -5.35022e-06
    outer loop
      vertex 11.7557 -16.1803 -20.7671
      vertex 13.3826 -14.8629 -30
      vertex 12.1756 -15.8403 -20.4483
    endloop
  endfacet
  facet normal 0.629261 -0.777194 -1.16921e-05
    outer loop
      vertex 12.1756 -15.8403 -20.4483
      vertex 13.3826 -14.8629 -30
      vertex 12.4099 -15.6506 -20.2692
    endloop
  endfacet
  facet normal 0.629355 -0.777118 3.9148e-06
    outer loop
      vertex 12.4099 -15.6506 -20.2692
      vertex 13.3826 -14.8629 -30
      vertex 13.1399 -15.0594 -19.564
    endloop
  endfacet
  facet normal 0.629253 -0.7772 1.31158e-19
    outer loop
      vertex 13.1399 -15.0594 -19.564
      vertex 13.3826 -14.8629 -30
      vertex 13.3826 -14.8629 -19.3287
    endloop
  endfacet
  facet normal 0.62931 -0.777155 1.5575e-18
    outer loop
      vertex 11.7557 -16.1803 30
      vertex 13.3826 -14.8629 -15.4234
      vertex 13.3826 -14.8629 30
    endloop
  endfacet
  facet normal 0.629358 -0.777116 2.87386e-06
    outer loop
      vertex 11.7557 -16.1803 30
      vertex 13.0502 -15.1321 -15.7364
      vertex 13.3826 -14.8629 -15.4234
    endloop
  endfacet
  facet normal 0.629324 -0.777143 1.26975e-06
    outer loop
      vertex 11.7557 -16.1803 30
      vertex 12.3068 -15.7341 -16.4776
      vertex 13.0502 -15.1321 -15.7364
    endloop
  endfacet
  facet normal 0.629132 -0.777298 -2.4871e-06
    outer loop
      vertex 11.7557 -16.1803 30
      vertex 12.0744 -15.9222 -16.7096
      vertex 12.3068 -15.7341 -16.4776
    endloop
  endfacet
  facet normal 0.629353 -0.77712 -1.01154e-19
    outer loop
      vertex 12.0744 -15.9222 -16.7096
      vertex 11.7557 -16.1803 30
      vertex 11.7557 -16.1803 -17.044
    endloop
  endfacet
  facet normal 0.45399 -0.891007 3.18217e-18
    outer loop
      vertex 10 -17.3205 -30
      vertex 8.13473 -18.2709 -23.0505
      vertex 8.13473 -18.2709 -30
    endloop
  endfacet
  facet normal 0.451967 -0.892034 -0.000683228
    outer loop
      vertex 8.13473 -18.2709 -23.0505
      vertex 10 -17.3205 -30
      vertex 8.15033 -18.263 -23.0452
    endloop
  endfacet
  facet normal 0.454046 -0.890978 1.27628e-05
    outer loop
      vertex 8.15033 -18.263 -23.0452
      vertex 10 -17.3205 -30
      vertex 9.00039 -17.8298 -22.6373
    endloop
  endfacet
  facet normal 0.453979 -0.891012 1.22977e-06
    outer loop
      vertex 9.00039 -17.8298 -22.6373
      vertex 10 -17.3205 -30
      vertex 9.2575 -17.6988 -22.511
    endloop
  endfacet
  facet normal 0.453969 -0.891018 -3.19616e-18
    outer loop
      vertex 9.2575 -17.6988 -22.511
      vertex 10 -17.3205 -30
      vertex 10 -17.3205 -22.0112
    endloop
  endfacet
  facet normal 0.45399 -0.891007 4.5635e-19
    outer loop
      vertex 8.13473 -18.2709 30
      vertex 10 -17.3205 -18.4596
      vertex 10 -17.3205 30
    endloop
  endfacet
  facet normal 0.456265 -0.889844 0.0001104
    outer loop
      vertex 8.13473 -18.2709 30
      vertex 9.9844 -17.3285 -18.4688
      vertex 10 -17.3205 -18.4596
    endloop
  endfacet
  facet normal 0.453968 -0.891018 -9.43368e-08
    outer loop
      vertex 8.13473 -18.2709 30
      vertex 9.13434 -17.7616 -19.0039
      vertex 9.9844 -17.3285 -18.4688
    endloop
  endfacet
  facet normal 0.453979 -0.891012 1.94566e-07
    outer loop
      vertex 8.13473 -18.2709 30
      vertex 8.87723 -17.8926 -19.1676
      vertex 9.13434 -17.7616 -19.0039
    endloop
  endfacet
  facet normal 0.453969 -0.891018 -6.55547e-19
    outer loop
      vertex 8.87723 -17.8926 -19.1676
      vertex 8.13473 -18.2709 30
      vertex 8.13473 -18.2709 -19.6673
    endloop
  endfacet
  facet normal 0.891039 -0.453927 -2.27e-19
    outer loop
      vertex 18.0444 -8.57934 -12.2443
      vertex 18.2709 -8.13473 -30
      vertex 18.2709 -8.13473 -11.6936
    endloop
  endfacet
  facet normal 0.890987 -0.454029 -3.22141e-06
    outer loop
      vertex 17.8926 -8.87723 -12.611
      vertex 18.2709 -8.13473 -30
      vertex 18.0444 -8.57934 -12.2443
    endloop
  endfacet
  facet normal 0.890985 -0.454032 -3.41165e-06
    outer loop
      vertex 17.481 -9.68494 -13.4997
      vertex 18.2709 -8.13473 -30
      vertex 17.8926 -8.87723 -12.611
    endloop
  endfacet
  facet normal 0.891096 -0.453815 2.23138e-05
    outer loop
      vertex 17.3285 -9.9844 -13.8268
      vertex 18.2709 -8.13473 -30
      vertex 17.481 -9.68494 -13.4997
    endloop
  endfacet
  facet normal 0.889935 -0.456087 -0.000305218
    outer loop
      vertex 17.3205 -10 -13.8416
      vertex 18.2709 -8.13473 -30
      vertex 17.3285 -9.9844 -13.8268
    endloop
  endfacet
  facet normal 0.891007 -0.45399 1.36861e-18
    outer loop
      vertex 18.2709 -8.13473 -30
      vertex 17.3205 -10 -13.8416
      vertex 17.3205 -10 -30
    endloop
  endfacet
  facet normal 0.891007 -0.45399 5.92749e-19
    outer loop
      vertex 17.3205 -10 30
      vertex 18.2709 -8.13473 -7.30838
      vertex 18.2709 -8.13473 30
    endloop
  endfacet
  facet normal 0.892069 -0.451899 0.000131589
    outer loop
      vertex 18.2709 -8.13473 -7.30838
      vertex 17.3205 -10 30
      vertex 18.263 -8.15033 -7.32566
    endloop
  endfacet
  facet normal 0.890986 -0.454031 -1.40103e-06
    outer loop
      vertex 18.263 -8.15033 -7.32566
      vertex 17.3205 -10 30
      vertex 18.1104 -8.44979 -7.67493
    endloop
  endfacet
  facet normal 0.890984 -0.454034 -1.57251e-06
    outer loop
      vertex 18.1104 -8.44979 -7.67493
      vertex 17.3205 -10 30
      vertex 17.6988 -9.2575 -8.62523
    endloop
  endfacet
  facet normal 0.890992 -0.454019 -1.20501e-06
    outer loop
      vertex 17.6988 -9.2575 -8.62523
      vertex 17.3205 -10 30
      vertex 17.547 -9.5554 -8.99199
    endloop
  endfacet
  facet normal 0.891035 -0.453935 -3.01196e-19
    outer loop
      vertex 17.547 -9.5554 -8.99199
      vertex 17.3205 -10 30
      vertex 17.3205 -10 -9.54265
    endloop
  endfacet
  facet normal -0.0524141 -0.998625 0
    outer loop
      vertex -2.09057 -19.8904 -30
      vertex -1.25416 -19.9343 -24.9568
      vertex -2.09057 -19.8904 -24.8445
    endloop
  endfacet
  facet normal -0.0525582 -0.998618 2.39716e-05
    outer loop
      vertex -2.09057 -19.8904 -30
      vertex -1.15726 -19.9394 -24.9593
      vertex -1.25416 -19.9343 -24.9568
    endloop
  endfacet
  facet normal -0.052354 -0.998629 -1.39451e-05
    outer loop
      vertex 0 -20 -30
      vertex -1.15726 -19.9394 -24.9593
      vertex -2.09057 -19.8904 -30
    endloop
  endfacet
  facet normal -0.0522934 -0.998632 6.8365e-19
    outer loop
      vertex -1.15726 -19.9394 -24.9593
      vertex 0 -20 -30
      vertex 0 -20 -24.9878
    endloop
  endfacet
  facet normal -0.052354 -0.998629 0
    outer loop
      vertex -2.09057 -19.8904 -21.6788
      vertex 0 -20 30
      vertex -2.09057 -19.8904 30
    endloop
  endfacet
  facet normal -0.0523638 -0.998628 3.97598e-07
    outer loop
      vertex -1.34871 -19.9293 -21.7422
      vertex 0 -20 30
      vertex -2.09057 -19.8904 -21.6788
    endloop
  endfacet
  facet normal -0.0518083 -0.998598 0.0108639
    outer loop
      vertex -0.069311 -19.9964 -21.8087
      vertex -1.34871 -19.9293 -21.7422
      vertex -1.25416 -19.9343 -21.7509
    endloop
  endfacet
  facet normal -0.0523745 -0.998628 6.76889e-07
    outer loop
      vertex -1.34871 -19.9293 -21.7422
      vertex -0.069311 -19.9964 -21.8087
      vertex 0 -20 30
    endloop
  endfacet
  facet normal -0.0518699 -0.998654 -0
    outer loop
      vertex 0 -20 30
      vertex -0.069311 -19.9964 -21.8087
      vertex 0 -20 -21.8122
    endloop
  endfacet
  facet normal -0.358197 -0.933646 0
    outer loop
      vertex -8.13473 -18.2709 -30
      vertex -7.95462 -18.34 -23.1435
      vertex -8.13473 -18.2709 -23.0505
    endloop
  endfacet
  facet normal -0.358535 -0.933516 1.01598e-05
    outer loop
      vertex -7.95462 -18.34 -23.1435
      vertex -8.13473 -18.2709 -30
      vertex -7.6276 -18.4656 -23.3124
    endloop
  endfacet
  facet normal -0.358382 -0.933575 -3.0891e-06
    outer loop
      vertex -8.13473 -18.2709 -30
      vertex -7.1673 -18.6423 -23.5229
      vertex -7.6276 -18.4656 -23.3124
    endloop
  endfacet
  facet normal -0.358337 -0.933592 -1.09041e-05
    outer loop
      vertex -8.13473 -18.2709 -30
      vertex -6.42164 -18.9285 -23.8104
      vertex -7.1673 -18.6423 -23.5229
    endloop
  endfacet
  facet normal -0.358286 -0.933612 -2.70432e-05
    outer loop
      vertex -8.13473 -18.2709 -30
      vertex -6.18034 -19.0211 -23.8806
      vertex -6.42164 -18.9285 -23.8104
    endloop
  endfacet
  facet normal -0.35836 -0.933584 -0
    outer loop
      vertex -6.18034 -19.0211 -23.8806
      vertex -8.13473 -18.2709 -30
      vertex -6.18034 -19.0211 -30
    endloop
  endfacet
  facet normal -0.35836 -0.933584 0
    outer loop
      vertex -8.13473 -18.2709 -19.6673
      vertex -6.18034 -19.0211 30
      vertex -8.13473 -18.2709 30
    endloop
  endfacet
  facet normal -0.358893 -0.933379 2.40818e-05
    outer loop
      vertex -8.05307 -18.3023 -19.7044
      vertex -6.18034 -19.0211 30
      vertex -8.13473 -18.2709 -19.6673
    endloop
  endfacet
  facet normal -0.35829 -0.93361 -1.96706e-06
    outer loop
      vertex -7.73543 -18.4242 -19.8515
      vertex -6.18034 -19.0211 30
      vertex -8.05307 -18.3023 -19.7044
    endloop
  endfacet
  facet normal -0.358345 -0.933589 -1.17496e-08
    outer loop
      vertex -6.84234 -18.767 -20.2946
      vertex -6.18034 -19.0211 30
      vertex -7.73543 -18.4242 -19.8515
    endloop
  endfacet
  facet normal -0.356466 -0.934297 0.00450947
    outer loop
      vertex -6.32072 -18.9672 -20.54
      vertex -6.84234 -18.767 -20.2946
      vertex -6.73843 -18.8069 -20.3474
    endloop
  endfacet
  facet normal -0.35832 -0.933599 -3.97601e-07
    outer loop
      vertex -6.84234 -18.767 -20.2946
      vertex -6.32072 -18.9672 -20.54
      vertex -6.18034 -19.0211 30
    endloop
  endfacet
  facet normal -0.358444 -0.933551 -0
    outer loop
      vertex -6.18034 -19.0211 30
      vertex -6.32072 -18.9672 -20.54
      vertex -6.18034 -19.0211 -20.6138
    endloop
  endfacet
  facet normal -0.544757 -0.838594 0
    outer loop
      vertex -11.7557 -16.1803 -30
      vertex -11.4118 -16.4037 -21.0777
      vertex -11.7557 -16.1803 -20.7671
    endloop
  endfacet
  facet normal -0.544479 -0.838775 -1.52466e-05
    outer loop
      vertex -11.7557 -16.1803 -30
      vertex -11.161 -16.5665 -21.2576
      vertex -11.4118 -16.4037 -21.0777
    endloop
  endfacet
  facet normal -0.544695 -0.838634 5.69263e-06
    outer loop
      vertex -11.7557 -16.1803 -30
      vertex -10.3587 -17.0876 -21.8271
      vertex -11.161 -16.5665 -21.2576
    endloop
  endfacet
  facet normal -0.544687 -0.838639 3.7716e-06
    outer loop
      vertex -11.7557 -16.1803 -30
      vertex -10.0734 -17.2729 -21.9741
      vertex -10.3587 -17.0876 -21.8271
    endloop
  endfacet
  facet normal -0.544159 -0.838982 -0.000153705
    outer loop
      vertex -11.7557 -16.1803 -30
      vertex -10 -17.3205 -22.0112
      vertex -10.0734 -17.2729 -21.9741
    endloop
  endfacet
  facet normal -0.544651 -0.838663 -0
    outer loop
      vertex -10 -17.3205 -22.0112
      vertex -11.7557 -16.1803 -30
      vertex -10 -17.3205 -30
    endloop
  endfacet
  facet normal -0.544651 -0.838663 0
    outer loop
      vertex -11.7557 -16.1803 -17.044
      vertex -10 -17.3205 30
      vertex -11.7557 -16.1803 30
    endloop
  endfacet
  facet normal -0.544707 -0.838626 2.97815e-06
    outer loop
      vertex -11.3026 -16.4746 -17.3958
      vertex -10 -17.3205 30
      vertex -11.7557 -16.1803 -17.044
    endloop
  endfacet
  facet normal -0.544707 -0.838627 2.97398e-06
    outer loop
      vertex -11.0498 -16.6388 -17.5928
      vertex -10 -17.3205 30
      vertex -11.3026 -16.4746 -17.3958
    endloop
  endfacet
  facet normal -0.544588 -0.838703 -7.41385e-07
    outer loop
      vertex -10.2619 -17.1504 -18.2423
      vertex -10 -17.3205 30
      vertex -11.0498 -16.6388 -17.5928
    endloop
  endfacet
  facet normal -0.544684 -0.838641 -0
    outer loop
      vertex -10 -17.3205 30
      vertex -10.2619 -17.1504 -18.2423
      vertex -10 -17.3205 -18.4596
    endloop
  endfacet
  facet normal -0.96587 -0.259029 -1.16574e-05
    outer loop
      vertex -19.0211 -6.18034 30
      vertex -19.563 -4.15823 -2.60295
      vertex -19.483 -4.45652 -2.93376
    endloop
  endfacet
  facet normal -0.966073 -0.258271 3.08567e-05
    outer loop
      vertex -19.0211 -6.18034 30
      vertex -19.483 -4.45652 -2.93376
      vertex -19.4523 -4.57137 -3.06323
    endloop
  endfacet
  facet normal -0.965921 -0.258836 1.38903e-06
    outer loop
      vertex -19.0211 -6.18034 30
      vertex -19.4523 -4.57137 -3.06323
      vertex -19.3712 -4.87402 -3.41898
    endloop
  endfacet
  facet normal -0.965921 -0.258838 1.29192e-06
    outer loop
      vertex -19.0211 -6.18034 30
      vertex -19.3712 -4.87402 -3.41898
      vertex -19.1273 -5.7842 -4.49893
    endloop
  endfacet
  facet normal -0.96591 -0.258878 8.05677e-07
    outer loop
      vertex -19.0211 -6.18034 30
      vertex -19.1273 -5.7842 -4.49893
      vertex -19.0262 -6.16142 -4.96843
    endloop
  endfacet
  facet normal -0.965537 -0.260266 -0
    outer loop
      vertex -19.0211 -6.18034 30
      vertex -19.0262 -6.16142 -4.96843
      vertex -19.0211 -6.18034 -4.99214
    endloop
  endfacet
  facet normal -0.965917 -0.258853 0
    outer loop
      vertex -19.563 -4.15823 -2.60295
      vertex -19.0211 -6.18034 30
      vertex -19.563 -4.15823 30
    endloop
  endfacet
  facet normal -0.965919 -0.258844 0
    outer loop
      vertex -19.563 -4.15823 -30
      vertex -19.3195 -5.06689 -8.2127
      vertex -19.563 -4.15823 -7.12549
    endloop
  endfacet
  facet normal -0.965917 -0.258851 -3.04459e-07
    outer loop
      vertex -19.563 -4.15823 -30
      vertex -19.239 -5.36728 -8.56918
      vertex -19.3195 -5.06689 -8.2127
    endloop
  endfacet
  facet normal -0.965917 -0.258853 -0
    outer loop
      vertex -19.0211 -6.18034 -9.45014
      vertex -19.563 -4.15823 -30
      vertex -19.0211 -6.18034 -30
    endloop
  endfacet
  facet normal -0.965914 -0.258864 -1.07381e-06
    outer loop
      vertex -19.563 -4.15823 -30
      vertex -19.0211 -6.18034 -9.45014
      vertex -19.239 -5.36728 -8.56918
    endloop
  endfacet
  facet normal -0.998695 -0.05107 0
    outer loop
      vertex -20 0 -30
      vertex -19.999 -0.0195554 -2.30327
      vertex -20 0 -2.27882
    endloop
  endfacet
  facet normal -0.998621 -0.052491 -1.00592e-06
    outer loop
      vertex -20 0 -30
      vertex -19.9785 -0.409551 -2.78971
      vertex -19.999 -0.0195554 -2.30327
    endloop
  endfacet
  facet normal -0.998779 -0.0494013 4.56224e-05
    outer loop
      vertex -20 0 -30
      vertex -19.9772 -0.435864 -2.82223
      vertex -19.9785 -0.409551 -2.78971
    endloop
  endfacet
  facet normal -0.998615 -0.0526179 -6.1019e-06
    outer loop
      vertex -20 0 -30
      vertex -19.972 -0.534539 -2.94097
      vertex -19.9772 -0.435864 -2.82223
    endloop
  endfacet
  facet normal -0.998627 -0.0523767 -1.32457e-06
    outer loop
      vertex -20 0 -30
      vertex -19.9292 -1.35055 -3.8915
      vertex -19.972 -0.534539 -2.94097
    endloop
  endfacet
  facet normal -0.998629 -0.0523416 4.95894e-07
    outer loop
      vertex -20 0 -30
      vertex -19.9128 -1.66345 -4.25429
      vertex -19.9292 -1.35055 -3.8915
    endloop
  endfacet
  facet normal -0.998639 -0.0521615 1.21668e-05
    outer loop
      vertex -20 0 -30
      vertex -19.9066 -1.78218 -4.38376
      vertex -19.9128 -1.66345 -4.25429
    endloop
  endfacet
  facet normal -0.998629 -0.052354 -0
    outer loop
      vertex -19.8904 -2.09057 -4.71457
      vertex -20 0 -30
      vertex -19.8904 -2.09057 -30
    endloop
  endfacet
  facet normal -0.998624 -0.05245 -7.96254e-06
    outer loop
      vertex -20 0 -30
      vertex -19.8904 -2.09057 -4.71457
      vertex -19.9066 -1.78218 -4.38376
    endloop
  endfacet
  facet normal -0.998628 -0.0523567 -2.07506e-07
    outer loop
      vertex -19.8904 -2.09057 30
      vertex -20 0 2.27882
      vertex -19.9624 -0.717162 1.48281
    endloop
  endfacet
  facet normal -0.998626 -0.0524121 -2.88004e-06
    outer loop
      vertex -19.8904 -2.09057 30
      vertex -19.9624 -0.717162 1.48281
      vertex -19.9573 -0.814328 1.37235
    endloop
  endfacet
  facet normal -0.998631 -0.0523054 1.89034e-06
    outer loop
      vertex -19.8904 -2.09057 30
      vertex -19.9573 -0.814328 1.37235
      vertex -19.9459 -1.03199 1.10998
    endloop
  endfacet
  facet normal -0.998648 -0.0519772 1.39485e-05
    outer loop
      vertex -19.8904 -2.09057 30
      vertex -19.9459 -1.03199 1.10998
      vertex -19.9397 -1.15115 0.967906
    endloop
  endfacet
  facet normal -0.998626 -0.0524066 1.54787e-08
    outer loop
      vertex -19.8904 -2.09057 30
      vertex -19.9397 -1.15115 0.967906
      vertex -19.8958 -1.98768 -0.0323145
    endloop
  endfacet
  facet normal -0.998645 -0.0520414 1.27002e-06
    outer loop
      vertex -19.8904 -2.09057 30
      vertex -19.8958 -1.98768 -0.0323145
      vertex -19.8908 -2.08363 -0.149481
    endloop
  endfacet
  facet normal -0.998343 -0.0575414 -0
    outer loop
      vertex -19.8904 -2.09057 30
      vertex -19.8908 -2.08363 -0.149481
      vertex -19.8904 -2.09057 -0.158408
    endloop
  endfacet
  facet normal -0.998629 -0.052354 0
    outer loop
      vertex -20 0 2.27882
      vertex -19.8904 -2.09057 30
      vertex -20 0 30
    endloop
  endfacet
  facet normal 0 0 -1
    outer loop
      vertex 2.5 0 -30
      vertex 20 0 -30
      vertex 19.8904 -2.09057 -30
    endloop
  endfacet
  facet normal 0 0 -1
    outer loop
      vertex 2.45196 -0.487725 -30
      vertex 19.8904 -2.09057 -30
      vertex 19.563 -4.15823 -30
    endloop
  endfacet
  facet normal 0 0 -1
    outer loop
      vertex 20 0 -30
      vertex 2.5 0 -30
      vertex 19.8904 2.09057 -30
    endloop
  endfacet
  facet normal 0 0 -1
    outer loop
      vertex 2.45196 -0.487725 -30
      vertex 19.563 -4.15823 -30
      vertex 19.0211 -6.18034 -30
    endloop
  endfacet
  facet normal 0 0 -1
    outer loop
      vertex 2.45196 0.487725 -30
      vertex 19.8904 2.09057 -30
      vertex 2.5 0 -30
    endloop
  endfacet
  facet normal 0 0 -1
    outer loop
      vertex 2.3097 -0.956708 -30
      vertex 19.0211 -6.18034 -30
      vertex 18.2709 -8.13473 -30
    endloop
  endfacet
  facet normal -0 0 -1
    outer loop
      vertex 19.8904 2.09057 -30
      vertex 2.45196 0.487725 -30
      vertex 19.563 4.15823 -30
    endloop
  endfacet
  facet normal 0 0 -1
    outer loop
      vertex 2.3097 -0.956708 -30
      vertex 18.2709 -8.13473 -30
      vertex 17.3205 -10 -30
    endloop
  endfacet
  facet normal -0 0 -1
    outer loop
      vertex 19.563 4.15823 -30
      vertex 2.45196 0.487725 -30
      vertex 19.0211 6.18034 -30
    endloop
  endfacet
  facet normal 0 0 -1
    outer loop
      vertex 2.07867 -1.38893 -30
      vertex 17.3205 -10 -30
      vertex 16.1803 -11.7557 -30
    endloop
  endfacet
  facet normal 0 0 -1
    outer loop
      vertex 2.3097 0.956708 -30
      vertex 19.0211 6.18034 -30
      vertex 2.45196 0.487725 -30
    endloop
  endfacet
  facet normal 0 0 -1
    outer loop
      vertex 2.07867 -1.38893 -30
      vertex 16.1803 -11.7557 -30
      vertex 14.8629 -13.3826 -30
    endloop
  endfacet
  facet normal -0 0 -1
    outer loop
      vertex 19.0211 6.18034 -30
      vertex 2.3097 0.956708 -30
      vertex 18.2709 8.13473 -30
    endloop
  endfacet
  facet normal 0 0 -1
    outer loop
      vertex 1.76777 -1.76777 -30
      vertex 14.8629 -13.3826 -30
      vertex 13.3826 -14.8629 -30
    endloop
  endfacet
  facet normal -0 0 -1
    outer loop
      vertex 18.2709 8.13473 -30
      vertex 2.3097 0.956708 -30
      vertex 17.3205 10 -30
    endloop
  endfacet
  facet normal 0 0 -1
    outer loop
      vertex 1.76777 -1.76777 -30
      vertex 13.3826 -14.8629 -30
      vertex 11.7557 -16.1803 -30
    endloop
  endfacet
  facet normal 0 0 -1
    outer loop
      vertex 2.07867 1.38893 -30
      vertex 17.3205 10 -30
      vertex 2.3097 0.956708 -30
    endloop
  endfacet
  facet normal 0 0 -1
    outer loop
      vertex 1.38893 -2.07867 -30
      vertex 11.7557 -16.1803 -30
      vertex 10 -17.3205 -30
    endloop
  endfacet
  facet normal -0 0 -1
    outer loop
      vertex 17.3205 10 -30
      vertex 2.07867 1.38893 -30
      vertex 16.1803 11.7557 -30
    endloop
  endfacet
  facet normal 0 0 -1
    outer loop
      vertex 0.956708 -2.3097 -30
      vertex 10 -17.3205 -30
      vertex 8.13473 -18.2709 -30
    endloop
  endfacet
  facet normal -0 0 -1
    outer loop
      vertex 16.1803 11.7557 -30
      vertex 2.07867 1.38893 -30
      vertex 14.8629 13.3826 -30
    endloop
  endfacet
  facet normal 0 0 -1
    outer loop
      vertex 0.956708 -2.3097 -30
      vertex 8.13473 -18.2709 -30
      vertex 6.18034 -19.0211 -30
    endloop
  endfacet
  facet normal 0 0 -1
    outer loop
      vertex 1.76777 1.76777 -30
      vertex 14.8629 13.3826 -30
      vertex 2.07867 1.38893 -30
    endloop
  endfacet
  facet normal 0 0 -1
    outer loop
      vertex 0.487725 -2.45196 -30
      vertex 6.18034 -19.0211 -30
      vertex 4.15823 -19.563 -30
    endloop
  endfacet
  facet normal -0 0 -1
    outer loop
      vertex 14.8629 13.3826 -30
      vertex 1.76777 1.76777 -30
      vertex 13.3826 14.8629 -30
    endloop
  endfacet
  facet normal -0 0 -1
    outer loop
      vertex 13.3826 14.8629 -30
      vertex 1.76777 1.76777 -30
      vertex 11.7557 16.1803 -30
    endloop
  endfacet
  facet normal 0 0 -1
    outer loop
      vertex 19.8904 -2.09057 -30
      vertex 2.45196 -0.487725 -30
      vertex 2.5 0 -30
    endloop
  endfacet
  facet normal 0 0 -1
    outer loop
      vertex 19.0211 -6.18034 -30
      vertex 2.3097 -0.956708 -30
      vertex 2.45196 -0.487725 -30
    endloop
  endfacet
  facet normal 0 0 -1
    outer loop
      vertex 0.487725 -2.45196 -30
      vertex 4.15823 -19.563 -30
      vertex 2.09057 -19.8904 -30
    endloop
  endfacet
  facet normal 0 0 -1
    outer loop
      vertex 17.3205 -10 -30
      vertex 2.07867 -1.38893 -30
      vertex 2.3097 -0.956708 -30
    endloop
  endfacet
  facet normal 0 0 -1
    outer loop
      vertex 14.8629 -13.3826 -30
      vertex 1.76777 -1.76777 -30
      vertex 2.07867 -1.38893 -30
    endloop
  endfacet
  facet normal 0 0 -1
    outer loop
      vertex 11.7557 -16.1803 -30
      vertex 1.38893 -2.07867 -30
      vertex 1.76777 -1.76777 -30
    endloop
  endfacet
  facet normal 0 0 -1
    outer loop
      vertex 10 -17.3205 -30
      vertex 0.956708 -2.3097 -30
      vertex 1.38893 -2.07867 -30
    endloop
  endfacet
  facet normal 0 0 -1
    outer loop
      vertex 6.18034 -19.0211 -30
      vertex 0.487725 -2.45196 -30
      vertex 0.956708 -2.3097 -30
    endloop
  endfacet
  facet normal 0 0 -1
    outer loop
      vertex 0 -2.5 -30
      vertex 2.09057 -19.8904 -30
      vertex 0 -20 -30
    endloop
  endfacet
  facet normal 0 0 -1
    outer loop
      vertex 2.09057 -19.8904 -30
      vertex 0 -2.5 -30
      vertex 0.487725 -2.45196 -30
    endloop
  endfacet
  facet normal 0 0 -1
    outer loop
      vertex -2.09057 -19.8904 -30
      vertex 0 -2.5 -30
      vertex 0 -20 -30
    endloop
  endfacet
  facet normal -0 0 -1
    outer loop
      vertex 0 -2.5 -30
      vertex -2.09057 -19.8904 -30
      vertex -0.487725 -2.45196 -30
    endloop
  endfacet
  facet normal 0 0 -1
    outer loop
      vertex -4.15823 -19.563 -30
      vertex -0.487725 -2.45196 -30
      vertex -2.09057 -19.8904 -30
    endloop
  endfacet
  facet normal 0 0 -1
    outer loop
      vertex -6.18034 -19.0211 -30
      vertex -0.487725 -2.45196 -30
      vertex -4.15823 -19.563 -30
    endloop
  endfacet
  facet normal -0 0 -1
    outer loop
      vertex -0.487725 -2.45196 -30
      vertex -6.18034 -19.0211 -30
      vertex -0.956708 -2.3097 -30
    endloop
  endfacet
  facet normal 0 0 -1
    outer loop
      vertex -8.13473 -18.2709 -30
      vertex -0.956708 -2.3097 -30
      vertex -6.18034 -19.0211 -30
    endloop
  endfacet
  facet normal 0 0 -1
    outer loop
      vertex -10 -17.3205 -30
      vertex -0.956708 -2.3097 -30
      vertex -8.13473 -18.2709 -30
    endloop
  endfacet
  facet normal -0 0 -1
    outer loop
      vertex -0.956708 -2.3097 -30
      vertex -10 -17.3205 -30
      vertex -1.38893 -2.07867 -30
    endloop
  endfacet
  facet normal 0 0 -1
    outer loop
      vertex -11.7557 -16.1803 -30
      vertex -1.38893 -2.07867 -30
      vertex -10 -17.3205 -30
    endloop
  endfacet
  facet normal -0 0 -1
    outer loop
      vertex -1.38893 -2.07867 -30
      vertex -11.7557 -16.1803 -30
      vertex -1.76777 -1.76777 -30
    endloop
  endfacet
  facet normal 0 0 -1
    outer loop
      vertex 1.38893 2.07867 -30
      vertex 11.7557 16.1803 -30
      vertex 1.76777 1.76777 -30
    endloop
  endfacet
  facet normal -0 0 -1
    outer loop
      vertex 11.7557 16.1803 -30
      vertex 1.38893 2.07867 -30
      vertex 10 17.3205 -30
    endloop
  endfacet
  facet normal 0 0 -1
    outer loop
      vertex 0.956708 2.3097 -30
      vertex 10 17.3205 -30
      vertex 1.38893 2.07867 -30
    endloop
  endfacet
  facet normal -0 0 -1
    outer loop
      vertex 10 17.3205 -30
      vertex 0.956708 2.3097 -30
      vertex 8.13473 18.2709 -30
    endloop
  endfacet
  facet normal -0 0 -1
    outer loop
      vertex 8.13473 18.2709 -30
      vertex 0.956708 2.3097 -30
      vertex 6.18034 19.0211 -30
    endloop
  endfacet
  facet normal 0 0 -1
    outer loop
      vertex 0.487725 2.45196 -30
      vertex 6.18034 19.0211 -30
      vertex 0.956708 2.3097 -30
    endloop
  endfacet
  facet normal -0 0 -1
    outer loop
      vertex 6.18034 19.0211 -30
      vertex 0.487725 2.45196 -30
      vertex 4.15823 19.563 -30
    endloop
  endfacet
  facet normal -0 0 -1
    outer loop
      vertex 4.15823 19.563 -30
      vertex 0.487725 2.45196 -30
      vertex 2.09057 19.8904 -30
    endloop
  endfacet
  facet normal 0 0 -1
    outer loop
      vertex 0 2.5 -30
      vertex 2.09057 19.8904 -30
      vertex 0.487725 2.45196 -30
    endloop
  endfacet
  facet normal 0 0 -1
    outer loop
      vertex 0 2.5 -30
      vertex 0 20 -30
      vertex 2.09057 19.8904 -30
    endloop
  endfacet
  facet normal 0 0 -1
    outer loop
      vertex -2.09057 19.8904 -30
      vertex 0 2.5 -30
      vertex -0.487725 2.45196 -30
    endloop
  endfacet
  facet normal 0 0 -1
    outer loop
      vertex -6.18034 19.0211 -30
      vertex -0.487725 2.45196 -30
      vertex -0.956708 2.3097 -30
    endloop
  endfacet
  facet normal 0 0 -1
    outer loop
      vertex -10 17.3205 -30
      vertex -0.956708 2.3097 -30
      vertex -1.38893 2.07867 -30
    endloop
  endfacet
  facet normal 0 0 -1
    outer loop
      vertex -11.7557 16.1803 -30
      vertex -1.38893 2.07867 -30
      vertex -1.76777 1.76777 -30
    endloop
  endfacet
  facet normal 0 0 -1
    outer loop
      vertex -14.8629 13.3826 -30
      vertex -1.76777 1.76777 -30
      vertex -2.07867 1.38893 -30
    endloop
  endfacet
  facet normal 0 0 -1
    outer loop
      vertex 0 2.5 -30
      vertex -2.09057 19.8904 -30
      vertex 0 20 -30
    endloop
  endfacet
  facet normal 0 0 -1
    outer loop
      vertex -17.3205 10 -30
      vertex -2.07867 1.38893 -30
      vertex -2.3097 0.956708 -30
    endloop
  endfacet
  facet normal 0 0 -1
    outer loop
      vertex -19.0211 6.18034 -30
      vertex -2.3097 0.956708 -30
      vertex -2.45196 0.487725 -30
    endloop
  endfacet
  facet normal 0 0 -1
    outer loop
      vertex -19.8904 2.09057 -30
      vertex -2.45196 0.487725 -30
      vertex -2.5 0 -30
    endloop
  endfacet
  facet normal 0 0 -1
    outer loop
      vertex -13.3826 -14.8629 -30
      vertex -1.76777 -1.76777 -30
      vertex -11.7557 -16.1803 -30
    endloop
  endfacet
  facet normal 0 0 -1
    outer loop
      vertex -0.487725 2.45196 -30
      vertex -4.15823 19.563 -30
      vertex -2.09057 19.8904 -30
    endloop
  endfacet
  facet normal 0 0 -1
    outer loop
      vertex -14.8629 -13.3826 -30
      vertex -1.76777 -1.76777 -30
      vertex -13.3826 -14.8629 -30
    endloop
  endfacet
  facet normal 0 0 -1
    outer loop
      vertex -0.487725 2.45196 -30
      vertex -6.18034 19.0211 -30
      vertex -4.15823 19.563 -30
    endloop
  endfacet
  facet normal -0 0 -1
    outer loop
      vertex -1.76777 -1.76777 -30
      vertex -14.8629 -13.3826 -30
      vertex -2.07867 -1.38893 -30
    endloop
  endfacet
  facet normal 0 0 -1
    outer loop
      vertex -0.956708 2.3097 -30
      vertex -8.13473 18.2709 -30
      vertex -6.18034 19.0211 -30
    endloop
  endfacet
  facet normal 0 0 -1
    outer loop
      vertex -16.1803 -11.7557 -30
      vertex -2.07867 -1.38893 -30
      vertex -14.8629 -13.3826 -30
    endloop
  endfacet
  facet normal 0 0 -1
    outer loop
      vertex -0.956708 2.3097 -30
      vertex -10 17.3205 -30
      vertex -8.13473 18.2709 -30
    endloop
  endfacet
  facet normal 0 0 -1
    outer loop
      vertex -17.3205 -10 -30
      vertex -2.07867 -1.38893 -30
      vertex -16.1803 -11.7557 -30
    endloop
  endfacet
  facet normal 0 0 -1
    outer loop
      vertex -1.38893 2.07867 -30
      vertex -11.7557 16.1803 -30
      vertex -10 17.3205 -30
    endloop
  endfacet
  facet normal -0 0 -1
    outer loop
      vertex -2.07867 -1.38893 -30
      vertex -17.3205 -10 -30
      vertex -2.3097 -0.956708 -30
    endloop
  endfacet
  facet normal 0 0 -1
    outer loop
      vertex -1.76777 1.76777 -30
      vertex -13.3826 14.8629 -30
      vertex -11.7557 16.1803 -30
    endloop
  endfacet
  facet normal 0 0 -1
    outer loop
      vertex -18.2709 -8.13473 -30
      vertex -2.3097 -0.956708 -30
      vertex -17.3205 -10 -30
    endloop
  endfacet
  facet normal 0 0 -1
    outer loop
      vertex -1.76777 1.76777 -30
      vertex -14.8629 13.3826 -30
      vertex -13.3826 14.8629 -30
    endloop
  endfacet
  facet normal 0 0 -1
    outer loop
      vertex -19.0211 -6.18034 -30
      vertex -2.3097 -0.956708 -30
      vertex -18.2709 -8.13473 -30
    endloop
  endfacet
  facet normal 0 0 -1
    outer loop
      vertex -2.07867 1.38893 -30
      vertex -16.1803 11.7557 -30
      vertex -14.8629 13.3826 -30
    endloop
  endfacet
  facet normal -0 0 -1
    outer loop
      vertex -2.3097 -0.956708 -30
      vertex -19.0211 -6.18034 -30
      vertex -2.45196 -0.487725 -30
    endloop
  endfacet
  facet normal 0 0 -1
    outer loop
      vertex -2.07867 1.38893 -30
      vertex -17.3205 10 -30
      vertex -16.1803 11.7557 -30
    endloop
  endfacet
  facet normal 0 0 -1
    outer loop
      vertex -19.563 -4.15823 -30
      vertex -2.45196 -0.487725 -30
      vertex -19.0211 -6.18034 -30
    endloop
  endfacet
  facet normal 0 0 -1
    outer loop
      vertex -2.3097 0.956708 -30
      vertex -18.2709 8.13473 -30
      vertex -17.3205 10 -30
    endloop
  endfacet
  facet normal 0 0 -1
    outer loop
      vertex -19.8904 -2.09057 -30
      vertex -2.45196 -0.487725 -30
      vertex -19.563 -4.15823 -30
    endloop
  endfacet
  facet normal 0 0 -1
    outer loop
      vertex -2.3097 0.956708 -30
      vertex -19.0211 6.18034 -30
      vertex -18.2709 8.13473 -30
    endloop
  endfacet
  facet normal -0 0 -1
    outer loop
      vertex -2.45196 -0.487725 -30
      vertex -19.8904 -2.09057 -30
      vertex -2.5 0 -30
    endloop
  endfacet
  facet normal 0 0 -1
    outer loop
      vertex -2.45196 0.487725 -30
      vertex -19.563 4.15823 -30
      vertex -19.0211 6.18034 -30
    endloop
  endfacet
  facet normal 0 0 -1
    outer loop
      vertex -20 0 -30
      vertex -2.5 0 -30
      vertex -19.8904 -2.09057 -30
    endloop
  endfacet
  facet normal 0 0 -1
    outer loop
      vertex -2.45196 0.487725 -30
      vertex -19.8904 2.09057 -30
      vertex -19.563 4.15823 -30
    endloop
  endfacet
  facet normal 0 0 -1
    outer loop
      vertex -2.5 0 -30
      vertex -20 0 -30
      vertex -19.8904 2.09057 -30
    endloop
  endfacet
  facet normal -0.838679 -0.544626 0
    outer loop
      vertex -17.3205 -10 -30
      vertex -16.8082 -10.7889 -14.7827
      vertex -17.3205 -10 -13.8416
    endloop
  endfacet
  facet normal -0.838713 -0.544573 3.8627e-06
    outer loop
      vertex -17.3205 -10 -30
      vertex -16.6388 -11.0498 -15.0924
      vertex -16.8082 -10.7889 -14.7827
    endloop
  endfacet
  facet normal -0.838663 -0.544651 -0
    outer loop
      vertex -16.1803 -11.7557 -15.8202
      vertex -17.3205 -10 -30
      vertex -16.1803 -11.7557 -30
    endloop
  endfacet
  facet normal -0.83863 -0.544702 -9.01017e-06
    outer loop
      vertex -17.3205 -10 -30
      vertex -16.1803 -11.7557 -15.8202
      vertex -16.6388 -11.0498 -15.0924
    endloop
  endfacet
  facet normal -0.838713 -0.544573 4.9084e-06
    outer loop
      vertex -16.1803 -11.7557 30
      vertex -17.3205 -10 -9.54265
      vertex -17.0876 -10.3587 -9.95154
    endloop
  endfacet
  facet normal -0.83862 -0.544717 -2.25859e-06
    outer loop
      vertex -16.1803 -11.7557 30
      vertex -17.0876 -10.3587 -9.95154
      vertex -16.9169 -10.6215 -10.266
    endloop
  endfacet
  facet normal -0.838683 -0.54462 1.61966e-06
    outer loop
      vertex -16.1803 -11.7557 30
      vertex -16.9169 -10.6215 -10.266
      vertex -16.4037 -11.4118 -11.2179
    endloop
  endfacet
  facet normal -0.838648 -0.544674 9.81867e-07
    outer loop
      vertex -16.1803 -11.7557 30
      vertex -16.4037 -11.4118 -11.2179
      vertex -16.191 -11.7393 -11.6299
    endloop
  endfacet
  facet normal -0.837509 -0.546424 -0
    outer loop
      vertex -16.1803 -11.7557 30
      vertex -16.191 -11.7393 -11.6299
      vertex -16.1803 -11.7557 -11.6506
    endloop
  endfacet
  facet normal -0.838663 -0.544651 0
    outer loop
      vertex -17.3205 -10 -9.54265
      vertex -16.1803 -11.7557 30
      vertex -17.3205 -10 30
    endloop
  endfacet
  facet normal -0.933871 -0.357609 0
    outer loop
      vertex -19.0211 -6.18034 -30
      vertex -19.0141 -6.19862 -9.47341
      vertex -19.0211 -6.18034 -9.45014
    endloop
  endfacet
  facet normal -0.933626 -0.358249 -6.5322e-07
    outer loop
      vertex -19.0211 -6.18034 -30
      vertex -18.8742 -6.56321 -9.93453
      vertex -19.0141 -6.19862 -9.47341
    endloop
  endfacet
  facet normal -0.933578 -0.358375 -3.40508e-06
    outer loop
      vertex -19.0211 -6.18034 -30
      vertex -18.5365 -7.44292 -10.9498
      vertex -18.8742 -6.56321 -9.93453
    endloop
  endfacet
  facet normal -0.933566 -0.358406 -5.822e-06
    outer loop
      vertex -19.0211 -6.18034 -30
      vertex -18.4242 -7.73543 -11.2847
      vertex -18.5365 -7.44292 -10.9498
    endloop
  endfacet
  facet normal -0.933584 -0.35836 -0
    outer loop
      vertex -18.2709 -8.13473 -11.6936
      vertex -19.0211 -6.18034 -30
      vertex -18.2709 -8.13473 -30
    endloop
  endfacet
  facet normal -0.933564 -0.35841 -6.11643e-06
    outer loop
      vertex -19.0211 -6.18034 -30
      vertex -18.2709 -8.13473 -11.6936
      vertex -18.4242 -7.73543 -11.2847
    endloop
  endfacet
  facet normal -0.933601 -0.358313 2.97211e-06
    outer loop
      vertex -18.2709 -8.13473 30
      vertex -19.0211 -6.18034 -4.99214
      vertex -18.7195 -6.96618 -5.89282
    endloop
  endfacet
  facet normal -0.933521 -0.358522 -4.80796e-06
    outer loop
      vertex -18.2709 -8.13473 30
      vertex -18.7195 -6.96618 -5.89282
      vertex -18.608 -7.2565 -6.24246
    endloop
  endfacet
  facet normal -0.933588 -0.358349 -0
    outer loop
      vertex -18.2709 -8.13473 30
      vertex -18.608 -7.2565 -6.24246
      vertex -18.2709 -8.13473 -7.30838
    endloop
  endfacet
  facet normal -0.933584 -0.35836 0
    outer loop
      vertex -19.0211 -6.18034 -4.99214
      vertex -18.2709 -8.13473 30
      vertex -19.0211 -6.18034 30
    endloop
  endfacet
  facet normal 0.987706 0.156321 -2.08269e-19
    outer loop
      vertex 19.641 3.66539 1.99772
      vertex 19.563 4.15823 -30
      vertex 19.563 4.15823 2.60295
    endloop
  endfacet
  facet normal 0.987689 0.156427 1.68565e-06
    outer loop
      vertex 19.6933 3.33517 1.59479
      vertex 19.563 4.15823 -30
      vertex 19.641 3.66539 1.99772
    endloop
  endfacet
  facet normal 0.987494 0.157657 3.45086e-05
    outer loop
      vertex 19.6975 3.30887 1.56266
      vertex 19.563 4.15823 -30
      vertex 19.6933 3.33517 1.59479
    endloop
  endfacet
  facet normal 0.987702 0.156348 -1.59793e-06
    outer loop
      vertex 19.713 3.21095 1.44628
      vertex 19.563 4.15823 -30
      vertex 19.6975 3.30887 1.56266
    endloop
  endfacet
  facet normal 0.987695 0.156391 -2.60305e-07
    outer loop
      vertex 19.8351 2.43982 0.560308
      vertex 19.563 4.15823 -30
      vertex 19.713 3.21095 1.44628
    endloop
  endfacet
  facet normal 0.987653 0.156659 1.51895e-05
    outer loop
      vertex 19.8669 2.23936 0.331156
      vertex 19.563 4.15823 -30
      vertex 19.8351 2.43982 0.560308
    endloop
  endfacet
  facet normal 0.987751 0.156035 -2.52493e-05
    outer loop
      vertex 19.8904 2.09057 0.158408
      vertex 19.563 4.15823 -30
      vertex 19.8669 2.23936 0.331156
    endloop
  endfacet
  facet normal 0.987695 0.156395 4.24172e-19
    outer loop
      vertex 19.563 4.15823 -30
      vertex 19.8904 2.09057 0.158408
      vertex 19.8904 2.09057 -30
    endloop
  endfacet
  facet normal 0.987695 0.156395 5.59241e-19
    outer loop
      vertex 19.8904 2.09057 30
      vertex 19.563 4.15823 7.12549
      vertex 19.563 4.15823 30
    endloop
  endfacet
  facet normal 0.987998 0.154468 -0.000178503
    outer loop
      vertex 19.563 4.15823 7.12549
      vertex 19.8904 2.09057 30
      vertex 19.5657 4.14094 7.1078
    endloop
  endfacet
  facet normal 0.987679 0.156492 7.32931e-06
    outer loop
      vertex 19.5657 4.14094 7.1078
      vertex 19.8904 2.09057 30
      vertex 19.6183 3.80898 6.73596
    endloop
  endfacet
  facet normal 0.98769 0.156424 2.12343e-06
    outer loop
      vertex 19.6183 3.80898 6.73596
      vertex 19.8904 2.09057 30
      vertex 19.7601 2.91364 5.72273
    endloop
  endfacet
  facet normal 0.98769 0.156427 2.23542e-06
    outer loop
      vertex 19.7601 2.91364 5.72273
      vertex 19.8904 2.09057 30
      vertex 19.8124 2.58342 5.3198
    endloop
  endfacet
  facet normal 0.987707 0.156318 2.28256e-19
    outer loop
      vertex 19.8124 2.58342 5.3198
      vertex 19.8904 2.09057 30
      vertex 19.8904 2.09057 4.71457
    endloop
  endfacet
  facet normal 0 0 1
    outer loop
      vertex 2.5 0 30
      vertex 20 0 30
      vertex 19.8904 2.09057 30
    endloop
  endfacet
  facet normal 0 0 1
    outer loop
      vertex 2.45196 0.487725 30
      vertex 19.8904 2.09057 30
      vertex 19.563 4.15823 30
    endloop
  endfacet
  facet normal 0 0 1
    outer loop
      vertex 20 0 30
      vertex 2.5 0 30
      vertex 19.8904 -2.09057 30
    endloop
  endfacet
  facet normal 0 0 1
    outer loop
      vertex 2.45196 0.487725 30
      vertex 19.563 4.15823 30
      vertex 19.0211 6.18034 30
    endloop
  endfacet
  facet normal -0 0 1
    outer loop
      vertex 2.45196 -0.487725 30
      vertex 19.8904 -2.09057 30
      vertex 2.5 0 30
    endloop
  endfacet
  facet normal 0 0 1
    outer loop
      vertex 2.3097 0.956708 30
      vertex 19.0211 6.18034 30
      vertex 18.2709 8.13473 30
    endloop
  endfacet
  facet normal 0 0 1
    outer loop
      vertex 19.8904 -2.09057 30
      vertex 2.45196 -0.487725 30
      vertex 19.563 -4.15823 30
    endloop
  endfacet
  facet normal 0 0 1
    outer loop
      vertex 2.3097 0.956708 30
      vertex 18.2709 8.13473 30
      vertex 17.3205 10 30
    endloop
  endfacet
  facet normal 0 0 1
    outer loop
      vertex 19.563 -4.15823 30
      vertex 2.45196 -0.487725 30
      vertex 19.0211 -6.18034 30
    endloop
  endfacet
  facet normal 0 0 1
    outer loop
      vertex 2.07867 1.38893 30
      vertex 17.3205 10 30
      vertex 16.1803 11.7557 30
    endloop
  endfacet
  facet normal -0 0 1
    outer loop
      vertex 2.3097 -0.956708 30
      vertex 19.0211 -6.18034 30
      vertex 2.45196 -0.487725 30
    endloop
  endfacet
  facet normal 0 0 1
    outer loop
      vertex 2.07867 1.38893 30
      vertex 16.1803 11.7557 30
      vertex 14.8629 13.3826 30
    endloop
  endfacet
  facet normal 0 0 1
    outer loop
      vertex 19.0211 -6.18034 30
      vertex 2.3097 -0.956708 30
      vertex 18.2709 -8.13473 30
    endloop
  endfacet
  facet normal 0 0 1
    outer loop
      vertex 1.76777 1.76777 30
      vertex 14.8629 13.3826 30
      vertex 13.3826 14.8629 30
    endloop
  endfacet
  facet normal 0 0 1
    outer loop
      vertex 18.2709 -8.13473 30
      vertex 2.3097 -0.956708 30
      vertex 17.3205 -10 30
    endloop
  endfacet
  facet normal 0 0 1
    outer loop
      vertex 1.76777 1.76777 30
      vertex 13.3826 14.8629 30
      vertex 11.7557 16.1803 30
    endloop
  endfacet
  facet normal -0 0 1
    outer loop
      vertex 2.07867 -1.38893 30
      vertex 17.3205 -10 30
      vertex 2.3097 -0.956708 30
    endloop
  endfacet
  facet normal 0 0 1
    outer loop
      vertex 1.38893 2.07867 30
      vertex 11.7557 16.1803 30
      vertex 10 17.3205 30
    endloop
  endfacet
  facet normal 0 0 1
    outer loop
      vertex 17.3205 -10 30
      vertex 2.07867 -1.38893 30
      vertex 16.1803 -11.7557 30
    endloop
  endfacet
  facet normal 0 0 1
    outer loop
      vertex 0.956708 2.3097 30
      vertex 10 17.3205 30
      vertex 8.13473 18.2709 30
    endloop
  endfacet
  facet normal 0 0 1
    outer loop
      vertex 16.1803 -11.7557 30
      vertex 2.07867 -1.38893 30
      vertex 14.8629 -13.3826 30
    endloop
  endfacet
  facet normal 0 0 1
    outer loop
      vertex 0.956708 2.3097 30
      vertex 8.13473 18.2709 30
      vertex 6.18034 19.0211 30
    endloop
  endfacet
  facet normal -0 0 1
    outer loop
      vertex 1.76777 -1.76777 30
      vertex 14.8629 -13.3826 30
      vertex 2.07867 -1.38893 30
    endloop
  endfacet
  facet normal 0 0 1
    outer loop
      vertex 0.487725 2.45196 30
      vertex 6.18034 19.0211 30
      vertex 4.15823 19.563 30
    endloop
  endfacet
  facet normal 0 0 1
    outer loop
      vertex 14.8629 -13.3826 30
      vertex 1.76777 -1.76777 30
      vertex 13.3826 -14.8629 30
    endloop
  endfacet
  facet normal 0 0 1
    outer loop
      vertex 13.3826 -14.8629 30
      vertex 1.76777 -1.76777 30
      vertex 11.7557 -16.1803 30
    endloop
  endfacet
  facet normal 0 0 1
    outer loop
      vertex 19.8904 2.09057 30
      vertex 2.45196 0.487725 30
      vertex 2.5 0 30
    endloop
  endfacet
  facet normal 0 0 1
    outer loop
      vertex 19.0211 6.18034 30
      vertex 2.3097 0.956708 30
      vertex 2.45196 0.487725 30
    endloop
  endfacet
  facet normal 0 0 1
    outer loop
      vertex 0.487725 2.45196 30
      vertex 4.15823 19.563 30
      vertex 2.09057 19.8904 30
    endloop
  endfacet
  facet normal 0 0 1
    outer loop
      vertex 17.3205 10 30
      vertex 2.07867 1.38893 30
      vertex 2.3097 0.956708 30
    endloop
  endfacet
  facet normal 0 0 1
    outer loop
      vertex 14.8629 13.3826 30
      vertex 1.76777 1.76777 30
      vertex 2.07867 1.38893 30
    endloop
  endfacet
  facet normal 0 0 1
    outer loop
      vertex 11.7557 16.1803 30
      vertex 1.38893 2.07867 30
      vertex 1.76777 1.76777 30
    endloop
  endfacet
  facet normal 0 0 1
    outer loop
      vertex 10 17.3205 30
      vertex 0.956708 2.3097 30
      vertex 1.38893 2.07867 30
    endloop
  endfacet
  facet normal 0 0 1
    outer loop
      vertex 6.18034 19.0211 30
      vertex 0.487725 2.45196 30
      vertex 0.956708 2.3097 30
    endloop
  endfacet
  facet normal 0 0 1
    outer loop
      vertex 0 2.5 30
      vertex 2.09057 19.8904 30
      vertex 0 20 30
    endloop
  endfacet
  facet normal 0 0 1
    outer loop
      vertex 2.09057 19.8904 30
      vertex 0 2.5 30
      vertex 0.487725 2.45196 30
    endloop
  endfacet
  facet normal -0 0 1
    outer loop
      vertex -2.09057 19.8904 30
      vertex 0 2.5 30
      vertex 0 20 30
    endloop
  endfacet
  facet normal 0 0 1
    outer loop
      vertex 0 2.5 30
      vertex -2.09057 19.8904 30
      vertex -0.487725 2.45196 30
    endloop
  endfacet
  facet normal -0 0 1
    outer loop
      vertex -4.15823 19.563 30
      vertex -0.487725 2.45196 30
      vertex -2.09057 19.8904 30
    endloop
  endfacet
  facet normal -0 0 1
    outer loop
      vertex -6.18034 19.0211 30
      vertex -0.487725 2.45196 30
      vertex -4.15823 19.563 30
    endloop
  endfacet
  facet normal 0 0 1
    outer loop
      vertex -0.487725 2.45196 30
      vertex -6.18034 19.0211 30
      vertex -0.956708 2.3097 30
    endloop
  endfacet
  facet normal -0 0 1
    outer loop
      vertex -8.13473 18.2709 30
      vertex -0.956708 2.3097 30
      vertex -6.18034 19.0211 30
    endloop
  endfacet
  facet normal -0 0 1
    outer loop
      vertex -10 17.3205 30
      vertex -0.956708 2.3097 30
      vertex -8.13473 18.2709 30
    endloop
  endfacet
  facet normal 0 0 1
    outer loop
      vertex -0.956708 2.3097 30
      vertex -10 17.3205 30
      vertex -1.38893 2.07867 30
    endloop
  endfacet
  facet normal -0 0 1
    outer loop
      vertex -11.7557 16.1803 30
      vertex -1.38893 2.07867 30
      vertex -10 17.3205 30
    endloop
  endfacet
  facet normal 0 0 1
    outer loop
      vertex -1.38893 2.07867 30
      vertex -11.7557 16.1803 30
      vertex -1.76777 1.76777 30
    endloop
  endfacet
  facet normal -0 0 1
    outer loop
      vertex 1.38893 -2.07867 30
      vertex 11.7557 -16.1803 30
      vertex 1.76777 -1.76777 30
    endloop
  endfacet
  facet normal 0 0 1
    outer loop
      vertex 11.7557 -16.1803 30
      vertex 1.38893 -2.07867 30
      vertex 10 -17.3205 30
    endloop
  endfacet
  facet normal -0 0 1
    outer loop
      vertex 0.956708 -2.3097 30
      vertex 10 -17.3205 30
      vertex 1.38893 -2.07867 30
    endloop
  endfacet
  facet normal 0 0 1
    outer loop
      vertex 10 -17.3205 30
      vertex 0.956708 -2.3097 30
      vertex 8.13473 -18.2709 30
    endloop
  endfacet
  facet normal 0 0 1
    outer loop
      vertex 8.13473 -18.2709 30
      vertex 0.956708 -2.3097 30
      vertex 6.18034 -19.0211 30
    endloop
  endfacet
  facet normal -0 0 1
    outer loop
      vertex 0.487725 -2.45196 30
      vertex 6.18034 -19.0211 30
      vertex 0.956708 -2.3097 30
    endloop
  endfacet
  facet normal 0 0 1
    outer loop
      vertex 6.18034 -19.0211 30
      vertex 0.487725 -2.45196 30
      vertex 4.15823 -19.563 30
    endloop
  endfacet
  facet normal 0 0 1
    outer loop
      vertex 4.15823 -19.563 30
      vertex 0.487725 -2.45196 30
      vertex 2.09057 -19.8904 30
    endloop
  endfacet
  facet normal -0 0 1
    outer loop
      vertex 0 -2.5 30
      vertex 2.09057 -19.8904 30
      vertex 0.487725 -2.45196 30
    endloop
  endfacet
  facet normal 0 0 1
    outer loop
      vertex 0 -2.5 30
      vertex 0 -20 30
      vertex 2.09057 -19.8904 30
    endloop
  endfacet
  facet normal 0 0 1
    outer loop
      vertex -2.09057 -19.8904 30
      vertex 0 -2.5 30
      vertex -0.487725 -2.45196 30
    endloop
  endfacet
  facet normal 0 0 1
    outer loop
      vertex -6.18034 -19.0211 30
      vertex -0.487725 -2.45196 30
      vertex -0.956708 -2.3097 30
    endloop
  endfacet
  facet normal 0 0 1
    outer loop
      vertex -10 -17.3205 30
      vertex -0.956708 -2.3097 30
      vertex -1.38893 -2.07867 30
    endloop
  endfacet
  facet normal 0 0 1
    outer loop
      vertex -11.7557 -16.1803 30
      vertex -1.38893 -2.07867 30
      vertex -1.76777 -1.76777 30
    endloop
  endfacet
  facet normal 0 0 1
    outer loop
      vertex -14.8629 -13.3826 30
      vertex -1.76777 -1.76777 30
      vertex -2.07867 -1.38893 30
    endloop
  endfacet
  facet normal 0 0 1
    outer loop
      vertex 0 -2.5 30
      vertex -2.09057 -19.8904 30
      vertex 0 -20 30
    endloop
  endfacet
  facet normal 0 0 1
    outer loop
      vertex -17.3205 -10 30
      vertex -2.07867 -1.38893 30
      vertex -2.3097 -0.956708 30
    endloop
  endfacet
  facet normal 0 0 1
    outer loop
      vertex -19.0211 -6.18034 30
      vertex -2.3097 -0.956708 30
      vertex -2.45196 -0.487725 30
    endloop
  endfacet
  facet normal 0 0 1
    outer loop
      vertex -19.8904 -2.09057 30
      vertex -2.45196 -0.487725 30
      vertex -2.5 0 30
    endloop
  endfacet
  facet normal -0 0 1
    outer loop
      vertex -13.3826 14.8629 30
      vertex -1.76777 1.76777 30
      vertex -11.7557 16.1803 30
    endloop
  endfacet
  facet normal 0 0 1
    outer loop
      vertex -0.487725 -2.45196 30
      vertex -4.15823 -19.563 30
      vertex -2.09057 -19.8904 30
    endloop
  endfacet
  facet normal -0 0 1
    outer loop
      vertex -14.8629 13.3826 30
      vertex -1.76777 1.76777 30
      vertex -13.3826 14.8629 30
    endloop
  endfacet
  facet normal 0 0 1
    outer loop
      vertex -0.487725 -2.45196 30
      vertex -6.18034 -19.0211 30
      vertex -4.15823 -19.563 30
    endloop
  endfacet
  facet normal 0 0 1
    outer loop
      vertex -1.76777 1.76777 30
      vertex -14.8629 13.3826 30
      vertex -2.07867 1.38893 30
    endloop
  endfacet
  facet normal 0 0 1
    outer loop
      vertex -0.956708 -2.3097 30
      vertex -8.13473 -18.2709 30
      vertex -6.18034 -19.0211 30
    endloop
  endfacet
  facet normal -0 0 1
    outer loop
      vertex -16.1803 11.7557 30
      vertex -2.07867 1.38893 30
      vertex -14.8629 13.3826 30
    endloop
  endfacet
  facet normal 0 0 1
    outer loop
      vertex -0.956708 -2.3097 30
      vertex -10 -17.3205 30
      vertex -8.13473 -18.2709 30
    endloop
  endfacet
  facet normal -0 0 1
    outer loop
      vertex -17.3205 10 30
      vertex -2.07867 1.38893 30
      vertex -16.1803 11.7557 30
    endloop
  endfacet
  facet normal 0 0 1
    outer loop
      vertex -1.38893 -2.07867 30
      vertex -11.7557 -16.1803 30
      vertex -10 -17.3205 30
    endloop
  endfacet
  facet normal 0 0 1
    outer loop
      vertex -2.07867 1.38893 30
      vertex -17.3205 10 30
      vertex -2.3097 0.956708 30
    endloop
  endfacet
  facet normal 0 0 1
    outer loop
      vertex -1.76777 -1.76777 30
      vertex -13.3826 -14.8629 30
      vertex -11.7557 -16.1803 30
    endloop
  endfacet
  facet normal -0 0 1
    outer loop
      vertex -18.2709 8.13473 30
      vertex -2.3097 0.956708 30
      vertex -17.3205 10 30
    endloop
  endfacet
  facet normal 0 0 1
    outer loop
      vertex -1.76777 -1.76777 30
      vertex -14.8629 -13.3826 30
      vertex -13.3826 -14.8629 30
    endloop
  endfacet
  facet normal -0 0 1
    outer loop
      vertex -19.0211 6.18034 30
      vertex -2.3097 0.956708 30
      vertex -18.2709 8.13473 30
    endloop
  endfacet
  facet normal 0 0 1
    outer loop
      vertex -2.07867 -1.38893 30
      vertex -16.1803 -11.7557 30
      vertex -14.8629 -13.3826 30
    endloop
  endfacet
  facet normal 0 0 1
    outer loop
      vertex -2.3097 0.956708 30
      vertex -19.0211 6.18034 30
      vertex -2.45196 0.487725 30
    endloop
  endfacet
  facet normal 0 0 1
    outer loop
      vertex -2.07867 -1.38893 30
      vertex -17.3205 -10 30
      vertex -16.1803 -11.7557 30
    endloop
  endfacet
  facet normal -0 0 1
    outer loop
      vertex -19.563 4.15823 30
      vertex -2.45196 0.487725 30
      vertex -19.0211 6.18034 30
    endloop
  endfacet
  facet normal 0 0 1
    outer loop
      vertex -2.3097 -0.956708 30
      vertex -18.2709 -8.13473 30
      vertex -17.3205 -10 30
    endloop
  endfacet
  facet normal -0 0 1
    outer loop
      vertex -19.8904 2.09057 30
      vertex -2.45196 0.487725 30
      vertex -19.563 4.15823 30
    endloop
  endfacet
  facet normal 0 0 1
    outer loop
      vertex -2.3097 -0.956708 30
      vertex -19.0211 -6.18034 30
      vertex -18.2709 -8.13473 30
    endloop
  endfacet
  facet normal 0 0 1
    outer loop
      vertex -2.45196 0.487725 30
      vertex -19.8904 2.09057 30
      vertex -2.5 0 30
    endloop
  endfacet
  facet normal 0 0 1
    outer loop
      vertex -2.45196 -0.487725 30
      vertex -19.563 -4.15823 30
      vertex -19.0211 -6.18034 30
    endloop
  endfacet
  facet normal 0 0 1
    outer loop
      vertex -20 0 30
      vertex -2.5 0 30
      vertex -19.8904 2.09057 30
    endloop
  endfacet
  facet normal 0 0 1
    outer loop
      vertex -2.45196 -0.487725 30
      vertex -19.8904 -2.09057 30
      vertex -19.563 -4.15823 30
    endloop
  endfacet
  facet normal 0 0 1
    outer loop
      vertex -2.5 0 30
      vertex -20 0 30
      vertex -19.8904 -2.09057 30
    endloop
  endfacet
  facet normal -0.987706 0.156321 0
    outer loop
      vertex -19.563 4.15823 -30
      vertex -19.641 3.66539 1.99772
      vertex -19.563 4.15823 2.60295
    endloop
  endfacet
  facet normal -0.987689 0.156427 1.68565e-06
    outer loop
      vertex -19.563 4.15823 -30
      vertex -19.6933 3.33517 1.59479
      vertex -19.641 3.66539 1.99772
    endloop
  endfacet
  facet normal -0.987494 0.157657 3.45086e-05
    outer loop
      vertex -19.563 4.15823 -30
      vertex -19.6975 3.30887 1.56266
      vertex -19.6933 3.33517 1.59479
    endloop
  endfacet
  facet normal -0.987702 0.156348 -1.59793e-06
    outer loop
      vertex -19.563 4.15823 -30
      vertex -19.713 3.21095 1.44628
      vertex -19.6975 3.30887 1.56266
    endloop
  endfacet
  facet normal -0.987695 0.156391 -2.60305e-07
    outer loop
      vertex -19.563 4.15823 -30
      vertex -19.8351 2.43982 0.560308
      vertex -19.713 3.21095 1.44628
    endloop
  endfacet
  facet normal -0.987653 0.156659 1.51895e-05
    outer loop
      vertex -19.563 4.15823 -30
      vertex -19.8669 2.23936 0.331156
      vertex -19.8351 2.43982 0.560308
    endloop
  endfacet
  facet normal -0.987695 0.156395 0
    outer loop
      vertex -19.8904 2.09057 0.158408
      vertex -19.563 4.15823 -30
      vertex -19.8904 2.09057 -30
    endloop
  endfacet
  facet normal -0.987751 0.156035 -2.52493e-05
    outer loop
      vertex -19.563 4.15823 -30
      vertex -19.8904 2.09057 0.158408
      vertex -19.8669 2.23936 0.331156
    endloop
  endfacet
  facet normal -0.987998 0.154468 -0.000178503
    outer loop
      vertex -19.8904 2.09057 30
      vertex -19.563 4.15823 7.12549
      vertex -19.5657 4.14094 7.1078
    endloop
  endfacet
  facet normal -0.987679 0.156492 7.32931e-06
    outer loop
      vertex -19.8904 2.09057 30
      vertex -19.5657 4.14094 7.1078
      vertex -19.6183 3.80898 6.73596
    endloop
  endfacet
  facet normal -0.98769 0.156424 2.12343e-06
    outer loop
      vertex -19.8904 2.09057 30
      vertex -19.6183 3.80898 6.73596
      vertex -19.7601 2.91364 5.72273
    endloop
  endfacet
  facet normal -0.98769 0.156427 2.23542e-06
    outer loop
      vertex -19.8904 2.09057 30
      vertex -19.7601 2.91364 5.72273
      vertex -19.8124 2.58342 5.3198
    endloop
  endfacet
  facet normal -0.987707 0.156318 0
    outer loop
      vertex -19.8904 2.09057 30
      vertex -19.8124 2.58342 5.3198
      vertex -19.8904 2.09057 4.71457
    endloop
  endfacet
  facet normal -0.987695 0.156395 0
    outer loop
      vertex -19.563 4.15823 7.12549
      vertex -19.8904 2.09057 30
      vertex -19.563 4.15823 30
    endloop
  endfacet
  facet normal 0.987707 -0.156318 -2.28256e-19
    outer loop
      vertex 19.8124 -2.58342 -5.3198
      vertex 19.8904 -2.09057 -30
      vertex 19.8904 -2.09057 -4.71457
    endloop
  endfacet
  facet normal 0.98769 -0.156427 -2.23542e-06
    outer loop
      vertex 19.7601 -2.91364 -5.72273
      vertex 19.8904 -2.09057 -30
      vertex 19.8124 -2.58342 -5.3198
    endloop
  endfacet
  facet normal 0.98769 -0.156424 -2.12343e-06
    outer loop
      vertex 19.6183 -3.80898 -6.73596
      vertex 19.8904 -2.09057 -30
      vertex 19.7601 -2.91364 -5.72273
    endloop
  endfacet
  facet normal 0.987679 -0.156492 -7.32931e-06
    outer loop
      vertex 19.5657 -4.14094 -7.1078
      vertex 19.8904 -2.09057 -30
      vertex 19.6183 -3.80898 -6.73596
    endloop
  endfacet
  facet normal 0.987998 -0.154468 0.000178503
    outer loop
      vertex 19.563 -4.15823 -7.12549
      vertex 19.8904 -2.09057 -30
      vertex 19.5657 -4.14094 -7.1078
    endloop
  endfacet
  facet normal 0.987695 -0.156395 -5.59241e-19
    outer loop
      vertex 19.8904 -2.09057 -30
      vertex 19.563 -4.15823 -7.12549
      vertex 19.563 -4.15823 -30
    endloop
  endfacet
  facet normal 0.987695 -0.156395 -4.24172e-19
    outer loop
      vertex 19.563 -4.15823 30
      vertex 19.8904 -2.09057 -0.158408
      vertex 19.8904 -2.09057 30
    endloop
  endfacet
  facet normal 0.987751 -0.156035 2.52493e-05
    outer loop
      vertex 19.8904 -2.09057 -0.158408
      vertex 19.563 -4.15823 30
      vertex 19.8669 -2.23936 -0.331156
    endloop
  endfacet
  facet normal 0.987653 -0.156659 -1.51895e-05
    outer loop
      vertex 19.8669 -2.23936 -0.331156
      vertex 19.563 -4.15823 30
      vertex 19.8351 -2.43982 -0.560308
    endloop
  endfacet
  facet normal 0.987695 -0.156391 2.60305e-07
    outer loop
      vertex 19.8351 -2.43982 -0.560308
      vertex 19.563 -4.15823 30
      vertex 19.713 -3.21095 -1.44628
    endloop
  endfacet
  facet normal 0.987702 -0.156348 1.59793e-06
    outer loop
      vertex 19.713 -3.21095 -1.44628
      vertex 19.563 -4.15823 30
      vertex 19.6975 -3.30887 -1.56266
    endloop
  endfacet
  facet normal 0.987494 -0.157657 -3.45086e-05
    outer loop
      vertex 19.6975 -3.30887 -1.56266
      vertex 19.563 -4.15823 30
      vertex 19.6933 -3.33517 -1.59479
    endloop
  endfacet
  facet normal 0.987689 -0.156427 -1.68565e-06
    outer loop
      vertex 19.6933 -3.33517 -1.59479
      vertex 19.563 -4.15823 30
      vertex 19.641 -3.66539 -1.99772
    endloop
  endfacet
  facet normal 0.987706 -0.156321 2.08269e-19
    outer loop
      vertex 19.641 -3.66539 -1.99772
      vertex 19.563 -4.15823 30
      vertex 19.563 -4.15823 -2.60295
    endloop
  endfacet
  facet normal 0.358535 -0.933516 1.01598e-05
    outer loop
      vertex 8.13473 -18.2709 -30
      vertex 7.95462 -18.34 -23.1435
      vertex 7.6276 -18.4656 -23.3124
    endloop
  endfacet
  facet normal 0.35836 -0.933584 -3.83391e-18
    outer loop
      vertex 8.13473 -18.2709 -30
      vertex 6.18034 -19.0211 -23.8806
      vertex 6.18034 -19.0211 -30
    endloop
  endfacet
  facet normal 0.358286 -0.933612 -2.70432e-05
    outer loop
      vertex 6.18034 -19.0211 -23.8806
      vertex 8.13473 -18.2709 -30
      vertex 6.42164 -18.9285 -23.8104
    endloop
  endfacet
  facet normal 0.358337 -0.933592 -1.09041e-05
    outer loop
      vertex 6.42164 -18.9285 -23.8104
      vertex 8.13473 -18.2709 -30
      vertex 7.1673 -18.6423 -23.5229
    endloop
  endfacet
  facet normal 0.358382 -0.933575 -3.0891e-06
    outer loop
      vertex 7.1673 -18.6423 -23.5229
      vertex 8.13473 -18.2709 -30
      vertex 7.6276 -18.4656 -23.3124
    endloop
  endfacet
  facet normal 0.358197 -0.933646 -5.21249e-19
    outer loop
      vertex 7.95462 -18.34 -23.1435
      vertex 8.13473 -18.2709 -30
      vertex 8.13473 -18.2709 -23.0505
    endloop
  endfacet
  facet normal 0.35836 -0.933584 -4.72367e-19
    outer loop
      vertex 6.18034 -19.0211 30
      vertex 8.13473 -18.2709 -19.6673
      vertex 8.13473 -18.2709 30
    endloop
  endfacet
  facet normal 0.358893 -0.933379 2.40818e-05
    outer loop
      vertex 6.18034 -19.0211 30
      vertex 8.05307 -18.3023 -19.7044
      vertex 8.13473 -18.2709 -19.6673
    endloop
  endfacet
  facet normal 0.35829 -0.93361 -1.96706e-06
    outer loop
      vertex 6.18034 -19.0211 30
      vertex 7.73543 -18.4242 -19.8515
      vertex 8.05307 -18.3023 -19.7044
    endloop
  endfacet
  facet normal 0.358345 -0.933589 -1.17496e-08
    outer loop
      vertex 6.18034 -19.0211 30
      vertex 6.84234 -18.767 -20.2946
      vertex 7.73543 -18.4242 -19.8515
    endloop
  endfacet
  facet normal 0.35832 -0.933599 -3.97601e-07
    outer loop
      vertex 6.32072 -18.9672 -20.54
      vertex 6.84234 -18.767 -20.2946
      vertex 6.18034 -19.0211 30
    endloop
  endfacet
  facet normal 0.356466 -0.934297 0.00450947
    outer loop
      vertex 6.84234 -18.767 -20.2946
      vertex 6.32072 -18.9672 -20.54
      vertex 6.73843 -18.8069 -20.3474
    endloop
  endfacet
  facet normal 0.358444 -0.933551 1.26317e-20
    outer loop
      vertex 6.32072 -18.9672 -20.54
      vertex 6.18034 -19.0211 30
      vertex 6.18034 -19.0211 -20.6138
    endloop
  endfacet
  facet normal 0.707207 -0.707007 3.15647e-19
    outer loop
      vertex 14.5101 -13.7355 -18.0979
      vertex 14.8629 -13.3826 -30
      vertex 14.8629 -13.3826 -17.6529
    endloop
  endfacet
  facet normal 0.706966 -0.707247 -1.42734e-05
    outer loop
      vertex 14.2736 -13.9719 -18.3959
      vertex 14.8629 -13.3826 -30
      vertex 14.5101 -13.7355 -18.0979
    endloop
  endfacet
  facet normal 0.707107 -0.707107 1.30665e-19
    outer loop
      vertex 14.0696 -14.1759 -18.6103
      vertex 14.8629 -13.3826 -30
      vertex 14.2736 -13.9719 -18.3959
    endloop
  endfacet
  facet normal 0.707107 -0.707107 2.73825e-18
    outer loop
      vertex 13.395 -14.8505 -19.3185
      vertex 14.8629 -13.3826 -30
      vertex 14.0696 -14.1759 -18.6103
    endloop
  endfacet
  facet normal 0.707107 -0.707107 6.80103e-18
    outer loop
      vertex 13.3826 -14.8629 -19.3287
      vertex 14.8629 -13.3826 -30
      vertex 13.395 -14.8505 -19.3185
    endloop
  endfacet
  facet normal 0.707107 -0.707107 -2.63043e-18
    outer loop
      vertex 14.8629 -13.3826 -30
      vertex 13.3826 -14.8629 -19.3287
      vertex 13.3826 -14.8629 -30
    endloop
  endfacet
  facet normal 0.707107 -0.707107 -6.43616e-19
    outer loop
      vertex 13.3826 -14.8629 30
      vertex 14.8629 -13.3826 -13.6132
      vertex 14.8629 -13.3826 30
    endloop
  endfacet
  facet normal 0.707107 -0.707107 1.78507e-18
    outer loop
      vertex 14.8629 -13.3826 -13.6132
      vertex 13.3826 -14.8629 30
      vertex 14.8505 -13.395 -13.6273
    endloop
  endfacet
  facet normal 0.707107 -0.707107 4.10588e-19
    outer loop
      vertex 14.8505 -13.395 -13.6273
      vertex 13.3826 -14.8629 30
      vertex 14.6129 -13.6326 -13.9115
    endloop
  endfacet
  facet normal 0.707107 -0.707107 1.08568e-18
    outer loop
      vertex 14.6129 -13.6326 -13.9115
      vertex 13.3826 -14.8629 30
      vertex 13.9719 -14.2736 -14.6804
    endloop
  endfacet
  facet normal 0.707254 -0.70696 3.87979e-06
    outer loop
      vertex 13.9719 -14.2736 -14.6804
      vertex 13.3826 -14.8629 30
      vertex 13.7355 -14.5101 -14.9783
    endloop
  endfacet
  facet normal 0.707007 -0.707207 8.58e-20
    outer loop
      vertex 13.7355 -14.5101 -14.9783
      vertex 13.3826 -14.8629 30
      vertex 13.3826 -14.8629 -15.4234
    endloop
  endfacet
  facet normal 0.544651 -0.838663 -4.30461e-18
    outer loop
      vertex 11.7557 -16.1803 -30
      vertex 10 -17.3205 -22.0112
      vertex 10 -17.3205 -30
    endloop
  endfacet
  facet normal 0.544159 -0.838982 -0.000153705
    outer loop
      vertex 10 -17.3205 -22.0112
      vertex 11.7557 -16.1803 -30
      vertex 10.0734 -17.2729 -21.9741
    endloop
  endfacet
  facet normal 0.544687 -0.838639 3.7716e-06
    outer loop
      vertex 10.0734 -17.2729 -21.9741
      vertex 11.7557 -16.1803 -30
      vertex 10.3587 -17.0876 -21.8271
    endloop
  endfacet
  facet normal 0.544695 -0.838634 5.69263e-06
    outer loop
      vertex 10.3587 -17.0876 -21.8271
      vertex 11.7557 -16.1803 -30
      vertex 11.161 -16.5665 -21.2576
    endloop
  endfacet
  facet normal 0.544479 -0.838775 -1.52466e-05
    outer loop
      vertex 11.161 -16.5665 -21.2576
      vertex 11.7557 -16.1803 -30
      vertex 11.4118 -16.4037 -21.0777
    endloop
  endfacet
  facet normal 0.544757 -0.838594 -1.30109e-18
    outer loop
      vertex 11.4118 -16.4037 -21.0777
      vertex 11.7557 -16.1803 -30
      vertex 11.7557 -16.1803 -20.7671
    endloop
  endfacet
  facet normal 0.544651 -0.838663 -7.3099e-19
    outer loop
      vertex 10 -17.3205 30
      vertex 11.7557 -16.1803 -17.044
      vertex 11.7557 -16.1803 30
    endloop
  endfacet
  facet normal 0.544707 -0.838626 2.97815e-06
    outer loop
      vertex 10 -17.3205 30
      vertex 11.3026 -16.4746 -17.3958
      vertex 11.7557 -16.1803 -17.044
    endloop
  endfacet
  facet normal 0.544707 -0.838627 2.97398e-06
    outer loop
      vertex 10 -17.3205 30
      vertex 11.0498 -16.6388 -17.5928
      vertex 11.3026 -16.4746 -17.3958
    endloop
  endfacet
  facet normal 0.544588 -0.838703 -7.41385e-07
    outer loop
      vertex 10 -17.3205 30
      vertex 10.2619 -17.1504 -18.2423
      vertex 11.0498 -16.6388 -17.5928
    endloop
  endfacet
  facet normal 0.544684 -0.838641 4.47766e-21
    outer loop
      vertex 10.2619 -17.1504 -18.2423
      vertex 10 -17.3205 30
      vertex 10 -17.3205 -18.4596
    endloop
  endfacet
  facet normal 0.838679 -0.544626 1.24475e-18
    outer loop
      vertex 16.8082 -10.7889 -14.7827
      vertex 17.3205 -10 -30
      vertex 17.3205 -10 -13.8416
    endloop
  endfacet
  facet normal 0.838713 -0.544573 3.8627e-06
    outer loop
      vertex 16.6388 -11.0498 -15.0924
      vertex 17.3205 -10 -30
      vertex 16.8082 -10.7889 -14.7827
    endloop
  endfacet
  facet normal 0.83863 -0.544702 -9.01017e-06
    outer loop
      vertex 16.1803 -11.7557 -15.8202
      vertex 17.3205 -10 -30
      vertex 16.6388 -11.0498 -15.0924
    endloop
  endfacet
  facet normal 0.838663 -0.544651 -2.42519e-18
    outer loop
      vertex 17.3205 -10 -30
      vertex 16.1803 -11.7557 -15.8202
      vertex 16.1803 -11.7557 -30
    endloop
  endfacet
  facet normal 0.838663 -0.544651 -8.6966e-19
    outer loop
      vertex 16.1803 -11.7557 30
      vertex 17.3205 -10 -9.54265
      vertex 17.3205 -10 30
    endloop
  endfacet
  facet normal 0.838713 -0.544573 4.9084e-06
    outer loop
      vertex 17.3205 -10 -9.54265
      vertex 16.1803 -11.7557 30
      vertex 17.0876 -10.3587 -9.95154
    endloop
  endfacet
  facet normal 0.83862 -0.544717 -2.25859e-06
    outer loop
      vertex 17.0876 -10.3587 -9.95154
      vertex 16.1803 -11.7557 30
      vertex 16.9169 -10.6215 -10.266
    endloop
  endfacet
  facet normal 0.838683 -0.54462 1.61966e-06
    outer loop
      vertex 16.9169 -10.6215 -10.266
      vertex 16.1803 -11.7557 30
      vertex 16.4037 -11.4118 -11.2179
    endloop
  endfacet
  facet normal 0.838648 -0.544674 9.81867e-07
    outer loop
      vertex 16.4037 -11.4118 -11.2179
      vertex 16.1803 -11.7557 30
      vertex 16.191 -11.7393 -11.6299
    endloop
  endfacet
  facet normal 0.837509 -0.546424 1.44585e-20
    outer loop
      vertex 16.191 -11.7393 -11.6299
      vertex 16.1803 -11.7557 30
      vertex 16.1803 -11.7557 -11.6506
    endloop
  endfacet
  facet normal -0.258714 -0.965954 0
    outer loop
      vertex -6.18034 -19.0211 -30
      vertex -6.0351 -19.06 -23.9414
      vertex -6.18034 -19.0211 -23.8806
    endloop
  endfacet
  facet normal -0.258879 -0.96591 4.22985e-06
    outer loop
      vertex -6.18034 -19.0211 -30
      vertex -5.2747 -19.2638 -24.2205
      vertex -6.0351 -19.06 -23.9414
    endloop
  endfacet
  facet normal -0.258777 -0.965937 -1.28266e-05
    outer loop
      vertex -6.18034 -19.0211 -30
      vertex -4.78459 -19.3951 -24.3495
      vertex -5.2747 -19.2638 -24.2205
    endloop
  endfacet
  facet normal -0.258853 -0.965917 7.4211e-06
    outer loop
      vertex -4.15823 -19.563 -30
      vertex -4.78459 -19.3951 -24.3495
      vertex -6.18034 -19.0211 -30
    endloop
  endfacet
  facet normal -0.258916 -0.9659 -3.7326e-19
    outer loop
      vertex -4.78459 -19.3951 -24.3495
      vertex -4.15823 -19.563 -30
      vertex -4.15823 -19.563 -24.4849
    endloop
  endfacet
  facet normal -0.258853 -0.965917 0
    outer loop
      vertex -6.18034 -19.0211 -20.6138
      vertex -4.15823 -19.563 30
      vertex -6.18034 -19.0211 30
    endloop
  endfacet
  facet normal -0.258468 -0.966019 0.00114522
    outer loop
      vertex -5.15919 -19.2947 -20.9358
      vertex -6.18034 -19.0211 -20.6138
      vertex -5.93068 -19.088 -20.6991
    endloop
  endfacet
  facet normal -0.258805 -0.96593 -2.06508e-06
    outer loop
      vertex -6.18034 -19.0211 -20.6138
      vertex -5.15919 -19.2947 -20.9358
      vertex -4.15823 -19.563 30
    endloop
  endfacet
  facet normal -0.257956 -0.966152 0.0030199
    outer loop
      vertex -4.15823 -19.563 -21.272
      vertex -5.15919 -19.2947 -20.9358
      vertex -4.68293 -19.4224 -21.1092
    endloop
  endfacet
  facet normal -0.258903 -0.965903 -4.14741e-19
    outer loop
      vertex -5.15919 -19.2947 -20.9358
      vertex -4.15823 -19.563 -21.272
      vertex -4.15823 -19.563 30
    endloop
  endfacet
  facet normal -0.629253 -0.7772 0
    outer loop
      vertex -13.3826 -14.8629 -30
      vertex -13.1399 -15.0594 -19.564
      vertex -13.3826 -14.8629 -19.3287
    endloop
  endfacet
  facet normal -0.629355 -0.777118 3.9148e-06
    outer loop
      vertex -13.3826 -14.8629 -30
      vertex -12.4099 -15.6506 -20.2692
      vertex -13.1399 -15.0594 -19.564
    endloop
  endfacet
  facet normal -0.629261 -0.777194 -1.16921e-05
    outer loop
      vertex -13.3826 -14.8629 -30
      vertex -12.1756 -15.8403 -20.4483
      vertex -12.4099 -15.6506 -20.2692
    endloop
  endfacet
  facet normal -0.629291 -0.77717 -5.35022e-06
    outer loop
      vertex -13.3826 -14.8629 -30
      vertex -11.7557 -16.1803 -20.7671
      vertex -12.1756 -15.8403 -20.4483
    endloop
  endfacet
  facet normal -0.62931 -0.777155 -0
    outer loop
      vertex -11.7557 -16.1803 -20.7671
      vertex -13.3826 -14.8629 -30
      vertex -11.7557 -16.1803 -30
    endloop
  endfacet
  facet normal -0.62931 -0.777155 0
    outer loop
      vertex -13.3826 -14.8629 -15.4234
      vertex -11.7557 -16.1803 30
      vertex -13.3826 -14.8629 30
    endloop
  endfacet
  facet normal -0.629358 -0.777116 2.87386e-06
    outer loop
      vertex -13.0502 -15.1321 -15.7364
      vertex -11.7557 -16.1803 30
      vertex -13.3826 -14.8629 -15.4234
    endloop
  endfacet
  facet normal -0.629324 -0.777143 1.26975e-06
    outer loop
      vertex -12.3068 -15.7341 -16.4776
      vertex -11.7557 -16.1803 30
      vertex -13.0502 -15.1321 -15.7364
    endloop
  endfacet
  facet normal -0.629132 -0.777298 -2.4871e-06
    outer loop
      vertex -12.0744 -15.9222 -16.7096
      vertex -11.7557 -16.1803 30
      vertex -12.3068 -15.7341 -16.4776
    endloop
  endfacet
  facet normal -0.629353 -0.77712 -0
    outer loop
      vertex -11.7557 -16.1803 30
      vertex -12.0744 -15.9222 -16.7096
      vertex -11.7557 -16.1803 -17.044
    endloop
  endfacet
  facet normal -0.987751 -0.156035 2.52493e-05
    outer loop
      vertex -19.563 -4.15823 30
      vertex -19.8904 -2.09057 -0.158408
      vertex -19.8669 -2.23936 -0.331156
    endloop
  endfacet
  facet normal -0.987653 -0.156659 -1.51895e-05
    outer loop
      vertex -19.563 -4.15823 30
      vertex -19.8669 -2.23936 -0.331156
      vertex -19.8351 -2.43982 -0.560308
    endloop
  endfacet
  facet normal -0.987695 -0.156391 2.60305e-07
    outer loop
      vertex -19.563 -4.15823 30
      vertex -19.8351 -2.43982 -0.560308
      vertex -19.713 -3.21095 -1.44628
    endloop
  endfacet
  facet normal -0.987702 -0.156348 1.59793e-06
    outer loop
      vertex -19.563 -4.15823 30
      vertex -19.713 -3.21095 -1.44628
      vertex -19.6975 -3.30887 -1.56266
    endloop
  endfacet
  facet normal -0.987494 -0.157657 -3.45086e-05
    outer loop
      vertex -19.563 -4.15823 30
      vertex -19.6975 -3.30887 -1.56266
      vertex -19.6933 -3.33517 -1.59479
    endloop
  endfacet
  facet normal -0.987689 -0.156427 -1.68565e-06
    outer loop
      vertex -19.563 -4.15823 30
      vertex -19.6933 -3.33517 -1.59479
      vertex -19.641 -3.66539 -1.99772
    endloop
  endfacet
  facet normal -0.987706 -0.156321 -0
    outer loop
      vertex -19.563 -4.15823 30
      vertex -19.641 -3.66539 -1.99772
      vertex -19.563 -4.15823 -2.60295
    endloop
  endfacet
  facet normal -0.987695 -0.156395 0
    outer loop
      vertex -19.8904 -2.09057 -0.158408
      vertex -19.563 -4.15823 30
      vertex -19.8904 -2.09057 30
    endloop
  endfacet
  facet normal -0.987707 -0.156318 0
    outer loop
      vertex -19.8904 -2.09057 -30
      vertex -19.8124 -2.58342 -5.3198
      vertex -19.8904 -2.09057 -4.71457
    endloop
  endfacet
  facet normal -0.98769 -0.156427 -2.23542e-06
    outer loop
      vertex -19.8904 -2.09057 -30
      vertex -19.7601 -2.91364 -5.72273
      vertex -19.8124 -2.58342 -5.3198
    endloop
  endfacet
  facet normal -0.98769 -0.156424 -2.12343e-06
    outer loop
      vertex -19.8904 -2.09057 -30
      vertex -19.6183 -3.80898 -6.73596
      vertex -19.7601 -2.91364 -5.72273
    endloop
  endfacet
  facet normal -0.987679 -0.156492 -7.32931e-06
    outer loop
      vertex -19.8904 -2.09057 -30
      vertex -19.5657 -4.14094 -7.1078
      vertex -19.6183 -3.80898 -6.73596
    endloop
  endfacet
  facet normal -0.987695 -0.156395 -0
    outer loop
      vertex -19.563 -4.15823 -7.12549
      vertex -19.8904 -2.09057 -30
      vertex -19.563 -4.15823 -30
    endloop
  endfacet
  facet normal -0.987998 -0.154468 0.000178503
    outer loop
      vertex -19.8904 -2.09057 -30
      vertex -19.563 -4.15823 -7.12549
      vertex -19.5657 -4.14094 -7.1078
    endloop
  endfacet
  facet normal -0.891039 -0.453927 0
    outer loop
      vertex -18.2709 -8.13473 -30
      vertex -18.0444 -8.57934 -12.2443
      vertex -18.2709 -8.13473 -11.6936
    endloop
  endfacet
  facet normal -0.890987 -0.454029 -3.22141e-06
    outer loop
      vertex -18.2709 -8.13473 -30
      vertex -17.8926 -8.87723 -12.611
      vertex -18.0444 -8.57934 -12.2443
    endloop
  endfacet
  facet normal -0.890985 -0.454032 -3.41165e-06
    outer loop
      vertex -18.2709 -8.13473 -30
      vertex -17.481 -9.68494 -13.4997
      vertex -17.8926 -8.87723 -12.611
    endloop
  endfacet
  facet normal -0.891096 -0.453815 2.23138e-05
    outer loop
      vertex -18.2709 -8.13473 -30
      vertex -17.3285 -9.9844 -13.8268
      vertex -17.481 -9.68494 -13.4997
    endloop
  endfacet
  facet normal -0.891007 -0.45399 -0
    outer loop
      vertex -17.3205 -10 -13.8416
      vertex -18.2709 -8.13473 -30
      vertex -17.3205 -10 -30
    endloop
  endfacet
  facet normal -0.889935 -0.456087 -0.000305218
    outer loop
      vertex -18.2709 -8.13473 -30
      vertex -17.3205 -10 -13.8416
      vertex -17.3285 -9.9844 -13.8268
    endloop
  endfacet
  facet normal -0.892069 -0.451899 0.000131589
    outer loop
      vertex -17.3205 -10 30
      vertex -18.2709 -8.13473 -7.30838
      vertex -18.263 -8.15033 -7.32566
    endloop
  endfacet
  facet normal -0.890986 -0.454031 -1.40103e-06
    outer loop
      vertex -17.3205 -10 30
      vertex -18.263 -8.15033 -7.32566
      vertex -18.1104 -8.44979 -7.67493
    endloop
  endfacet
  facet normal -0.890984 -0.454034 -1.57251e-06
    outer loop
      vertex -17.3205 -10 30
      vertex -18.1104 -8.44979 -7.67493
      vertex -17.6988 -9.2575 -8.62523
    endloop
  endfacet
  facet normal -0.890992 -0.454019 -1.20501e-06
    outer loop
      vertex -17.3205 -10 30
      vertex -17.6988 -9.2575 -8.62523
      vertex -17.547 -9.5554 -8.99199
    endloop
  endfacet
  facet normal -0.891035 -0.453935 -0
    outer loop
      vertex -17.3205 -10 30
      vertex -17.547 -9.5554 -8.99199
      vertex -17.3205 -10 -9.54265
    endloop
  endfacet
  facet normal -0.891007 -0.45399 0
    outer loop
      vertex -18.2709 -8.13473 -7.30838
      vertex -17.3205 -10 30
      vertex -18.2709 -8.13473 30
    endloop
  endfacet
  facet normal -0.77718 -0.629278 2.02252e-06
    outer loop
      vertex -14.8629 -13.3826 30
      vertex -16.1803 -11.7557 -11.6506
      vertex -15.6506 -12.4099 -12.416
    endloop
  endfacet
  facet normal -0.77706 -0.629427 -3.61898e-06
    outer loop
      vertex -14.8629 -13.3826 30
      vertex -15.6506 -12.4099 -12.416
      vertex -15.4549 -12.6515 -12.7126
    endloop
  endfacet
  facet normal -0.777163 -0.629299 -0
    outer loop
      vertex -14.8629 -13.3826 30
      vertex -15.4549 -12.6515 -12.7126
      vertex -14.8629 -13.3826 -13.6132
    endloop
  endfacet
  facet normal -0.777155 -0.62931 0
    outer loop
      vertex -16.1803 -11.7557 -11.6506
      vertex -14.8629 -13.3826 30
      vertex -16.1803 -11.7557 30
    endloop
  endfacet
  facet normal -0.777364 -0.629051 0
    outer loop
      vertex -16.1803 -11.7557 -30
      vertex -16.168 -11.7709 -15.8401
      vertex -16.1803 -11.7557 -15.8202
    endloop
  endfacet
  facet normal -0.777108 -0.629367 -5.61584e-07
    outer loop
      vertex -16.1803 -11.7557 -30
      vertex -15.9222 -12.0744 -16.2361
      vertex -16.168 -11.7709 -15.8401
    endloop
  endfacet
  facet normal -0.777148 -0.629318 1.3171e-06
    outer loop
      vertex -16.1803 -11.7557 -30
      vertex -15.3292 -12.8067 -17.065
      vertex -15.9222 -12.0744 -16.2361
    endloop
  endfacet
  facet normal -0.777263 -0.629175 2.05132e-05
    outer loop
      vertex -16.1803 -11.7557 -30
      vertex -15.1321 -13.0502 -17.3399
      vertex -15.3292 -12.8067 -17.065
    endloop
  endfacet
  facet normal -0.777155 -0.62931 -0
    outer loop
      vertex -14.8629 -13.3826 -17.6529
      vertex -16.1803 -11.7557 -30
      vertex -14.8629 -13.3826 -30
    endloop
  endfacet
  facet normal -0.777119 -0.629354 -9.72284e-06
    outer loop
      vertex -16.1803 -11.7557 -30
      vertex -14.8629 -13.3826 -17.6529
      vertex -15.1321 -13.0502 -17.3399
    endloop
  endfacet
  facet normal -0.634386 -0.773016 0
    outer loop
      vertex 1.38893 2.07867 -30
      vertex 1.76777 1.76777 30
      vertex 1.38893 2.07867 30
    endloop
  endfacet
  facet normal -0.634386 -0.773016 -0
    outer loop
      vertex 1.76777 1.76777 30
      vertex 1.38893 2.07867 -30
      vertex 1.76777 1.76777 -30
    endloop
  endfacet
  facet normal -0.995184 0.0980238 3.3645e-20
    outer loop
      vertex 2.45196 -0.487725 -30
      vertex 2.5 0 30
      vertex 2.5 0 -30
    endloop
  endfacet
  facet normal -0.995184 0.0980238 3.3645e-20
    outer loop
      vertex 2.5 0 30
      vertex 2.45196 -0.487725 -30
      vertex 2.45196 -0.487725 30
    endloop
  endfacet
  facet normal 0.290276 0.956943 -0
    outer loop
      vertex -0.487725 -2.45196 -30
      vertex -0.956708 -2.3097 30
      vertex -0.487725 -2.45196 30
    endloop
  endfacet
  facet normal 0.290276 0.956943 0
    outer loop
      vertex -0.956708 -2.3097 30
      vertex -0.487725 -2.45196 -30
      vertex -0.956708 -2.3097 -30
    endloop
  endfacet
  facet normal -0.773016 -0.634386 -5.23116e-20
    outer loop
      vertex 2.07867 1.38893 -30
      vertex 1.76777 1.76777 30
      vertex 1.76777 1.76777 -30
    endloop
  endfacet
  facet normal -0.773016 -0.634386 -5.23116e-20
    outer loop
      vertex 1.76777 1.76777 30
      vertex 2.07867 1.38893 -30
      vertex 2.07867 1.38893 30
    endloop
  endfacet
  facet normal 0.290276 -0.956943 0
    outer loop
      vertex -0.956708 2.3097 -30
      vertex -0.487725 2.45196 30
      vertex -0.956708 2.3097 30
    endloop
  endfacet
  facet normal 0.290276 -0.956943 0
    outer loop
      vertex -0.487725 2.45196 30
      vertex -0.956708 2.3097 -30
      vertex -0.487725 2.45196 -30
    endloop
  endfacet
  facet normal 0.881919 -0.471401 2.33898e-19
    outer loop
      vertex -2.3097 0.956708 30
      vertex -2.07867 1.38893 -30
      vertex -2.07867 1.38893 30
    endloop
  endfacet
  facet normal 0.881919 -0.471401 2.33898e-19
    outer loop
      vertex -2.07867 1.38893 -30
      vertex -2.3097 0.956708 30
      vertex -2.3097 0.956708 -30
    endloop
  endfacet
  facet normal -0.881919 -0.471401 -2.33898e-19
    outer loop
      vertex 2.3097 0.956708 -30
      vertex 2.07867 1.38893 30
      vertex 2.07867 1.38893 -30
    endloop
  endfacet
  facet normal -0.881919 -0.471401 -2.33898e-19
    outer loop
      vertex 2.07867 1.38893 30
      vertex 2.3097 0.956708 -30
      vertex 2.3097 0.956708 30
    endloop
  endfacet
  facet normal -0.471401 -0.881919 0
    outer loop
      vertex 0.956708 2.3097 -30
      vertex 1.38893 2.07867 30
      vertex 0.956708 2.3097 30
    endloop
  endfacet
  facet normal -0.471401 -0.881919 -0
    outer loop
      vertex 1.38893 2.07867 30
      vertex 0.956708 2.3097 -30
      vertex 1.38893 2.07867 -30
    endloop
  endfacet
  facet normal -0.0980238 -0.995184 0
    outer loop
      vertex 0 2.5 -30
      vertex 0.487725 2.45196 30
      vertex 0 2.5 30
    endloop
  endfacet
  facet normal -0.0980238 -0.995184 -0
    outer loop
      vertex 0.487725 2.45196 30
      vertex 0 2.5 -30
      vertex 0.487725 2.45196 -30
    endloop
  endfacet
  facet normal 0.995184 -0.0980238 3.3645e-20
    outer loop
      vertex -2.5 0 30
      vertex -2.45196 0.487725 -30
      vertex -2.45196 0.487725 30
    endloop
  endfacet
  facet normal 0.995184 -0.0980238 3.3645e-20
    outer loop
      vertex -2.45196 0.487725 -30
      vertex -2.5 0 30
      vertex -2.5 0 -30
    endloop
  endfacet
  facet normal 0.773016 -0.634386 5.23116e-20
    outer loop
      vertex -2.07867 1.38893 30
      vertex -1.76777 1.76777 -30
      vertex -1.76777 1.76777 30
    endloop
  endfacet
  facet normal 0.773016 -0.634386 5.23116e-20
    outer loop
      vertex -1.76777 1.76777 -30
      vertex -2.07867 1.38893 30
      vertex -2.07867 1.38893 -30
    endloop
  endfacet
  facet normal 0.471401 -0.881919 0
    outer loop
      vertex -1.38893 2.07867 -30
      vertex -0.956708 2.3097 30
      vertex -1.38893 2.07867 30
    endloop
  endfacet
  facet normal 0.471401 -0.881919 0
    outer loop
      vertex -0.956708 2.3097 30
      vertex -1.38893 2.07867 -30
      vertex -0.956708 2.3097 -30
    endloop
  endfacet
  facet normal 0.0980238 -0.995184 0
    outer loop
      vertex -0.487725 2.45196 -30
      vertex 0 2.5 30
      vertex -0.487725 2.45196 30
    endloop
  endfacet
  facet normal 0.0980238 -0.995184 0
    outer loop
      vertex 0 2.5 30
      vertex -0.487725 2.45196 -30
      vertex 0 2.5 -30
    endloop
  endfacet
  facet normal 0.634386 -0.773016 0
    outer loop
      vertex -1.76777 1.76777 -30
      vertex -1.38893 2.07867 30
      vertex -1.76777 1.76777 30
    endloop
  endfacet
  facet normal 0.634386 -0.773016 0
    outer loop
      vertex -1.38893 2.07867 30
      vertex -1.76777 1.76777 -30
      vertex -1.38893 2.07867 -30
    endloop
  endfacet
  facet normal -0.995184 -0.0980238 -3.3645e-20
    outer loop
      vertex 2.5 0 -30
      vertex 2.45196 0.487725 30
      vertex 2.45196 0.487725 -30
    endloop
  endfacet
  facet normal -0.995184 -0.0980238 -3.3645e-20
    outer loop
      vertex 2.45196 0.487725 30
      vertex 2.5 0 -30
      vertex 2.5 0 30
    endloop
  endfacet
  facet normal -0.0980238 0.995184 0
    outer loop
      vertex 0.487725 -2.45196 -30
      vertex 0 -2.5 30
      vertex 0.487725 -2.45196 30
    endloop
  endfacet
  facet normal -0.0980238 0.995184 0
    outer loop
      vertex 0 -2.5 30
      vertex 0.487725 -2.45196 -30
      vertex 0 -2.5 -30
    endloop
  endfacet
  facet normal -0.956943 0.290276 2.19845e-19
    outer loop
      vertex 2.3097 -0.956708 -30
      vertex 2.45196 -0.487725 30
      vertex 2.45196 -0.487725 -30
    endloop
  endfacet
  facet normal -0.956943 0.290276 2.19845e-19
    outer loop
      vertex 2.45196 -0.487725 30
      vertex 2.3097 -0.956708 -30
      vertex 2.3097 -0.956708 30
    endloop
  endfacet
  facet normal -0.290276 0.956943 0
    outer loop
      vertex 0.956708 -2.3097 -30
      vertex 0.487725 -2.45196 30
      vertex 0.956708 -2.3097 30
    endloop
  endfacet
  facet normal -0.290276 0.956943 0
    outer loop
      vertex 0.487725 -2.45196 30
      vertex 0.956708 -2.3097 -30
      vertex 0.487725 -2.45196 -30
    endloop
  endfacet
  facet normal -0.471401 0.881919 0
    outer loop
      vertex 1.38893 -2.07867 -30
      vertex 0.956708 -2.3097 30
      vertex 1.38893 -2.07867 30
    endloop
  endfacet
  facet normal -0.471401 0.881919 0
    outer loop
      vertex 0.956708 -2.3097 30
      vertex 1.38893 -2.07867 -30
      vertex 0.956708 -2.3097 -30
    endloop
  endfacet
  facet normal 0.0980238 0.995184 -0
    outer loop
      vertex 0 -2.5 -30
      vertex -0.487725 -2.45196 30
      vertex 0 -2.5 30
    endloop
  endfacet
  facet normal 0.0980238 0.995184 0
    outer loop
      vertex -0.487725 -2.45196 30
      vertex 0 -2.5 -30
      vertex -0.487725 -2.45196 -30
    endloop
  endfacet
  facet normal 0.634386 0.773016 -0
    outer loop
      vertex -1.38893 -2.07867 -30
      vertex -1.76777 -1.76777 30
      vertex -1.38893 -2.07867 30
    endloop
  endfacet
  facet normal 0.634386 0.773016 0
    outer loop
      vertex -1.76777 -1.76777 30
      vertex -1.38893 -2.07867 -30
      vertex -1.76777 -1.76777 -30
    endloop
  endfacet
  facet normal 0.881919 0.471401 -2.33898e-19
    outer loop
      vertex -2.07867 -1.38893 30
      vertex -2.3097 -0.956708 -30
      vertex -2.3097 -0.956708 30
    endloop
  endfacet
  facet normal 0.881919 0.471401 -2.33898e-19
    outer loop
      vertex -2.3097 -0.956708 -30
      vertex -2.07867 -1.38893 30
      vertex -2.07867 -1.38893 -30
    endloop
  endfacet
  facet normal 0.995184 0.0980238 -3.3645e-20
    outer loop
      vertex -2.45196 -0.487725 30
      vertex -2.5 0 -30
      vertex -2.5 0 30
    endloop
  endfacet
  facet normal 0.995184 0.0980238 -3.3645e-20
    outer loop
      vertex -2.5 0 -30
      vertex -2.45196 -0.487725 30
      vertex -2.45196 -0.487725 -30
    endloop
  endfacet
  facet normal -0.956943 -0.290276 -2.19845e-19
    outer loop
      vertex 2.45196 0.487725 -30
      vertex 2.3097 0.956708 30
      vertex 2.3097 0.956708 -30
    endloop
  endfacet
  facet normal -0.956943 -0.290276 -2.19845e-19
    outer loop
      vertex 2.3097 0.956708 30
      vertex 2.45196 0.487725 -30
      vertex 2.45196 0.487725 30
    endloop
  endfacet
  facet normal -0.290276 -0.956943 0
    outer loop
      vertex 0.487725 2.45196 -30
      vertex 0.956708 2.3097 30
      vertex 0.487725 2.45196 30
    endloop
  endfacet
  facet normal -0.290276 -0.956943 -0
    outer loop
      vertex 0.956708 2.3097 30
      vertex 0.487725 2.45196 -30
      vertex 0.956708 2.3097 -30
    endloop
  endfacet
  facet normal 0.956943 -0.290276 2.19845e-19
    outer loop
      vertex -2.45196 0.487725 30
      vertex -2.3097 0.956708 -30
      vertex -2.3097 0.956708 30
    endloop
  endfacet
  facet normal 0.956943 -0.290276 2.19845e-19
    outer loop
      vertex -2.3097 0.956708 -30
      vertex -2.45196 0.487725 30
      vertex -2.45196 0.487725 -30
    endloop
  endfacet
  facet normal -0.773016 0.634386 5.23116e-20
    outer loop
      vertex 1.76777 -1.76777 -30
      vertex 2.07867 -1.38893 30
      vertex 2.07867 -1.38893 -30
    endloop
  endfacet
  facet normal -0.773016 0.634386 5.23116e-20
    outer loop
      vertex 2.07867 -1.38893 30
      vertex 1.76777 -1.76777 -30
      vertex 1.76777 -1.76777 30
    endloop
  endfacet
  facet normal -0.881919 0.471401 2.33898e-19
    outer loop
      vertex 2.07867 -1.38893 -30
      vertex 2.3097 -0.956708 30
      vertex 2.3097 -0.956708 -30
    endloop
  endfacet
  facet normal -0.881919 0.471401 2.33898e-19
    outer loop
      vertex 2.3097 -0.956708 30
      vertex 2.07867 -1.38893 -30
      vertex 2.07867 -1.38893 30
    endloop
  endfacet
  facet normal -0.634386 0.773016 0
    outer loop
      vertex 1.76777 -1.76777 -30
      vertex 1.38893 -2.07867 30
      vertex 1.76777 -1.76777 30
    endloop
  endfacet
  facet normal -0.634386 0.773016 0
    outer loop
      vertex 1.38893 -2.07867 30
      vertex 1.76777 -1.76777 -30
      vertex 1.38893 -2.07867 -30
    endloop
  endfacet
  facet normal 0.471401 0.881919 -0
    outer loop
      vertex -0.956708 -2.3097 -30
      vertex -1.38893 -2.07867 30
      vertex -0.956708 -2.3097 30
    endloop
  endfacet
  facet normal 0.471401 0.881919 0
    outer loop
      vertex -1.38893 -2.07867 30
      vertex -0.956708 -2.3097 -30
      vertex -1.38893 -2.07867 -30
    endloop
  endfacet
  facet normal 0.956943 0.290276 -2.19845e-19
    outer loop
      vertex -2.3097 -0.956708 30
      vertex -2.45196 -0.487725 -30
      vertex -2.45196 -0.487725 30
    endloop
  endfacet
  facet normal 0.956943 0.290276 -2.19845e-19
    outer loop
      vertex -2.45196 -0.487725 -30
      vertex -2.3097 -0.956708 30
      vertex -2.3097 -0.956708 -30
    endloop
  endfacet
  facet normal 0.773016 0.634386 -5.23116e-20
    outer loop
      vertex -1.76777 -1.76777 30
      vertex -2.07867 -1.38893 -30
      vertex -2.07867 -1.38893 30
    endloop
  endfacet
  facet normal 0.773016 0.634386 -5.23116e-20
    outer loop
      vertex -2.07867 -1.38893 -30
      vertex -1.76777 -1.76777 30
      vertex -1.76777 -1.76777 -30
    endloop
  endfacet
endsolid OpenSCAD_Model
